[
    {
        "fields": {
            "name": "Factorisation"
        }, 
        "model": "core.chapter", 
        "pk": 5
    }, 
    {
        "fields": {
            "name": "factors of natural numbers"
        }, 
        "model": "core.questiontag", 
        "pk": 31
    }, 
    {
        "fields": {
            "name": "factors of algebraic expressions"
        }, 
        "model": "core.questiontag", 
        "pk": 32
    }, 
    {
        "fields": {
            "name": "factorisation by common factor"
        }, 
        "model": "core.questiontag", 
        "pk": 33
    }, 
    {
        "fields": {
            "name": "factorisation by regrouping"
        }, 
        "model": "core.questiontag", 
        "pk": 34
    }, 
    {
        "fields": {
            "name": "factorisation using identities"
        }, 
        "model": "core.questiontag", 
        "pk": 35
    }, 
    {
        "fields": {
            "name": "factorisation of polynomials"
        }, 
        "model": "core.questiontag", 
        "pk": 36
    }, 
    {
        "fields": {
            "name": "factorisation by completing the perfect square"
        }, 
        "model": "core.questiontag", 
        "pk": 37
    }, 
    {
        "fields": {
            "name": "dividing a monomial by a monomial"
        }, 
        "model": "core.questiontag", 
        "pk": 38
    }, 
    {
        "fields": {
            "name": "dividing a polynomial by a monomial"
        }, 
        "model": "core.questiontag", 
        "pk": 39
    }, 
    {
        "fields": {
            "name": "dividing two polynomials using factorisation"
        }, 
        "model": "core.questiontag", 
        "pk": 40
    }, 
    {
        "fields": {
            "name": "dividing two polynomials using long division"
        }, 
        "model": "core.questiontag", 
        "pk": 41
    }, 
    {
        "fields": {
            "name": "finding errors in algebraic equations"
        }, 
        "model": "core.questiontag", 
        "pk": 42
    }, 
    {
        "fields": {
            "chapter": 5, 
            "school": 1, 
            "tags": [
                1, 
                31
            ], 
            "standard": 1, 
            "subject": 1
        }, 
        "model": "core.question", 
        "pk": 100
    }, 
    {
        "fields": {
            "chapter": 5, 
            "school": 1, 
            "tags": [
                1, 
                31
            ], 
            "standard": 1, 
            "subject": 1
        }, 
        "model": "core.question", 
        "pk": 101
    }, 
    {
        "fields": {
            "chapter": 5, 
            "school": 1, 
            "tags": [
                1, 
                32
            ], 
            "standard": 1, 
            "subject": 1
        }, 
        "model": "core.question", 
        "pk": 102
    }, 
    {
        "fields": {
            "chapter": 5, 
            "school": 1, 
            "tags": [
                1, 
                32
            ], 
            "standard": 1, 
            "subject": 1
        }, 
        "model": "core.question", 
        "pk": 103
    }, 
    {
        "fields": {
            "chapter": 5, 
            "school": 1, 
            "tags": [
                1, 
                33
            ], 
            "standard": 1, 
            "subject": 1
        }, 
        "model": "core.question", 
        "pk": 104
    }, 
    {
        "fields": {
            "chapter": 5, 
            "school": 1, 
            "tags": [
                1, 
                34
            ], 
            "standard": 1, 
            "subject": 1
        }, 
        "model": "core.question", 
        "pk": 105
    }, 
    {
        "fields": {
            "chapter": 5, 
            "school": 1, 
            "tags": [
                6, 
                34
            ], 
            "standard": 1, 
            "subject": 1
        }, 
        "model": "core.question", 
        "pk": 106
    }, 
    {
        "fields": {
            "chapter": 5, 
            "school": 1, 
            "tags": [
                4, 
                34
            ], 
            "standard": 1, 
            "subject": 1
        }, 
        "model": "core.question", 
        "pk": 107
    }, 
    {
        "fields": {
            "chapter": 5, 
            "school": 1, 
            "tags": [
                1, 
                35
            ], 
            "standard": 1, 
            "subject": 1
        }, 
        "model": "core.question", 
        "pk": 108
    }, 
    {
        "fields": {
            "chapter": 5, 
            "school": 1, 
            "tags": [
                1, 
                6, 
                35
            ], 
            "standard": 1, 
            "subject": 1
        }, 
        "model": "core.question", 
        "pk": 109
    }, 
    {
        "fields": {
            "chapter": 5, 
            "school": 1, 
            "tags": [
                1, 
                36
            ], 
            "standard": 1, 
            "subject": 1
        }, 
        "model": "core.question", 
        "pk": 110
    }, 
    {
        "fields": {
            "chapter": 5, 
            "school": 1, 
            "tags": [
                1, 
                6, 
                36
            ], 
            "standard": 1, 
            "subject": 1
        }, 
        "model": "core.question", 
        "pk": 111
    }, 
    {
        "fields": {
            "chapter": 5, 
            "school": 1, 
            "tags": [
                1, 
                6, 
                37
            ], 
            "standard": 1, 
            "subject": 1
        }, 
        "model": "core.question", 
        "pk": 112
    }, 
    {
        "fields": {
            "chapter": 5, 
            "school": 1, 
            "tags": [
                1, 
                38
            ], 
            "standard": 1, 
            "subject": 1
        }, 
        "model": "core.question", 
        "pk": 113
    }, 
    {
        "fields": {
            "chapter": 5, 
            "school": 1, 
            "tags": [
                1, 
                39
            ], 
            "standard": 1, 
            "subject": 1
        }, 
        "model": "core.question", 
        "pk": 114
    }, 
    {
        "fields": {
            "chapter": 5, 
            "school": 1, 
            "tags": [
                1, 
                40
            ], 
            "standard": 1, 
            "subject": 1
        }, 
        "model": "core.question", 
        "pk": 115
    }, 
    {
        "fields": {
            "chapter": 5, 
            "school": 1, 
            "tags": [
                1, 
                41
            ], 
            "standard": 1, 
            "subject": 1
        }, 
        "model": "core.question", 
        "pk": 116
    }, 
    {
        "fields": {
            "chapter": 5, 
            "school": 1, 
            "tags": [
                1, 
                41
            ], 
            "standard": 1, 
            "subject": 1
        }, 
        "model": "core.question", 
        "pk": 117
    }, 
    {
        "fields": {
            "chapter": 5, 
            "school": 1, 
            "tags": [
                1, 
                42
            ], 
            "standard": 1, 
            "subject": 1
        }, 
        "model": "core.question", 
        "pk": 118
    }, 
    {
        "fields": {
            "index": 0,
            "question": 100, 
            "tags": []
        },
        "model": "core.questionsubpart", 
        "pk": 313
    }, 
    {
        "fields": {
            "index": 0,
            "question": 101, 
            "tags": []
        },
        "model": "core.questionsubpart", 
        "pk": 314
    }, 
    {
        "fields": {
            "index": 0,
            "question": 102, 
            "tags": []
        },
        "model": "core.questionsubpart", 
        "pk": 315
    }, 
    {
        "fields": {
            "index": 0,
            "question": 103, 
            "tags": []
        },
        "model": "core.questionsubpart", 
        "pk": 316
    }, 
    {
        "fields": {
            "index": 0,
            "question": 104, 
            "tags": []
        },
        "model": "core.questionsubpart", 
        "pk": 317
    }, 
    {
        "fields": {
            "index": 1,
            "question": 104, 
            "tags": []
        },
        "model": "core.questionsubpart", 
        "pk": 318
    }, 
    {
        "fields": {
            "index": 2,
            "question": 104, 
            "tags": []
        },
        "model": "core.questionsubpart", 
        "pk": 319
    }, 
    {
        "fields": {
            "index": 3,
            "question": 104, 
            "tags": []
        },
        "model": "core.questionsubpart", 
        "pk": 320
    }, 
    {
        "fields": {
            "index": 4,
            "question": 104, 
            "tags": []
        },
        "model": "core.questionsubpart", 
        "pk": 321
    }, 
    {
        "fields": {
            "index": 0,
            "question": 105, 
            "tags": []
        },
        "model": "core.questionsubpart", 
        "pk": 322
    }, 
    {
        "fields": {
            "index": 1,
            "question": 105, 
            "tags": []
        },
        "model": "core.questionsubpart", 
        "pk": 323
    }, 
    {
        "fields": {
            "index": 2,
            "question": 105, 
            "tags": []
        },
        "model": "core.questionsubpart", 
        "pk": 324
    }, 
    {
        "fields": {
            "index": 0,
            "question": 106, 
            "tags": []
        },
        "model": "core.questionsubpart", 
        "pk": 325
    }, 
    {
        "fields": {
            "index": 0,
            "question": 107, 
            "tags": []
        },
        "model": "core.questionsubpart", 
        "pk": 326
    }, 
    {
        "fields": {
            "index": 0,
            "question": 108, 
            "tags": []
        },
        "model": "core.questionsubpart", 
        "pk": 327
    }, 
    {
        "fields": {
            "index": 1,
            "question": 108, 
            "tags": []
        },
        "model": "core.questionsubpart", 
        "pk": 328
    }, 
    {
        "fields": {
            "index": 2,
            "question": 108, 
            "tags": []
        },
        "model": "core.questionsubpart", 
        "pk": 329
    }, 
    {
        "fields": {
            "index": 3,
            "question": 108, 
            "tags": []
        },
        "model": "core.questionsubpart", 
        "pk": 330
    }, 
    {
        "fields": {
            "index": 4,
            "question": 108, 
            "tags": []
        },
        "model": "core.questionsubpart", 
        "pk": 331
    }, 
    {
        "fields": {
            "index": 5,
            "question": 108, 
            "tags": []
        },
        "model": "core.questionsubpart", 
        "pk": 332
    }, 
    {
        "fields": {
            "index": 0,
            "question": 109, 
            "tags": []
        },
        "model": "core.questionsubpart", 
        "pk": 333
    }, 
    {
        "fields": {
            "index": 1,
            "question": 109, 
            "tags": []
        },
        "model": "core.questionsubpart", 
        "pk": 334
    }, 
    {
        "fields": {
            "index": 2,
            "question": 109, 
            "tags": []
        },
        "model": "core.questionsubpart", 
        "pk": 335
    }, 
    {
        "fields": {
            "index": 3,
            "question": 109, 
            "tags": []
        },
        "model": "core.questionsubpart", 
        "pk": 336
    }, 
    {
        "fields": {
            "index": 4,
            "question": 109, 
            "tags": []
        },
        "model": "core.questionsubpart", 
        "pk": 337
    }, 
    {
        "fields": {
            "index": 5,
            "question": 109, 
            "tags": []
        },
        "model": "core.questionsubpart", 
        "pk": 338
    }, 
    {
        "fields": {
            "index": 6,
            "question": 109, 
            "tags": []
        },
        "model": "core.questionsubpart", 
        "pk": 339
    }, 
    {
        "fields": {
            "index": 7,
            "question": 109, 
            "tags": []
        },
        "model": "core.questionsubpart", 
        "pk": 340
    }, 
    {
        "fields": {
            "index": 8,
            "question": 109, 
            "tags": []
        },
        "model": "core.questionsubpart", 
        "pk": 341
    }, 
    {
        "fields": {
            "index": 9,
            "question": 109, 
            "tags": []
        },
        "model": "core.questionsubpart", 
        "pk": 342
    }, 
    {
        "fields": {
            "index": 0,
            "question": 110, 
            "tags": []
        },
        "model": "core.questionsubpart", 
        "pk": 343
    }, 
    {
        "fields": {
            "index": 1,
            "question": 110, 
            "tags": []
        },
        "model": "core.questionsubpart", 
        "pk": 344
    }, 
    {
        "fields": {
            "index": 2,
            "question": 110, 
            "tags": []
        },
        "model": "core.questionsubpart", 
        "pk": 345
    }, 
    {
        "fields": {
            "index": 3,
            "question": 110, 
            "tags": []
        },
        "model": "core.questionsubpart", 
        "pk": 346
    }, 
    {
        "fields": {
            "index": 4,
            "question": 110, 
            "tags": []
        },
        "model": "core.questionsubpart", 
        "pk": 347
    }, 
    {
        "fields": {
            "index": 5,
            "question": 110, 
            "tags": []
        },
        "model": "core.questionsubpart", 
        "pk": 348
    }, 
    {
        "fields": {
            "index": 6,
            "question": 110, 
            "tags": []
        },
        "model": "core.questionsubpart", 
        "pk": 349
    }, 
    {
        "fields": {
            "index": 0,
            "question": 111, 
            "tags": []
        },
        "model": "core.questionsubpart", 
        "pk": 350
    }, 
    {
        "fields": {
            "index": 1,
            "question": 111, 
            "tags": []
        },
        "model": "core.questionsubpart", 
        "pk": 351
    }, 
    {
        "fields": {
            "index": 0,
            "question": 112, 
            "tags": []
        },
        "model": "core.questionsubpart", 
        "pk": 352
    }, 
    {
        "fields": {
            "index": 1,
            "question": 112, 
            "tags": []
        },
        "model": "core.questionsubpart", 
        "pk": 353
    }, 
    {
        "fields": {
            "index": 2,
            "question": 112, 
            "tags": []
        },
        "model": "core.questionsubpart", 
        "pk": 354
    }, 
    {
        "fields": {
            "index": 0,
            "question": 113, 
            "tags": []
        },
        "model": "core.questionsubpart", 
        "pk": 355
    }, 
    {
        "fields": {
            "index": 1,
            "question": 113, 
            "tags": []
        },
        "model": "core.questionsubpart", 
        "pk": 356
    }, 
    {
        "fields": {
            "index": 2,
            "question": 113, 
            "tags": []
        },
        "model": "core.questionsubpart", 
        "pk": 357
    }, 
    {
        "fields": {
            "index": 0,
            "question": 114, 
            "tags": []
        },
        "model": "core.questionsubpart", 
        "pk": 358
    }, 
    {
        "fields": {
            "index": 1,
            "question": 114, 
            "tags": []
        },
        "model": "core.questionsubpart", 
        "pk": 359
    }, 
    {
        "fields": {
            "index": 2,
            "question": 114, 
            "tags": []
        },
        "model": "core.questionsubpart", 
        "pk": 360
    }, 
    {
        "fields": {
            "index": 0,
            "question": 115, 
            "tags": []
        },
        "model": "core.questionsubpart", 
        "pk": 361
    }, 
    {
        "fields": {
            "index": 1,
            "question": 115, 
            "tags": []
        },
        "model": "core.questionsubpart", 
        "pk": 362
    }, 
    {
        "fields": {
            "index": 2,
            "question": 115, 
            "tags": []
        },
        "model": "core.questionsubpart", 
        "pk": 363
    }, 
    {
        "fields": {
            "index": 0,
            "question": 116, 
            "tags": []
        },
        "model": "core.questionsubpart", 
        "pk": 364
    }, 
    {
        "fields": {
            "index": 1,
            "question": 116, 
            "tags": []
        },
        "model": "core.questionsubpart", 
        "pk": 365
    }, 
    {
        "fields": {
            "index": 0,
            "question": 117, 
            "tags": []
        },
        "model": "core.questionsubpart", 
        "pk": 366
    }, 
    {
        "fields": {
            "index": 0,
            "question": 118, 
            "tags": []
        },
        "model": "core.questionsubpart", 
        "pk": 367
    }, 
    {
        "fields": {
            "index": 1,
            "question": 118, 
            "tags": []
        },
        "model": "core.questionsubpart", 
        "pk": 368
    }, 
    {
        "fields": {
            "index": 2,
            "question": 118, 
            "tags": []
        },
        "model": "core.questionsubpart", 
        "pk": 369
    }, 
    {
        "fields": {
            "index": 3,
            "question": 118, 
            "tags": []
        },
        "model": "core.questionsubpart", 
        "pk": 370
    }, 
    {
        "fields": {
            "index": 4,
            "question": 118, 
            "tags": []
        },
        "model": "core.questionsubpart", 
        "pk": 371
    }, 
    {
        "fields": {
            "index": 5,
            "question": 118, 
            "tags": []
        },
        "model": "core.questionsubpart", 
        "pk": 372
    }, 
    {
        "fields": {
            "chapter": 5, 
            "school": 1, 
            "description": "This assignment focuses on Factorisation. The concepts covered are Factors of Natural Numbers, Factors of Algebraic Expressions, Factorisation by Common Factor and Factorisation by Regrouping.", 
            "number": 1, 
            "standard": 1, 
            "questions": [
                100, 
                101, 
                102, 
                103, 
                104, 
                105, 
                106, 
                107
            ], 
            "subject": 1
        }, 
        "model": "core.assignmentquestionslist", 
        "pk": 13
    }, 
    {
        "fields": {
            "chapter": 5, 
            "school": 1, 
            "description": "This assignment focuses on Factorisation. The concepts covered are Factorisation using Identities, Factorisation of the form \\(ax^2+bx+c\\) and Factorisation by completing the Perfect Square.", 
            "number": 2, 
            "standard": 1, 
            "questions": [
                108, 
                109, 
                110, 
                111, 
                112
            ], 
            "subject": 1
        }, 
        "model": "core.assignmentquestionslist", 
        "pk": 14
    }, 
    {
        "fields": {
            "chapter": 5, 
            "school": 1, 
            "description": "This assignment focuses on Factorisation. The concepts covered are Division of Polynomials using Factorisation and Finding the Error in Algebraic Expressions.", 
            "number": 3, 
            "standard": 1, 
            "questions": [
                113, 
                114, 
                115, 
                118
            ], 
            "subject": 1
        }, 
        "model": "core.assignmentquestionslist", 
        "pk": 15
    }
]