[
    {
        "fields": {
            "name": "Introduction to Graphs"
        }, 
        "model": "core.chapter", 
        "pk": 6
    }, 
    {
        "fields": {
            "name": "line graphs"
        }, 
        "model": "core.questiontag", 
        "pk": 43
    }, 
    {
        "fields": {
            "name": "co-ordinates"
        }, 
        "model": "core.questiontag", 
        "pk": 44
    }, 
    {
        "fields": {
            "name": "location of a point"
        }, 
        "model": "core.questiontag", 
        "pk": 45
    }, 
    {
        "fields": {
            "name": "dependent and independent variables"
        }, 
        "model": "core.questiontag", 
        "pk": 46
    }, 
    {
        "fields": {
            "chapter": 6, 
            "school": 1, 
            "tags": [
                4, 
                43
            ], 
            "standard": 1, 
            "subject": 1
        }, 
        "model": "core.question", 
        "pk": 119
    }, 
    {
        "fields": {
            "chapter": 6, 
            "school": 1, 
            "tags": [
                4, 
                43
            ], 
            "standard": 1, 
            "subject": 1
        }, 
        "model": "core.question", 
        "pk": 120
    }, 
    {
        "fields": {
            "chapter": 6, 
            "school": 1, 
            "tags": [
                4, 
                6, 
                43
            ], 
            "standard": 1, 
            "subject": 1
        }, 
        "model": "core.question", 
        "pk": 121
    }, 
    {
        "fields": {
            "chapter": 6, 
            "school": 1, 
            "tags": [
                1, 
                44, 
                45
            ], 
            "standard": 1, 
            "subject": 1
        }, 
        "model": "core.question", 
        "pk": 122
    }, 
    {
        "fields": {
            "chapter": 6, 
            "school": 1, 
            "tags": [
                4, 
                46
            ], 
            "standard": 1, 
            "subject": 1
        }, 
        "model": "core.question", 
        "pk": 123
    }, 
    {
        "fields": {
            "chapter": 6, 
            "school": 1, 
            "tags": [
                4, 
                6, 
                46
            ], 
            "standard": 1, 
            "subject": 1
        }, 
        "model": "core.question", 
        "pk": 124
    }, 
    {
        "fields": {
            "index": 0,
            "question": 119,
            "tags": []
        },
        "model": "core.questionsubpart",
        "pk": 373
    },
    {
        "fields": {
            "index": 1,
            "question": 119,
            "tags": []
        },
        "model": "core.questionsubpart",
        "pk": 374
    },
    {
        "fields": {
            "index": 2,
            "question": 119,
            "tags": []
        },
        "model": "core.questionsubpart",
        "pk": 375
    },
    {
        "fields": {
            "index": 3,
            "question": 119,
            "tags": []
        },
        "model": "core.questionsubpart",
        "pk": 376
    },
    {
        "fields": {
            "index": 4,
            "question": 119,
            "tags": []
        },
        "model": "core.questionsubpart",
        "pk": 377
    },
    {
        "fields": {
            "index": 0,
            "question": 120,
            "tags": []
        },
        "model": "core.questionsubpart",
        "pk": 378
    },
    {
        "fields": {
            "index": 1,
            "question": 120,
            "tags": []
        },
        "model": "core.questionsubpart",
        "pk": 379
    },
    {
        "fields": {
            "index": 2,
            "question": 120,
            "tags": []
        },
        "model": "core.questionsubpart",
        "pk": 380
    },
    {
        "fields": {
            "index": 3,
            "question": 120,
            "tags": []
        },
        "model": "core.questionsubpart",
        "pk": 381
    },
    {
        "fields": {
            "index": 4,
            "question": 120,
            "tags": []
        },
        "model": "core.questionsubpart",
        "pk": 382
    },
    {
        "fields": {
            "index": 0,
            "question": 121,
            "tags": []
        },
        "model": "core.questionsubpart",
        "pk": 383
    },
    {
        "fields": {
            "index": 1,
            "question": 121,
            "tags": []
        },
        "model": "core.questionsubpart",
        "pk": 384
    },
    {
        "fields": {
            "index": 2,
            "question": 121,
            "tags": []
        },
        "model": "core.questionsubpart",
        "pk": 385
    },
    {
        "fields": {
            "index": 3,
            "question": 121,
            "tags": []
        },
        "model": "core.questionsubpart",
        "pk": 386
    },
    {
        "fields": {
            "index": 4,
            "question": 121,
            "tags": []
        },
        "model": "core.questionsubpart",
        "pk": 387
    },
    {
        "fields": {
            "index": 5,
            "question": 121,
            "tags": []
        },
        "model": "core.questionsubpart",
        "pk": 388
    },
    {
        "fields": {
            "index": 0,
            "question": 122,
            "tags": []
        },
        "model": "core.questionsubpart",
        "pk": 389
    },
    {
        "fields": {
            "index": 1,
            "question": 122,
            "tags": []
        },
        "model": "core.questionsubpart",
        "pk": 390
    },
    {
        "fields": {
            "index": 2,
            "question": 122,
            "tags": []
        },
        "model": "core.questionsubpart",
        "pk": 391
    },
    {
        "fields": {
            "index": 3,
            "question": 122,
            "tags": []
        },
        "model": "core.questionsubpart",
        "pk": 392
    },
    {
        "fields": {
            "index": 4,
            "question": 122,
            "tags": []
        },
        "model": "core.questionsubpart",
        "pk": 393
    },
    {
        "fields": {
            "index": 5,
            "question": 122,
            "tags": []
        },
        "model": "core.questionsubpart",
        "pk": 394
    },
    {
        "fields": {
            "index": 6,
            "question": 122,
            "tags": []
        },
        "model": "core.questionsubpart",
        "pk": 395
    },
    {
        "fields": {
            "index": 0,
            "question": 123,
            "tags": []
        },
        "model": "core.questionsubpart",
        "pk": 396
    },
    {
        "fields": {
            "index": 1,
            "question": 123,
            "tags": []
        },
        "model": "core.questionsubpart",
        "pk": 397
    },
    {
        "fields": {
            "index": 2,
            "question": 123,
            "tags": []
        },
        "model": "core.questionsubpart",
        "pk": 398
    },
    {
        "fields": {
            "index": 3,
            "question": 123,
            "tags": []
        },
        "model": "core.questionsubpart",
        "pk": 399
    },
    {
        "fields": {
            "index": 0,
            "question": 124,
            "tags": []
        },
        "model": "core.questionsubpart",
        "pk": 400
    },
    {
        "fields": {
            "index": 1,
            "question": 124,
            "tags": []
        },
        "model": "core.questionsubpart",
        "pk": 401
    },
    {
        "fields": {
            "chapter": 6, 
            "school": 1, 
            "description": "This assignment focuses on Introduction to Graphs. The concept covered is Line Graphs and how to read the graph to obtain specific data.", 
            "number": 1, 
            "standard": 1, 
            "questions": [
                119, 
                120, 
                121
            ], 
            "subject": 1
        }, 
        "model": "core.assignmentquestionslist", 
        "pk": 16
    }, 
    {
        "fields": {
            "chapter": 6, 
            "school": 1, 
            "description": "This assignment focuses on Introduction to Graphs. The concepts covered are Linear Graphs, Location of points based on their co-ordinates and Application of linear graphs for dependent and independent variable problems.", 
            "number": 2, 
            "standard": 1, 
            "questions": [
                122, 
                123, 
                124
            ], 
            "subject": 1
        }, 
        "model": "core.assignmentquestionslist", 
        "pk": 17
    }
]