[
    {
        "fields": {
            "name": "Direct and Inverse Proportions"
        }, 
        "model": "core.chapter", 
        "pk": 7
    }, 
    {
        "fields": {
            "name": "direct proportions"
        }, 
        "model": "core.questiontag", 
        "pk": 47
    }, 
    {
        "fields": {
            "name": "interpreting tabular data as direct proportions"
        }, 
        "model": "core.questiontag", 
        "pk": 48
    }, 
    {
        "fields": {
            "name": "word problems on direct proportions"
        }, 
        "model": "core.questiontag", 
        "pk": 49
    }, 
    {
        "fields": {
            "name": "inverse proportions"
        }, 
        "model": "core.questiontag", 
        "pk": 50
    }, 
    {
        "fields": {
            "name": "interpreting tabular data as inverse proportions"
        }, 
        "model": "core.questiontag", 
        "pk": 51
    }, 
    {
        "fields": {
            "name": "word problems on inverse proportions"
        }, 
        "model": "core.questiontag", 
        "pk": 52
    }, 
    {
        "fields": {
            "chapter": 7, 
            "school": 1, 
            "tags": [
                1, 
                47
            ], 
            "standard": 1, 
            "subject": 1
        }, 
        "model": "core.question", 
        "pk": 125
    }, 
    {
        "fields": {
            "chapter": 7, 
            "school": 1, 
            "tags": [
                1, 
                6, 
                47
            ], 
            "standard": 1, 
            "subject": 1
        }, 
        "model": "core.question", 
        "pk": 126
    }, 
    {
        "fields": {
            "chapter": 7, 
            "school": 1, 
            "tags": [
                4, 
                47
            ], 
            "standard": 1, 
            "subject": 1
        }, 
        "model": "core.question", 
        "pk": 127
    }, 
    {
        "fields": {
            "chapter": 7, 
            "school": 1, 
            "tags": [
                1, 
                48
            ], 
            "standard": 1, 
            "subject": 1
        }, 
        "model": "core.question", 
        "pk": 128
    }, 
    {
        "fields": {
            "chapter": 7, 
            "school": 1, 
            "tags": [
                1, 
                47
            ], 
            "standard": 1, 
            "subject": 1
        }, 
        "model": "core.question", 
        "pk": 129
    }, 
    {
        "fields": {
            "chapter": 7, 
            "school": 1, 
            "tags": [
                4, 
                49
            ], 
            "standard": 1, 
            "subject": 1
        }, 
        "model": "core.question", 
        "pk": 130
    }, 
    {
        "fields": {
            "chapter": 7, 
            "school": 1, 
            "tags": [
                1, 
                49
            ], 
            "standard": 1, 
            "subject": 1
        }, 
        "model": "core.question", 
        "pk": 131
    }, 
    {
        "fields": {
            "chapter": 7, 
            "school": 1, 
            "tags": [
                6, 
                48
            ], 
            "standard": 1, 
            "subject": 1
        }, 
        "model": "core.question", 
        "pk": 132
    }, 
    {
        "fields": {
            "chapter": 7, 
            "school": 1, 
            "tags": [
                1, 
                50
            ], 
            "standard": 1, 
            "subject": 1
        }, 
        "model": "core.question", 
        "pk": 133
    }, 
    {
        "fields": {
            "chapter": 7, 
            "school": 1, 
            "tags": [
                1, 
                51
            ], 
            "standard": 1, 
            "subject": 1
        }, 
        "model": "core.question", 
        "pk": 134
    }, 
    {
        "fields": {
            "chapter": 7, 
            "school": 1, 
            "tags": [
                4, 
                52
            ], 
            "standard": 1, 
            "subject": 1
        }, 
        "model": "core.question", 
        "pk": 135
    }, 
    {
        "fields": {
            "chapter": 7, 
            "school": 1, 
            "tags": [
                6, 
                51
            ], 
            "standard": 1, 
            "subject": 1
        }, 
        "model": "core.question", 
        "pk": 136
    }, 
    {
        "fields": {
            "chapter": 7, 
            "school": 1, 
            "tags": [
                4, 
                52
            ], 
            "standard": 1, 
            "subject": 1
        }, 
        "model": "core.question", 
        "pk": 137
    }, 
    {
        "fields": {
            "chapter": 7, 
            "school": 1, 
            "tags": [
                6, 
                51
            ], 
            "standard": 1, 
            "subject": 1
        }, 
        "model": "core.question", 
        "pk": 138
    }, 
    {
        "fields": {
            "chapter": 7, 
            "school": 1, 
            "tags": [
                1, 
                51
            ], 
            "standard": 1, 
            "subject": 1
        }, 
        "model": "core.question", 
        "pk": 139
    }, 
    {
        "fields": {
            "chapter": 7, 
            "school": 1, 
            "tags": [
                1, 
                52
            ], 
            "standard": 1, 
            "subject": 1
        }, 
        "model": "core.question", 
        "pk": 140
    }, 
    {
        "fields": {
            "index": 0,
            "question": 125,
            "tags": []
        },
        "model": "core.questionsubpart",
        "pk": 402
    },
    {
        "fields": {
            "index": 1,
            "question": 125,
            "tags": []
        },
        "model": "core.questionsubpart",
        "pk": 403
    },
    {
        "fields": {
            "index": 2,
            "question": 125,
            "tags": []
        },
        "model": "core.questionsubpart",
        "pk": 404
    },
    {
        "fields": {
            "index": 3,
            "question": 125,
            "tags": []
        },
        "model": "core.questionsubpart",
        "pk": 405
    },
    {
        "fields": {
            "index": 0,
            "question": 126,
            "tags": []
        },
        "model": "core.questionsubpart",
        "pk": 406
    },
    {
        "fields": {
            "index": 1,
            "question": 126,
            "tags": []
        },
        "model": "core.questionsubpart",
        "pk": 407
    },
    {
        "fields": {
            "index": 2,
            "question": 126,
            "tags": []
        },
        "model": "core.questionsubpart",
        "pk": 408
    },
    {
        "fields": {
            "index": 0,
            "question": 127,
            "tags": []
        },
        "model": "core.questionsubpart",
        "pk": 409
    },
    {
        "fields": {
            "index": 0,
            "question": 128,
            "tags": []
        },
        "model": "core.questionsubpart",
        "pk": 410
    },
    {
        "fields": {
            "index": 1,
            "question": 128,
            "tags": []
        },
        "model": "core.questionsubpart",
        "pk": 411
    },
    {
        "fields": {
            "index": 2,
            "question": 128,
            "tags": []
        },
        "model": "core.questionsubpart",
        "pk": 412
    },
    {
        "fields": {
            "index": 0,
            "question": 129,
            "tags": []
        },
        "model": "core.questionsubpart",
        "pk": 413
    },
    {
        "fields": {
            "index": 0,
            "question": 130,
            "tags": []
        },
        "model": "core.questionsubpart",
        "pk": 414
    },
    {
        "fields": {
            "index": 0,
            "question": 131,
            "tags": []
        },
        "model": "core.questionsubpart",
        "pk": 415
    },
    {
        "fields": {
            "index": 0,
            "question": 132,
            "tags": []
        },
        "model": "core.questionsubpart",
        "pk": 416
    },
    {
        "fields": {
            "index": 1,
            "question": 132,
            "tags": []
        },
        "model": "core.questionsubpart",
        "pk": 417
    },
    {
        "fields": {
            "index": 2,
            "question": 132,
            "tags": []
        },
        "model": "core.questionsubpart",
        "pk": 418
    },
    {
        "fields": {
            "index": 0,
            "question": 133,
            "tags": []
        },
        "model": "core.questionsubpart",
        "pk": 419
    },
    {
        "fields": {
            "index": 1,
            "question": 133,
            "tags": []
        },
        "model": "core.questionsubpart",
        "pk": 420
    },
    {
        "fields": {
            "index": 2,
            "question": 133,
            "tags": []
        },
        "model": "core.questionsubpart",
        "pk": 421
    },
    {
        "fields": {
            "index": 3,
            "question": 133,
            "tags": []
        },
        "model": "core.questionsubpart",
        "pk": 422
    },
    {
        "fields": {
            "index": 0,
            "question": 134,
            "tags": []
        },
        "model": "core.questionsubpart",
        "pk": 423
    },
    {
        "fields": {
            "index": 1,
            "question": 134,
            "tags": []
        },
        "model": "core.questionsubpart",
        "pk": 424
    },
    {
        "fields": {
            "index": 2,
            "question": 134,
            "tags": []
        },
        "model": "core.questionsubpart",
        "pk": 425
    },
    {
        "fields": {
            "index": 0,
            "question": 135,
            "tags": []
        },
        "model": "core.questionsubpart",
        "pk": 426
    },
    {
        "fields": {
            "index": 0,
            "question": 136,
            "tags": []
        },
        "model": "core.questionsubpart",
        "pk": 427
    },
    {
        "fields": {
            "index": 1,
            "question": 136,
            "tags": []
        },
        "model": "core.questionsubpart",
        "pk": 428
    },
    {
        "fields": {
            "index": 2,
            "question": 136,
            "tags": []
        },
        "model": "core.questionsubpart",
        "pk": 429
    },
    {
        "fields": {
            "index": 0,
            "question": 137,
            "tags": []
        },
        "model": "core.questionsubpart",
        "pk": 430
    },
    {
        "fields": {
            "index": 0,
            "question": 138,
            "tags": []
        },
        "model": "core.questionsubpart",
        "pk": 431
    },
    {
        "fields": {
            "index": 1,
            "question": 138,
            "tags": []
        },
        "model": "core.questionsubpart",
        "pk": 432
    },
    {
        "fields": {
            "index": 2,
            "question": 138,
            "tags": []
        },
        "model": "core.questionsubpart",
        "pk": 433
    },
    {
        "fields": {
            "index": 0,
            "question": 139,
            "tags": []
        },
        "model": "core.questionsubpart",
        "pk": 434
    },
    {
        "fields": {
            "index": 1,
            "question": 139,
            "tags": []
        },
        "model": "core.questionsubpart",
        "pk": 435
    },
    {
        "fields": {
            "index": 2,
            "question": 139,
            "tags": []
        },
        "model": "core.questionsubpart",
        "pk": 436
    },
    {
        "fields": {
            "index": 0,
            "question": 140,
            "tags": []
        },
        "model": "core.questionsubpart",
        "pk": 437
    },
    {
        "fields": {
            "chapter": 7, 
            "school": 1, 
            "description": "The concepts covered in this assignment are: Direct Proportions, Word Problems on Direct Proportions, Interpreting tabular data with Direct Proportions.", 
            "number": 1, 
            "standard": 1, 
            "questions": [
                125, 
                126, 
                127, 
                128, 
                129, 
                130, 
                131, 
                132
            ], 
            "subject": 1
        }, 
        "model": "core.assignmentquestionslist", 
        "pk": 18
    }, 
    {
        "fields": {
            "chapter": 7, 
            "school": 1, 
            "description": "The concepts covered in this assignment are: Inverse Proportions, Word Problems on Inverse Proportions, Interpreting tabular data with Inverse Proportions.", 
            "number": 2, 
            "standard": 1, 
            "questions": [
                133, 
                134, 
                135, 
                136, 
                137, 
                138, 
                139, 
                140
            ], 
            "subject": 1
        }, 
        "model": "core.assignmentquestionslist", 
        "pk": 19
    }
]