[
    {
        "fields": {
            "name": "Algebraic Expressions"
        }, 
        "model": "core.chapter", 
        "pk": 1
    }, 
    {
        "fields": {
            "name": "Mensuration"
        }, 
        "model": "core.chapter", 
        "pk": 2
    }, 
    {
        "fields": {
            "name": "conceptual"
        }, 
        "model": "core.questiontag", 
        "pk": 1
    }, 
    {
        "fields": {
            "name": "identifying algebraic expressions"
        }, 
        "model": "core.questiontag", 
        "pk": 2
    }, 
    {
        "fields": {
            "name": "adding algebraic expressions"
        }, 
        "model": "core.questiontag", 
        "pk": 3
    }, 
    {
        "fields": {
            "name": "application"
        }, 
        "model": "core.questiontag", 
        "pk": 4
    }, 
    {
        "fields": {
            "name": "creating algebraic expressions"
        }, 
        "model": "core.questiontag", 
        "pk": 5
    }, 
    {
        "fields": {
            "name": "critical thinking"
        }, 
        "model": "core.questiontag", 
        "pk": 6
    }, 
    {
        "fields": {
            "name": "algebraic identities"
        }, 
        "model": "core.questiontag", 
        "pk": 7
    }, 
    {
        "fields": {
            "name": "multiplying algebraic expressions"
        }, 
        "model": "core.questiontag", 
        "pk": 8
    }, 
    {
        "fields": {
            "name": "algebraic substitution"
        }, 
        "model": "core.questiontag", 
        "pk": 9
    }, 
    {
        "fields": {
            "name": "dividing algebraic expressions"
        }, 
        "model": "core.questiontag", 
        "pk": 10
    }, 
    {
        "fields": {
            "name": "area of 2d shapes"
        }, 
        "model": "core.questiontag", 
        "pk": 11
    }, 
    {
        "fields": {
            "name": "surface area"
        }, 
        "model": "core.questiontag", 
        "pk": 12
    }, 
    {
        "fields": {
            "name": "volume"
        }, 
        "model": "core.questiontag", 
        "pk": 13
    }, 
    {
        "fields": {
            "chapter": 1, 
            "school": 1, 
            "tags": [
                1, 
                2
            ], 
            "standard": 1, 
            "subject": 1
        }, 
        "model": "core.question", 
        "pk": 1
    }, 
    {
        "fields": {
            "chapter": 1, 
            "school": 1, 
            "tags": [
                1, 
                2
            ], 
            "standard": 1, 
            "subject": 1
        }, 
        "model": "core.question", 
        "pk": 2
    }, 
    {
        "fields": {
            "chapter": 1, 
            "school": 1, 
            "tags": [
                1, 
                3
            ], 
            "standard": 1, 
            "subject": 1
        }, 
        "model": "core.question", 
        "pk": 3
    }, 
    {
        "fields": {
            "chapter": 1, 
            "school": 1, 
            "tags": [
                4, 
                5
            ], 
            "standard": 1, 
            "subject": 1
        }, 
        "model": "core.question", 
        "pk": 4
    }, 
    {
        "fields": {
            "chapter": 1, 
            "school": 1, 
            "tags": [
                4, 
                5
            ], 
            "standard": 1, 
            "subject": 1
        }, 
        "model": "core.question", 
        "pk": 5
    }, 
    {
        "fields": {
            "chapter": 1, 
            "school": 1, 
            "tags": [
                1, 
                5, 
                6
            ], 
            "standard": 1, 
            "subject": 1
        }, 
        "model": "core.question", 
        "pk": 6
    }, 
    {
        "fields": {
            "chapter": 1, 
            "school": 1, 
            "tags": [
                1, 
                7
            ], 
            "standard": 1, 
            "subject": 1
        }, 
        "model": "core.question", 
        "pk": 7
    }, 
    {
        "fields": {
            "chapter": 1, 
            "school": 1, 
            "tags": [
                1, 
                8
            ], 
            "standard": 1, 
            "subject": 1
        }, 
        "model": "core.question", 
        "pk": 8
    }, 
    {
        "fields": {
            "chapter": 1, 
            "school": 1, 
            "tags": [
                1, 
                8
            ], 
            "standard": 1, 
            "subject": 1
        }, 
        "model": "core.question", 
        "pk": 9
    }, 
    {
        "fields": {
            "chapter": 1, 
            "school": 1, 
            "tags": [
                1, 
                9
            ], 
            "standard": 1, 
            "subject": 1
        }, 
        "model": "core.question", 
        "pk": 10
    }, 
    {
        "fields": {
            "chapter": 1, 
            "school": 1, 
            "tags": [
                4, 
                7
            ], 
            "standard": 1, 
            "subject": 1
        }, 
        "model": "core.question", 
        "pk": 11
    }, 
    {
        "fields": {
            "chapter": 1, 
            "school": 1, 
            "tags": [
                1, 
                6, 
                7
            ], 
            "standard": 1, 
            "subject": 1
        }, 
        "model": "core.question", 
        "pk": 12
    }, 
    {
        "fields": {
            "chapter": 1, 
            "school": 1, 
            "tags": [
                1, 
                6, 
                7
            ], 
            "standard": 1, 
            "subject": 1
        }, 
        "model": "core.question", 
        "pk": 13
    }, 
    {
        "fields": {
            "chapter": 1, 
            "school": 1, 
            "tags": [
                1, 
                6, 
                7
            ], 
            "standard": 1, 
            "subject": 1
        }, 
        "model": "core.question", 
        "pk": 14
    }, 
    {
        "fields": {
            "chapter": 1, 
            "school": 1, 
            "tags": [
                1, 
                10
            ], 
            "standard": 1, 
            "subject": 1
        }, 
        "model": "core.question", 
        "pk": 15
    }, 
    {
        "fields": {
            "chapter": 1, 
            "school": 1, 
            "tags": [
                4, 
                7, 
                10
            ], 
            "standard": 1, 
            "subject": 1
        }, 
        "model": "core.question", 
        "pk": 16
    }, 
    {
        "fields": {
            "chapter": 2, 
            "school": 1, 
            "tags": [
                1, 
                11
            ], 
            "standard": 1, 
            "subject": 1
        }, 
        "model": "core.question", 
        "pk": 17
    }, 
    {
        "fields": {
            "chapter": 2, 
            "school": 1, 
            "tags": [
                4, 
                11
            ], 
            "standard": 1, 
            "subject": 1
        }, 
        "model": "core.question", 
        "pk": 18
    }, 
    {
        "fields": {
            "chapter": 2, 
            "school": 1, 
            "tags": [
                4, 
                6, 
                11
            ], 
            "standard": 1, 
            "subject": 1
        }, 
        "model": "core.question", 
        "pk": 19
    }, 
    {
        "fields": {
            "chapter": 2, 
            "school": 1, 
            "tags": [
                4, 
                11
            ], 
            "standard": 1, 
            "subject": 1
        }, 
        "model": "core.question", 
        "pk": 20
    }, 
    {
        "fields": {
            "chapter": 2, 
            "school": 1, 
            "tags": [
                1, 
                12
            ], 
            "standard": 1, 
            "subject": 1
        }, 
        "model": "core.question", 
        "pk": 21
    }, 
    {
        "fields": {
            "chapter": 2, 
            "school": 1, 
            "tags": [
                4, 
                12
            ], 
            "standard": 1, 
            "subject": 1
        }, 
        "model": "core.question", 
        "pk": 22
    }, 
    {
        "fields": {
            "chapter": 2, 
            "school": 1, 
            "tags": [
                4, 
                12
            ], 
            "standard": 1, 
            "subject": 1
        }, 
        "model": "core.question", 
        "pk": 23
    }, 
    {
        "fields": {
            "chapter": 2, 
            "school": 1, 
            "tags": [
                1, 
                12
            ], 
            "standard": 1, 
            "subject": 1
        }, 
        "model": "core.question", 
        "pk": 24
    }, 
    {
        "fields": {
            "chapter": 2, 
            "school": 1, 
            "tags": [
                4, 
                6, 
                12
            ], 
            "standard": 1, 
            "subject": 1
        }, 
        "model": "core.question", 
        "pk": 25
    }, 
    {
        "fields": {
            "chapter": 2, 
            "school": 1, 
            "tags": [
                1, 
                6, 
                12
            ], 
            "standard": 1, 
            "subject": 1
        }, 
        "model": "core.question", 
        "pk": 26
    }, 
    {
        "fields": {
            "chapter": 2, 
            "school": 1, 
            "tags": [
                4, 
                12
            ], 
            "standard": 1, 
            "subject": 1
        }, 
        "model": "core.question", 
        "pk": 27
    }, 
    {
        "fields": {
            "chapter": 2, 
            "school": 1, 
            "tags": [
                1, 
                13
            ], 
            "standard": 1, 
            "subject": 1
        }, 
        "model": "core.question", 
        "pk": 28
    }, 
    {
        "fields": {
            "chapter": 2, 
            "school": 1, 
            "tags": [
                4, 
                13
            ], 
            "standard": 1, 
            "subject": 1
        }, 
        "model": "core.question", 
        "pk": 29
    }, 
    {
        "fields": {
            "chapter": 2, 
            "school": 1, 
            "tags": [
                4, 
                13
            ], 
            "standard": 1, 
            "subject": 1
        }, 
        "model": "core.question", 
        "pk": 30
    }, 
    {
        "fields": {
            "chapter": 2, 
            "school": 1, 
            "tags": [
                4, 
                13
            ], 
            "standard": 1, 
            "subject": 1
        }, 
        "model": "core.question", 
        "pk": 31
    }, 
    {
        "fields": {
            "chapter": 2, 
            "school": 1, 
            "tags": [
                1, 
                13
            ], 
            "standard": 1, 
            "subject": 1
        }, 
        "model": "core.question", 
        "pk": 32
    }, 
    {
        "fields": {
            "chapter": 2, 
            "school": 1, 
            "tags": [
                1, 
                13
            ], 
            "standard": 1, 
            "subject": 1
        }, 
        "model": "core.question", 
        "pk": 33
    }, 
    {
        "fields": {
            "chapter": 2, 
            "school": 1, 
            "tags": [
                1, 
                13
            ], 
            "standard": 1, 
            "subject": 1
        }, 
        "model": "core.question", 
        "pk": 34
    }, 
    {
        "fields": {
            "chapter": 2, 
            "school": 1, 
            "tags": [
                4, 
                13
            ], 
            "standard": 1, 
            "subject": 1
        }, 
        "model": "core.question", 
        "pk": 35
    }, 
    {
        "fields": {
            "chapter": 2, 
            "school": 1, 
            "tags": [
                4, 
                13
            ], 
            "standard": 1, 
            "subject": 1
        }, 
        "model": "core.question", 
        "pk": 36
    }, 
    {
        "fields": {
            "chapter": 2, 
            "school": 1, 
            "tags": [
                1, 
                13
            ], 
            "standard": 1, 
            "subject": 1
        }, 
        "model": "core.question", 
        "pk": 37
    }, 
    {
        "fields": {
            "chapter": 2, 
            "school": 1, 
            "tags": [
                4, 
                6, 
                12
            ], 
            "standard": 1, 
            "subject": 1
        }, 
        "model": "core.question", 
        "pk": 38
    }, 
    {
        "fields": {
            "chapter": 2, 
            "school": 1, 
            "tags": [
                4, 
                6, 
                13
            ], 
            "standard": 1, 
            "subject": 1
        }, 
        "model": "core.question", 
        "pk": 39
    }, 
    {
        "fields": {
            "chapter": 2, 
            "school": 1, 
            "tags": [
                4, 
                13
            ], 
            "standard": 1, 
            "subject": 1
        }, 
        "model": "core.question", 
        "pk": 40
    }, 
    {
        "fields": {
            "chapter": 2, 
            "school": 1, 
            "tags": [
                4, 
                6, 
                13
            ], 
            "standard": 1, 
            "subject": 1
        }, 
        "model": "core.question", 
        "pk": 41
    }, 
    {
        "fields": {
            "chapter": 2, 
            "school": 1, 
            "tags": [
                4, 
                6, 
                13
            ], 
            "standard": 1, 
            "subject": 1
        }, 
        "model": "core.question", 
        "pk": 42
    }, 
    {
        "fields": {
            "chapter": 2, 
            "school": 1, 
            "tags": [
                1, 
                6, 
                12, 
                13
            ], 
            "standard": 1, 
            "subject": 1
        }, 
        "model": "core.question", 
        "pk": 43
    }, 
    {
        "fields": {
            "chapter": 2, 
            "school": 1, 
            "tags": [
                4, 
                13
            ], 
            "standard": 1, 
            "subject": 1
        }, 
        "model": "core.question", 
        "pk": 44
    }, 
    {
        "fields": {
            "chapter": 2, 
            "school": 1, 
            "tags": [
                4, 
                6, 
                11, 
                13
            ], 
            "standard": 1, 
            "subject": 1
        }, 
        "model": "core.question", 
        "pk": 45
    }, 
    {
        "fields": {
            "chapter": 2, 
            "school": 1, 
            "tags": [
                4, 
                6, 
                12, 
                13
            ], 
            "standard": 1, 
            "subject": 1
        }, 
        "model": "core.question", 
        "pk": 46
    }, 
    {
        "fields": {
            "chapter": 2, 
            "school": 1, 
            "tags": [
                4, 
                6, 
                12
            ], 
            "standard": 1, 
            "subject": 1
        }, 
        "model": "core.question", 
        "pk": 47
    }, 
    {
        "fields": {
            "index": 0, 
            "question": 1, 
            "tags": []
        }, 
        "model": "core.questionsubpart", 
        "pk": 1
    }, 
    {
        "fields": {
            "index": 0, 
            "question": 2, 
            "tags": []
        }, 
        "model": "core.questionsubpart", 
        "pk": 2
    }, 
    {
        "fields": {
            "index": 1, 
            "question": 2, 
            "tags": []
        }, 
        "model": "core.questionsubpart", 
        "pk": 3
    }, 
    {
        "fields": {
            "index": 2, 
            "question": 2, 
            "tags": []
        }, 
        "model": "core.questionsubpart", 
        "pk": 4
    }, 
    {
        "fields": {
            "index": 3, 
            "question": 2, 
            "tags": []
        }, 
        "model": "core.questionsubpart", 
        "pk": 5
    }, 
    {
        "fields": {
            "index": 4, 
            "question": 2, 
            "tags": []
        }, 
        "model": "core.questionsubpart", 
        "pk": 6
    }, 
    {
        "fields": {
            "index": 5, 
            "question": 2, 
            "tags": []
        }, 
        "model": "core.questionsubpart", 
        "pk": 7
    }, 
    {
        "fields": {
            "index": 6, 
            "question": 2, 
            "tags": []
        }, 
        "model": "core.questionsubpart", 
        "pk": 8
    }, 
    {
        "fields": {
            "index": 7, 
            "question": 2, 
            "tags": []
        }, 
        "model": "core.questionsubpart", 
        "pk": 9
    }, 
    {
        "fields": {
            "index": 8, 
            "question": 2, 
            "tags": []
        }, 
        "model": "core.questionsubpart", 
        "pk": 10
    }, 
    {
        "fields": {
            "index": 9, 
            "question": 2, 
            "tags": []
        }, 
        "model": "core.questionsubpart", 
        "pk": 11
    }, 
    {
        "fields": {
            "index": 10, 
            "question": 2, 
            "tags": []
        }, 
        "model": "core.questionsubpart", 
        "pk": 12
    }, 
    {
        "fields": {
            "index": 11, 
            "question": 2, 
            "tags": []
        }, 
        "model": "core.questionsubpart", 
        "pk": 13
    }, 
    {
        "fields": {
            "index": 12, 
            "question": 2, 
            "tags": []
        }, 
        "model": "core.questionsubpart", 
        "pk": 14
    }, 
    {
        "fields": {
            "index": 0, 
            "question": 3, 
            "tags": []
        }, 
        "model": "core.questionsubpart", 
        "pk": 15
    }, 
    {
        "fields": {
            "index": 1, 
            "question": 3, 
            "tags": []
        }, 
        "model": "core.questionsubpart", 
        "pk": 16
    }, 
    {
        "fields": {
            "index": 2, 
            "question": 3, 
            "tags": []
        }, 
        "model": "core.questionsubpart", 
        "pk": 17
    }, 
    {
        "fields": {
            "index": 3, 
            "question": 3, 
            "tags": []
        }, 
        "model": "core.questionsubpart", 
        "pk": 18
    }, 
    {
        "fields": {
            "index": 0, 
            "question": 4, 
            "tags": []
        }, 
        "model": "core.questionsubpart", 
        "pk": 19
    }, 
    {
        "fields": {
            "index": 0, 
            "question": 5, 
            "tags": []
        }, 
        "model": "core.questionsubpart", 
        "pk": 20
    }, 
    {
        "fields": {
            "index": 1, 
            "question": 5, 
            "tags": []
        }, 
        "model": "core.questionsubpart", 
        "pk": 21
    }, 
    {
        "fields": {
            "index": 0, 
            "question": 6, 
            "tags": []
        }, 
        "model": "core.questionsubpart", 
        "pk": 22
    }, 
    {
        "fields": {
            "index": 0, 
            "question": 7, 
            "tags": []
        }, 
        "model": "core.questionsubpart", 
        "pk": 23
    }, 
    {
        "fields": {
            "index": 1, 
            "question": 7, 
            "tags": []
        }, 
        "model": "core.questionsubpart", 
        "pk": 24
    }, 
    {
        "fields": {
            "index": 2, 
            "question": 7, 
            "tags": []
        }, 
        "model": "core.questionsubpart", 
        "pk": 25
    }, 
    {
        "fields": {
            "index": 3, 
            "question": 7, 
            "tags": []
        }, 
        "model": "core.questionsubpart", 
        "pk": 26
    }, 
    {
        "fields": {
            "index": 4, 
            "question": 7, 
            "tags": []
        }, 
        "model": "core.questionsubpart", 
        "pk": 27
    }, 
    {
        "fields": {
            "index": 5, 
            "question": 7, 
            "tags": []
        }, 
        "model": "core.questionsubpart", 
        "pk": 28
    }, 
    {
        "fields": {
            "index": 6, 
            "question": 7, 
            "tags": []
        }, 
        "model": "core.questionsubpart", 
        "pk": 29
    }, 
    {
        "fields": {
            "index": 0, 
            "question": 8, 
            "tags": []
        }, 
        "model": "core.questionsubpart", 
        "pk": 30
    }, 
    {
        "fields": {
            "index": 1, 
            "question": 8, 
            "tags": []
        }, 
        "model": "core.questionsubpart", 
        "pk": 31
    }, 
    {
        "fields": {
            "index": 2, 
            "question": 8, 
            "tags": []
        }, 
        "model": "core.questionsubpart", 
        "pk": 32
    }, 
    {
        "fields": {
            "index": 3, 
            "question": 8, 
            "tags": []
        }, 
        "model": "core.questionsubpart", 
        "pk": 33
    }, 
    {
        "fields": {
            "index": 4, 
            "question": 8, 
            "tags": []
        }, 
        "model": "core.questionsubpart", 
        "pk": 34
    }, 
    {
        "fields": {
            "index": 5, 
            "question": 8, 
            "tags": []
        }, 
        "model": "core.questionsubpart", 
        "pk": 35
    }, 
    {
        "fields": {
            "index": 6, 
            "question": 8, 
            "tags": []
        }, 
        "model": "core.questionsubpart", 
        "pk": 36
    }, 
    {
        "fields": {
            "index": 7, 
            "question": 8, 
            "tags": []
        }, 
        "model": "core.questionsubpart", 
        "pk": 37
    }, 
    {
        "fields": {
            "index": 8, 
            "question": 8, 
            "tags": []
        }, 
        "model": "core.questionsubpart", 
        "pk": 38
    }, 
    {
        "fields": {
            "index": 9, 
            "question": 8, 
            "tags": []
        }, 
        "model": "core.questionsubpart", 
        "pk": 39
    }, 
    {
        "fields": {
            "index": 10, 
            "question": 8, 
            "tags": []
        }, 
        "model": "core.questionsubpart", 
        "pk": 40
    }, 
    {
        "fields": {
            "index": 0, 
            "question": 9, 
            "tags": []
        }, 
        "model": "core.questionsubpart", 
        "pk": 41
    }, 
    {
        "fields": {
            "index": 1, 
            "question": 9, 
            "tags": []
        }, 
        "model": "core.questionsubpart", 
        "pk": 42
    }, 
    {
        "fields": {
            "index": 2, 
            "question": 9, 
            "tags": []
        }, 
        "model": "core.questionsubpart", 
        "pk": 43
    }, 
    {
        "fields": {
            "index": 3, 
            "question": 9, 
            "tags": []
        }, 
        "model": "core.questionsubpart", 
        "pk": 44
    }, 
    {
        "fields": {
            "index": 0, 
            "question": 10, 
            "tags": []
        }, 
        "model": "core.questionsubpart", 
        "pk": 45
    }, 
    {
        "fields": {
            "index": 0, 
            "question": 11, 
            "tags": []
        }, 
        "model": "core.questionsubpart", 
        "pk": 46
    }, 
    {
        "fields": {
            "index": 1, 
            "question": 11, 
            "tags": []
        }, 
        "model": "core.questionsubpart", 
        "pk": 47
    }, 
    {
        "fields": {
            "index": 2, 
            "question": 11, 
            "tags": []
        }, 
        "model": "core.questionsubpart", 
        "pk": 48
    }, 
    {
        "fields": {
            "index": 3, 
            "question": 11, 
            "tags": []
        }, 
        "model": "core.questionsubpart", 
        "pk": 49
    }, 
    {
        "fields": {
            "index": 4, 
            "question": 11, 
            "tags": []
        }, 
        "model": "core.questionsubpart", 
        "pk": 50
    }, 
    {
        "fields": {
            "index": 5, 
            "question": 11, 
            "tags": []
        }, 
        "model": "core.questionsubpart", 
        "pk": 51
    }, 
    {
        "fields": {
            "index": 6, 
            "question": 11, 
            "tags": []
        }, 
        "model": "core.questionsubpart", 
        "pk": 52
    }, 
    {
        "fields": {
            "index": 7, 
            "question": 11, 
            "tags": []
        }, 
        "model": "core.questionsubpart", 
        "pk": 53
    }, 
    {
        "fields": {
            "index": 8, 
            "question": 11, 
            "tags": []
        }, 
        "model": "core.questionsubpart", 
        "pk": 54
    }, 
    {
        "fields": {
            "index": 9, 
            "question": 11, 
            "tags": []
        }, 
        "model": "core.questionsubpart", 
        "pk": 55
    }, 
    {
        "fields": {
            "index": 0, 
            "question": 12, 
            "tags": []
        }, 
        "model": "core.questionsubpart", 
        "pk": 56
    }, 
    {
        "fields": {
            "index": 1, 
            "question": 12, 
            "tags": []
        }, 
        "model": "core.questionsubpart", 
        "pk": 57
    }, 
    {
        "fields": {
            "index": 0, 
            "question": 13, 
            "tags": []
        }, 
        "model": "core.questionsubpart", 
        "pk": 58
    }, 
    {
        "fields": {
            "index": 1, 
            "question": 13, 
            "tags": []
        }, 
        "model": "core.questionsubpart", 
        "pk": 59
    }, 
    {
        "fields": {
            "index": 0, 
            "question": 14, 
            "tags": []
        }, 
        "model": "core.questionsubpart", 
        "pk": 60
    }, 
    {
        "fields": {
            "index": 0, 
            "question": 15, 
            "tags": []
        }, 
        "model": "core.questionsubpart", 
        "pk": 61
    }, 
    {
        "fields": {
            "index": 1, 
            "question": 15, 
            "tags": []
        }, 
        "model": "core.questionsubpart", 
        "pk": 62
    }, 
    {
        "fields": {
            "index": 0, 
            "question": 16, 
            "tags": []
        }, 
        "model": "core.questionsubpart", 
        "pk": 63
    }, 
    {
        "fields": {
            "index": 0, 
            "question": 17, 
            "tags": []
        }, 
        "model": "core.questionsubpart", 
        "pk": 64
    }, 
    {
        "fields": {
            "index": 1, 
            "question": 17, 
            "tags": []
        }, 
        "model": "core.questionsubpart", 
        "pk": 65
    }, 
    {
        "fields": {
            "index": 2, 
            "question": 17, 
            "tags": []
        }, 
        "model": "core.questionsubpart", 
        "pk": 66
    }, 
    {
        "fields": {
            "index": 3, 
            "question": 17, 
            "tags": []
        }, 
        "model": "core.questionsubpart", 
        "pk": 67
    }, 
    {
        "fields": {
            "index": 4, 
            "question": 17, 
            "tags": []
        }, 
        "model": "core.questionsubpart", 
        "pk": 68
    }, 
    {
        "fields": {
            "index": 5, 
            "question": 17, 
            "tags": []
        }, 
        "model": "core.questionsubpart", 
        "pk": 69
    }, 
    {
        "fields": {
            "index": 6, 
            "question": 17, 
            "tags": []
        }, 
        "model": "core.questionsubpart", 
        "pk": 70
    }, 
    {
        "fields": {
            "index": 7, 
            "question": 17, 
            "tags": []
        }, 
        "model": "core.questionsubpart", 
        "pk": 71
    }, 
    {
        "fields": {
            "index": 8, 
            "question": 17, 
            "tags": []
        }, 
        "model": "core.questionsubpart", 
        "pk": 72
    }, 
    {
        "fields": {
            "index": 9, 
            "question": 17, 
            "tags": []
        }, 
        "model": "core.questionsubpart", 
        "pk": 73
    }, 
    {
        "fields": {
            "index": 0, 
            "question": 18, 
            "tags": []
        }, 
        "model": "core.questionsubpart", 
        "pk": 74
    }, 
    {
        "fields": {
            "index": 0, 
            "question": 19, 
            "tags": []
        }, 
        "model": "core.questionsubpart", 
        "pk": 75
    }, 
    {
        "fields": {
            "index": 0, 
            "question": 20, 
            "tags": []
        }, 
        "model": "core.questionsubpart", 
        "pk": 76
    }, 
    {
        "fields": {
            "index": 0, 
            "question": 21, 
            "tags": []
        }, 
        "model": "core.questionsubpart", 
        "pk": 77
    }, 
    {
        "fields": {
            "index": 1, 
            "question": 21, 
            "tags": []
        }, 
        "model": "core.questionsubpart", 
        "pk": 78
    }, 
    {
        "fields": {
            "index": 2, 
            "question": 21, 
            "tags": []
        }, 
        "model": "core.questionsubpart", 
        "pk": 79
    }, 
    {
        "fields": {
            "index": 3, 
            "question": 21, 
            "tags": []
        }, 
        "model": "core.questionsubpart", 
        "pk": 80
    }, 
    {
        "fields": {
            "index": 0, 
            "question": 22, 
            "tags": []
        }, 
        "model": "core.questionsubpart", 
        "pk": 81
    }, 
    {
        "fields": {
            "index": 0, 
            "question": 23, 
            "tags": []
        }, 
        "model": "core.questionsubpart", 
        "pk": 82
    }, 
    {
        "fields": {
            "index": 0, 
            "question": 24, 
            "tags": []
        }, 
        "model": "core.questionsubpart", 
        "pk": 83
    }, 
    {
        "fields": {
            "index": 0, 
            "question": 25, 
            "tags": []
        }, 
        "model": "core.questionsubpart", 
        "pk": 84
    }, 
    {
        "fields": {
            "index": 0, 
            "question": 26, 
            "tags": []
        }, 
        "model": "core.questionsubpart", 
        "pk": 85
    }, 
    {
        "fields": {
            "index": 1, 
            "question": 26, 
            "tags": []
        }, 
        "model": "core.questionsubpart", 
        "pk": 86
    }, 
    {
        "fields": {
            "index": 2, 
            "question": 26, 
            "tags": []
        }, 
        "model": "core.questionsubpart", 
        "pk": 87
    }, 
    {
        "fields": {
            "index": 0, 
            "question": 27, 
            "tags": []
        }, 
        "model": "core.questionsubpart", 
        "pk": 88
    }, 
    {
        "fields": {
            "index": 0, 
            "question": 28, 
            "tags": []
        }, 
        "model": "core.questionsubpart", 
        "pk": 89
    }, 
    {
        "fields": {
            "index": 1, 
            "question": 28, 
            "tags": []
        }, 
        "model": "core.questionsubpart", 
        "pk": 90
    }, 
    {
        "fields": {
            "index": 2, 
            "question": 28, 
            "tags": []
        }, 
        "model": "core.questionsubpart", 
        "pk": 91
    }, 
    {
        "fields": {
            "index": 3, 
            "question": 28, 
            "tags": []
        }, 
        "model": "core.questionsubpart", 
        "pk": 92
    }, 
    {
        "fields": {
            "index": 0, 
            "question": 29, 
            "tags": []
        }, 
        "model": "core.questionsubpart", 
        "pk": 93
    }, 
    {
        "fields": {
            "index": 1, 
            "question": 29, 
            "tags": []
        }, 
        "model": "core.questionsubpart", 
        "pk": 94
    }, 
    {
        "fields": {
            "index": 0, 
            "question": 30, 
            "tags": []
        }, 
        "model": "core.questionsubpart", 
        "pk": 95
    }, 
    {
        "fields": {
            "index": 0, 
            "question": 31, 
            "tags": []
        }, 
        "model": "core.questionsubpart", 
        "pk": 96
    }, 
    {
        "fields": {
            "index": 0, 
            "question": 32, 
            "tags": []
        }, 
        "model": "core.questionsubpart", 
        "pk": 97
    }, 
    {
        "fields": {
            "index": 0, 
            "question": 33, 
            "tags": []
        }, 
        "model": "core.questionsubpart", 
        "pk": 98
    }, 
    {
        "fields": {
            "index": 0, 
            "question": 34, 
            "tags": []
        }, 
        "model": "core.questionsubpart", 
        "pk": 99
    }, 
    {
        "fields": {
            "index": 0, 
            "question": 35, 
            "tags": []
        }, 
        "model": "core.questionsubpart", 
        "pk": 100
    }, 
    {
        "fields": {
            "index": 0, 
            "question": 36, 
            "tags": []
        }, 
        "model": "core.questionsubpart", 
        "pk": 101
    }, 
    {
        "fields": {
            "index": 0, 
            "question": 37, 
            "tags": []
        }, 
        "model": "core.questionsubpart", 
        "pk": 102
    }, 
    {
        "fields": {
            "index": 1, 
            "question": 37, 
            "tags": []
        }, 
        "model": "core.questionsubpart", 
        "pk": 103
    }, 
    {
        "fields": {
            "index": 2, 
            "question": 37, 
            "tags": []
        }, 
        "model": "core.questionsubpart", 
        "pk": 104
    }, 
    {
        "fields": {
            "index": 0, 
            "question": 38, 
            "tags": []
        }, 
        "model": "core.questionsubpart", 
        "pk": 105
    }, 
    {
        "fields": {
            "index": 0, 
            "question": 39, 
            "tags": []
        }, 
        "model": "core.questionsubpart", 
        "pk": 106
    }, 
    {
        "fields": {
            "index": 0, 
            "question": 40, 
            "tags": []
        }, 
        "model": "core.questionsubpart", 
        "pk": 107
    }, 
    {
        "fields": {
            "index": 0, 
            "question": 41, 
            "tags": []
        }, 
        "model": "core.questionsubpart", 
        "pk": 108
    }, 
    {
        "fields": {
            "index": 0, 
            "question": 42, 
            "tags": []
        }, 
        "model": "core.questionsubpart", 
        "pk": 109
    }, 
    {
        "fields": {
            "index": 0, 
            "question": 43, 
            "tags": []
        }, 
        "model": "core.questionsubpart", 
        "pk": 110
    }, 
    {
        "fields": {
            "index": 0, 
            "question": 44, 
            "tags": []
        }, 
        "model": "core.questionsubpart", 
        "pk": 111
    }, 
    {
        "fields": {
            "index": 0, 
            "question": 45, 
            "tags": []
        }, 
        "model": "core.questionsubpart", 
        "pk": 112
    }, 
    {
        "fields": {
            "index": 0, 
            "question": 46, 
            "tags": []
        }, 
        "model": "core.questionsubpart", 
        "pk": 113
    }, 
    {
        "fields": {
            "index": 0, 
            "question": 47, 
            "tags": []
        }, 
        "model": "core.questionsubpart", 
        "pk": 114
    }, 
    {
        "fields": {
            "chapter": 1, 
            "school": 1, 
            "description": "This assignment covers an introduction to algebraic expressions. Topics include identification of algebraic expressions and addition of algebraic expressions.", 
            "number": 1, 
            "standard": 1, 
            "questions": [
                1, 
                2, 
                3, 
                4, 
                5, 
                6
            ], 
            "subject": 1
        }, 
        "model": "core.assignmentquestionslist", 
        "pk": 1
    }, 
    {
        "fields": {
            "chapter": 1, 
            "school": 1, 
            "description": "This assignment continues the introduction to algebraic expressions. Topics include multiplication of algebraic expressions, standard algebraic identities, algebraic substitution and division of algebraic expressions.", 
            "number": 2, 
            "standard": 1, 
            "questions": [
                7, 
                8, 
                9, 
                10, 
                11, 
                12, 
                13, 
                14, 
                16
            ], 
            "subject": 1
        }, 
        "model": "core.assignmentquestionslist", 
        "pk": 2
    }, 
    {
        "fields": {
            "chapter": 2, 
            "school": 1, 
            "description": "This assignment covers area of 2-dimensional shapes.", 
            "number": 1, 
            "standard": 1, 
            "questions": [
                17, 
                18, 
                19, 
                20
            ], 
            "subject": 1
        }, 
        "model": "core.assignmentquestionslist", 
        "pk": 3
    }, 
    {
        "fields": {
            "chapter": 2, 
            "school": 1, 
            "description": "This assignment covers surface area of 3-dimensional objects.", 
            "number": 2, 
            "standard": 1, 
            "questions": [
                21, 
                22, 
                23, 
                24, 
                25, 
                26, 
                27
            ], 
            "subject": 1
        }, 
        "model": "core.assignmentquestionslist", 
        "pk": 4
    }, 
    {
        "fields": {
            "chapter": 2, 
            "school": 1, 
            "description": "This assignment covers volume of 3-dimensional objects.", 
            "number": 3, 
            "standard": 1, 
            "questions": [
                28, 
                29, 
                30, 
                31, 
                32, 
                33, 
                34, 
                35, 
                36, 
                37
            ], 
            "subject": 1
        }, 
        "model": "core.assignmentquestionslist", 
        "pk": 5
    }, 
    {
        "fields": {
            "chapter": 2, 
            "school": 1, 
            "description": "This assignment covers both volume and surface area of 3-dimensional objects (advanced).", 
            "number": 4, 
            "standard": 1, 
            "questions": [
                38, 
                39, 
                40, 
                41, 
                42, 
                43, 
                44, 
                45, 
                46, 
                47
            ], 
            "subject": 1
        }, 
        "model": "core.assignmentquestionslist", 
        "pk": 6
    }
]