[
    {
        "fields": {
            "name": "Squares and Square Roots"
        }, 
        "model": "core.chapter", 
        "pk": 8
    }, 
    {
        "fields": {
            "name": "squares of numbers"
        }, 
        "model": "core.questiontag", 
        "pk": 53
    }, 
    {
        "fields": {
            "name": "properties of square numbers"
        }, 
        "model": "core.questiontag", 
        "pk": 54
    }, 
    {
        "fields": {
            "name": "squares as a sum of consecutive natural numbers"
        }, 
        "model": "core.questiontag", 
        "pk": 55
    }, 
    {
        "fields": {
            "name": "pythagorean triplets"
        }, 
        "model": "core.questiontag", 
        "pk": 56
    }, 
    {
        "fields": {
            "name": "square roots of square numbers"
        }, 
        "model": "core.questiontag", 
        "pk": 57
    }, 
    {
        "fields": {
            "name": "square roots using prime factorisation"
        }, 
        "model": "core.questiontag", 
        "pk": 58
    }, 
    {
        "fields": {
            "name": "square roots"
        }, 
        "model": "core.questiontag", 
        "pk": 59
    }, 
    {
        "fields": {
            "name": "square roots using long division"
        }, 
        "model": "core.questiontag", 
        "pk": 60
    }, 
    {
        "fields": {
            "chapter": 8, 
            "school": 1, 
            "tags": [
                1, 
                53
            ], 
            "standard": 1, 
            "subject": 1
        }, 
        "model": "core.question", 
        "pk": 141
    }, 
    {
        "fields": {
            "chapter": 8, 
            "school": 1, 
            "tags": [
                1, 
                54
            ], 
            "standard": 1, 
            "subject": 1
        }, 
        "model": "core.question", 
        "pk": 142
    }, 
    {
        "fields": {
            "chapter": 8, 
            "school": 1, 
            "tags": [
                1, 
                54
            ], 
            "standard": 1, 
            "subject": 1
        }, 
        "model": "core.question", 
        "pk": 143
    }, 
    {
        "fields": {
            "chapter": 8, 
            "school": 1, 
            "tags": [
                1, 
                6, 
                54
            ], 
            "standard": 1, 
            "subject": 1
        }, 
        "model": "core.question", 
        "pk": 144
    }, 
    {
        "fields": {
            "chapter": 8, 
            "school": 1, 
            "tags": [
                1, 
                6, 
                55
            ], 
            "standard": 1, 
            "subject": 1
        }, 
        "model": "core.question", 
        "pk": 145
    }, 
    {
        "fields": {
            "chapter": 8, 
            "school": 1, 
            "tags": [
                1, 
                54
            ], 
            "standard": 1, 
            "subject": 1
        }, 
        "model": "core.question", 
        "pk": 146
    }, 
    {
        "fields": {
            "chapter": 8, 
            "school": 1, 
            "tags": [
                1, 
                7
            ], 
            "standard": 1, 
            "subject": 1
        }, 
        "model": "core.question", 
        "pk": 147
    }, 
    {
        "fields": {
            "chapter": 8, 
            "school": 1, 
            "tags": [
                1, 
                6, 
                56
            ], 
            "standard": 1, 
            "subject": 1
        }, 
        "model": "core.question", 
        "pk": 148
    }, 
    {
        "fields": {
            "chapter": 8, 
            "school": 1, 
            "tags": [
                1, 
                57
            ], 
            "standard": 1, 
            "subject": 1
        }, 
        "model": "core.question", 
        "pk": 149
    }, 
    {
        "fields": {
            "chapter": 8, 
            "school": 1, 
            "tags": [
                1, 
                57, 
                58
            ], 
            "standard": 1, 
            "subject": 1
        }, 
        "model": "core.question", 
        "pk": 150
    }, 
    {
        "fields": {
            "chapter": 8, 
            "school": 1, 
            "tags": [
                4, 
                57, 
                58
            ], 
            "standard": 1, 
            "subject": 1
        }, 
        "model": "core.question", 
        "pk": 151
    }, 
    {
        "fields": {
            "chapter": 8, 
            "school": 1, 
            "tags": [
                4, 
                57, 
                58
            ], 
            "standard": 1, 
            "subject": 1
        }, 
        "model": "core.question", 
        "pk": 152
    }, 
    {
        "fields": {
            "chapter": 8, 
            "school": 1, 
            "tags": [
                4, 
                6
            ], 
            "standard": 1, 
            "subject": 1
        }, 
        "model": "core.question", 
        "pk": 153
    }, 
    {
        "fields": {
            "chapter": 8, 
            "school": 1, 
            "tags": [
                4, 
                59
            ], 
            "standard": 1, 
            "subject": 1
        }, 
        "model": "core.question", 
        "pk": 154
    }, 
    {
        "fields": {
            "chapter": 8, 
            "school": 1, 
            "tags": [
                1, 
                59, 
                60
            ], 
            "standard": 1, 
            "subject": 1
        }, 
        "model": "core.question", 
        "pk": 155
    }, 
    {
        "fields": {
            "chapter": 8, 
            "school": 1, 
            "tags": [
                4, 
                6, 
                59, 
                60
            ], 
            "standard": 1, 
            "subject": 1
        }, 
        "model": "core.question", 
        "pk": 156
    }, 
    {
        "fields": {
            "chapter": 8, 
            "school": 1, 
            "tags": [
                4, 
                6, 
                59, 
                60
            ], 
            "standard": 1, 
            "subject": 1
        }, 
        "model": "core.question", 
        "pk": 157
    }, 
    {
        "fields": {
            "chapter": 8, 
            "school": 1, 
            "tags": [
                4, 
                6, 
                59, 
                60
            ], 
            "standard": 1, 
            "subject": 1
        }, 
        "model": "core.question", 
        "pk": 158
    }, 
    {
        "fields": {
            "index": 0,
            "question": 141,
            "tags": []
        },
        "model": "core.questionsubpart",
        "pk": 438
    },
    {
        "fields": {
            "index": 1,
            "question": 141,
            "tags": []
        },
        "model": "core.questionsubpart",
        "pk": 439
    },
    {
        "fields": {
            "index": 2,
            "question": 141,
            "tags": []
        },
        "model": "core.questionsubpart",
        "pk": 440
    },
    {
        "fields": {
            "index": 0,
            "question": 142,
            "tags": []
        },
        "model": "core.questionsubpart",
        "pk": 441
    },
    {
        "fields": {
            "index": 1,
            "question": 142,
            "tags": []
        },
        "model": "core.questionsubpart",
        "pk": 442
    },
    {
        "fields": {
            "index": 2,
            "question": 142,
            "tags": []
        },
        "model": "core.questionsubpart",
        "pk": 443
    },
    {
        "fields": {
            "index": 0,
            "question": 143,
            "tags": []
        },
        "model": "core.questionsubpart",
        "pk": 444
    },
    {
        "fields": {
            "index": 1,
            "question": 143,
            "tags": []
        },
        "model": "core.questionsubpart",
        "pk": 445
    },
    {
        "fields": {
            "index": 2,
            "question": 143,
            "tags": []
        },
        "model": "core.questionsubpart",
        "pk": 446
    },
    {
        "fields": {
            "index": 3,
            "question": 143,
            "tags": []
        },
        "model": "core.questionsubpart",
        "pk": 447
    },
    {
        "fields": {
            "index": 0,
            "question": 144,
            "tags": []
        },
        "model": "core.questionsubpart",
        "pk": 448
    },
    {
        "fields": {
            "index": 1,
            "question": 144,
            "tags": []
        },
        "model": "core.questionsubpart",
        "pk": 449
    },
    {
        "fields": {
            "index": 2,
            "question": 144,
            "tags": []
        },
        "model": "core.questionsubpart",
        "pk": 450
    },
    {
        "fields": {
            "index": 0,
            "question": 145,
            "tags": []
        },
        "model": "core.questionsubpart",
        "pk": 451
    },
    {
        "fields": {
            "index": 1,
            "question": 145,
            "tags": []
        },
        "model": "core.questionsubpart",
        "pk": 452
    },
    {
        "fields": {
            "index": 0,
            "question": 146,
            "tags": []
        },
        "model": "core.questionsubpart",
        "pk": 453
    },
    {
        "fields": {
            "index": 1,
            "question": 146,
            "tags": []
        },
        "model": "core.questionsubpart",
        "pk": 454
    },
    {
        "fields": {
            "index": 2,
            "question": 146,
            "tags": []
        },
        "model": "core.questionsubpart",
        "pk": 455
    },
    {
        "fields": {
            "index": 0,
            "question": 147,
            "tags": []
        },
        "model": "core.questionsubpart",
        "pk": 456
    },
    {
        "fields": {
            "index": 0,
            "question": 148,
            "tags": []
        },
        "model": "core.questionsubpart",
        "pk": 457
    },
    {
        "fields": {
            "index": 1,
            "question": 148,
            "tags": []
        },
        "model": "core.questionsubpart",
        "pk": 458
    },
    {
        "fields": {
            "index": 0,
            "question": 149,
            "tags": []
        },
        "model": "core.questionsubpart",
        "pk": 459
    },
    {
        "fields": {
            "index": 0,
            "question": 150,
            "tags": []
        },
        "model": "core.questionsubpart",
        "pk": 460
    },
    {
        "fields": {
            "index": 1,
            "question": 150,
            "tags": []
        },
        "model": "core.questionsubpart",
        "pk": 461
    },
    {
        "fields": {
            "index": 0,
            "question": 151,
            "tags": []
        },
        "model": "core.questionsubpart",
        "pk": 462
    },
    {
        "fields": {
            "index": 1,
            "question": 151,
            "tags": []
        },
        "model": "core.questionsubpart",
        "pk": 463
    },
    {
        "fields": {
            "index": 0,
            "question": 152,
            "tags": []
        },
        "model": "core.questionsubpart",
        "pk": 464
    },
    {
        "fields": {
            "index": 1,
            "question": 152,
            "tags": []
        },
        "model": "core.questionsubpart",
        "pk": 465
    },
    {
        "fields": {
            "index": 0,
            "question": 153,
            "tags": []
        },
        "model": "core.questionsubpart",
        "pk": 466
    },
    {
        "fields": {
            "index": 0,
            "question": 154,
            "tags": []
        },
        "model": "core.questionsubpart",
        "pk": 467
    },
    {
        "fields": {
            "index": 0,
            "question": 155,
            "tags": []
        },
        "model": "core.questionsubpart",
        "pk": 468
    },
    {
        "fields": {
            "index": 1,
            "question": 155,
            "tags": []
        },
        "model": "core.questionsubpart",
        "pk": 469
    },
    {
        "fields": {
            "index": 0,
            "question": 156,
            "tags": []
        },
        "model": "core.questionsubpart",
        "pk": 470
    },
    {
        "fields": {
            "index": 1,
            "question": 156,
            "tags": []
        },
        "model": "core.questionsubpart",
        "pk": 471
    },
    {
        "fields": {
            "index": 0,
            "question": 157,
            "tags": []
        },
        "model": "core.questionsubpart",
        "pk": 472
    },
    {
        "fields": {
            "index": 1,
            "question": 157,
            "tags": []
        },
        "model": "core.questionsubpart",
        "pk": 473
    },
    {
        "fields": {
            "index": 0,
            "question": 158,
            "tags": []
        },
        "model": "core.questionsubpart",
        "pk": 474
    },
    {
        "fields": {
            "chapter": 8, 
            "school": 1, 
            "description": "This assignment focuses on Squares and Square Roots. The concepts covered are Squares of Natural Numbers and Properties of Square Numbers.", 
            "number": 1, 
            "standard": 1, 
            "questions": [
                141, 
                142, 
                143, 
                144, 
                145, 
                146
            ], 
            "subject": 1
        }, 
        "model": "core.assignmentquestionslist", 
        "pk": 20
    }, 
    {
        "fields": {
            "chapter": 8, 
            "school": 1, 
            "description": "This assignment focuses on Squares and Square Roots. The concepts covered are Squares of Natural Numbers without Actual Multiplication, Pythagorean Triplets and Finding Square Roots using Prime Factorisation.", 
            "number": 2, 
            "standard": 1, 
            "questions": [
                147, 
                148, 
                149, 
                150, 
                151, 
                152
            ], 
            "subject": 1
        }, 
        "model": "core.assignmentquestionslist", 
        "pk": 21
    }, 
    {
        "fields": {
            "chapter": 8, 
            "school": 1, 
            "description": "This assignment focuses on Squares and Square Roots. The concepts covered are Square Roots of Natural Numbers and Finding Square Roots using Long Division Method.", 
            "number": 3, 
            "standard": 1, 
            "questions": [
                153, 
                154, 
                155, 
                156, 
                157, 
                158
            ], 
            "subject": 1
        }, 
        "model": "core.assignmentquestionslist", 
        "pk": 22
    }
]