[
    {
        "fields": {
            "name": "Playing with Numbers"
        }, 
        "model": "core.chapter", 
        "pk": 9
    }, 
    {
        "fields": {
            "name": "usual form of a number"
        }, 
        "model": "core.questiontag", 
        "pk": 61
    }, 
    {
        "fields": {
            "name": "generalized form of a number"
        }, 
        "model": "core.questiontag", 
        "pk": 62
    }, 
    {
        "fields": {
            "name": "letters for digits"
        }, 
        "model": "core.questiontag", 
        "pk": 63
    }, 
    {
        "fields": {
            "name": "divisibility test"
        }, 
        "model": "core.questiontag", 
        "pk": 64
    }, 
    {
        "fields": {
            "chapter": 9, 
            "school": 1, 
            "tags": [
                1, 
                61
            ], 
            "standard": 1, 
            "subject": 1
        }, 
        "model": "core.question", 
        "pk": 159
    }, 
    {
        "fields": {
            "chapter": 9, 
            "school": 1, 
            "tags": [
                1, 
                62
            ], 
            "standard": 1, 
            "subject": 1
        }, 
        "model": "core.question", 
        "pk": 160
    }, 
    {
        "fields": {
            "chapter": 9, 
            "school": 1, 
            "tags": [
                4, 
                62
            ], 
            "standard": 1, 
            "subject": 1
        }, 
        "model": "core.question", 
        "pk": 161
    }, 
    {
        "fields": {
            "chapter": 9, 
            "school": 1, 
            "tags": [
                4, 
                6, 
                63
            ], 
            "standard": 1, 
            "subject": 1
        }, 
        "model": "core.question", 
        "pk": 162
    }, 
    {
        "fields": {
            "chapter": 9, 
            "school": 1, 
            "tags": [
                1, 
                63
            ], 
            "standard": 1, 
            "subject": 1
        }, 
        "model": "core.question", 
        "pk": 163
    }, 
    {
        "fields": {
            "chapter": 9, 
            "school": 1, 
            "tags": [
                1, 
                63
            ], 
            "standard": 1, 
            "subject": 1
        }, 
        "model": "core.question", 
        "pk": 164
    }, 
    {
        "fields": {
            "chapter": 9, 
            "school": 1, 
            "tags": [
                4, 
                6, 
                63
            ], 
            "standard": 1, 
            "subject": 1
        }, 
        "model": "core.question", 
        "pk": 165
    }, 
    {
        "fields": {
            "chapter": 9, 
            "school": 1, 
            "tags": [
                1, 
                63
            ], 
            "standard": 1, 
            "subject": 1
        }, 
        "model": "core.question", 
        "pk": 166
    }, 
    {
        "fields": {
            "chapter": 9, 
            "school": 1, 
            "tags": [
                1, 
                64
            ], 
            "standard": 1, 
            "subject": 1
        }, 
        "model": "core.question", 
        "pk": 167
    }, 
    {
        "fields": {
            "chapter": 9, 
            "school": 1, 
            "tags": [
                1, 
                64
            ], 
            "standard": 1, 
            "subject": 1
        }, 
        "model": "core.question", 
        "pk": 168
    }, 
    {
        "fields": {
            "chapter": 9, 
            "school": 1, 
            "tags": [
                4, 
                64
            ], 
            "standard": 1, 
            "subject": 1
        }, 
        "model": "core.question", 
        "pk": 169
    }, 
    {
        "fields": {
            "chapter": 9, 
            "school": 1, 
            "tags": [
                4, 
                64
            ], 
            "standard": 1, 
            "subject": 1
        }, 
        "model": "core.question", 
        "pk": 170
    }, 
    {
        "fields": {
            "chapter": 9, 
            "school": 1, 
            "tags": [
                1, 
                64
            ], 
            "standard": 1, 
            "subject": 1
        }, 
        "model": "core.question", 
        "pk": 171
    }, 
    {
        "fields": {
            "chapter": 9, 
            "school": 1, 
            "tags": [
                1, 
                6, 
                64
            ], 
            "standard": 1, 
            "subject": 1
        }, 
        "model": "core.question", 
        "pk": 172
    }, 
    {
        "fields": {
            "index": 0, 
            "question": 159, 
            "tags": []
        }, 
        "model": "core.questionsubpart", 
        "pk": 475
    }, 
    {
        "fields": {
            "index": 1, 
            "question": 159, 
            "tags": []
        }, 
        "model": "core.questionsubpart", 
        "pk": 476
    }, 
    {
        "fields": {
            "index": 2, 
            "question": 159, 
            "tags": []
        }, 
        "model": "core.questionsubpart", 
        "pk": 477
    }, 
    {
        "fields": {
            "index": 0, 
            "question": 160, 
            "tags": []
        }, 
        "model": "core.questionsubpart", 
        "pk": 478
    }, 
    {
        "fields": {
            "index": 1, 
            "question": 160, 
            "tags": []
        }, 
        "model": "core.questionsubpart", 
        "pk": 479
    }, 
    {
        "fields": {
            "index": 2, 
            "question": 160, 
            "tags": []
        }, 
        "model": "core.questionsubpart", 
        "pk": 480
    }, 
    {
        "fields": {
            "index": 0, 
            "question": 161, 
            "tags": []
        }, 
        "model": "core.questionsubpart", 
        "pk": 481
    }, 
    {
        "fields": {
            "index": 0, 
            "question": 162, 
            "tags": []
        }, 
        "model": "core.questionsubpart", 
        "pk": 482
    }, 
    {
        "fields": {
            "index": 1, 
            "question": 162, 
            "tags": []
        }, 
        "model": "core.questionsubpart", 
        "pk": 483
    }, 
    {
        "fields": {
            "index": 0, 
            "question": 163, 
            "tags": []
        }, 
        "model": "core.questionsubpart", 
        "pk": 484
    }, 
    {
        "fields": {
            "index": 0, 
            "question": 164, 
            "tags": []
        }, 
        "model": "core.questionsubpart", 
        "pk": 485
    }, 
    {
        "fields": {
            "index": 0, 
            "question": 165, 
            "tags": []
        }, 
        "model": "core.questionsubpart", 
        "pk": 486
    }, 
    {
        "fields": {
            "index": 1, 
            "question": 165, 
            "tags": []
        }, 
        "model": "core.questionsubpart", 
        "pk": 487
    }, 
    {
        "fields": {
            "index": 0, 
            "question": 166, 
            "tags": []
        }, 
        "model": "core.questionsubpart", 
        "pk": 488
    }, 
    {
        "fields": {
            "index": 0, 
            "question": 167, 
            "tags": []
        }, 
        "model": "core.questionsubpart", 
        "pk": 489
    }, 
    {
        "fields": {
            "index": 1, 
            "question": 167, 
            "tags": []
        }, 
        "model": "core.questionsubpart", 
        "pk": 490
    }, 
    {
        "fields": {
            "index": 2, 
            "question": 167, 
            "tags": []
        }, 
        "model": "core.questionsubpart", 
        "pk": 491
    }, 
    {
        "fields": {
            "index": 3, 
            "question": 167, 
            "tags": []
        }, 
        "model": "core.questionsubpart", 
        "pk": 492
    }, 
    {
        "fields": {
            "index": 0, 
            "question": 168, 
            "tags": []
        }, 
        "model": "core.questionsubpart", 
        "pk": 493
    }, 
    {
        "fields": {
            "index": 0, 
            "question": 169, 
            "tags": []
        }, 
        "model": "core.questionsubpart", 
        "pk": 494
    }, 
    {
        "fields": {
            "index": 1, 
            "question": 169, 
            "tags": []
        }, 
        "model": "core.questionsubpart", 
        "pk": 495
    }, 
    {
        "fields": {
            "index": 0, 
            "question": 170, 
            "tags": []
        }, 
        "model": "core.questionsubpart", 
        "pk": 496
    }, 
    {
        "fields": {
            "index": 1, 
            "question": 170, 
            "tags": []
        }, 
        "model": "core.questionsubpart", 
        "pk": 497
    }, 
    {
        "fields": {
            "index": 2, 
            "question": 170, 
            "tags": []
        }, 
        "model": "core.questionsubpart", 
        "pk": 498
    }, 
    {
        "fields": {
            "index": 0, 
            "question": 171, 
            "tags": []
        }, 
        "model": "core.questionsubpart", 
        "pk": 499
    }, 
    {
        "fields": {
            "index": 1, 
            "question": 171, 
            "tags": []
        }, 
        "model": "core.questionsubpart", 
        "pk": 500
    }, 
    {
        "fields": {
            "index": 0, 
            "question": 172, 
            "tags": []
        }, 
        "model": "core.questionsubpart", 
        "pk": 501
    }, 
    {
        "fields": {
            "chapter": 9, 
            "school": 1, 
            "description": "The concepts covered in this assignment are: Usual form of a number, Generalized form of a number, Representation of numbers and Letters for Digits.", 
            "number": 1, 
            "standard": 1, 
            "questions": [
                159, 
                160, 
                161, 
                162, 
                163, 
                164, 
                165, 
                166
            ], 
            "subject": 1
        }, 
        "model": "core.assignmentquestionslist", 
        "pk": 23
    }, 
    {
        "fields": {
            "chapter": 9, 
            "school": 1, 
            "description": "The assignment covers the Divisibility tests of 10, 5, 2, 9, 3 and 6.", 
            "number": 2, 
            "standard": 1, 
            "questions": [
                167, 
                168, 
                169, 
                170, 
                171, 
                172
            ], 
            "subject": 1
        }, 
        "model": "core.assignmentquestionslist", 
        "pk": 24
    }
]