[
    {
        "fields": {
            "name": "Cubes and Cube Roots"
        }, 
        "model": "core.chapter", 
        "pk": 10
    }, 
    {
        "fields": {
            "name": "cubes of natural numbers"
        }, 
        "model": "core.questiontag", 
        "pk": 65
    }, 
    {
        "fields": {
            "name": "properties of cube numbers"
        }, 
        "model": "core.questiontag", 
        "pk": 66
    }, 
    {
        "fields": {
            "name": "cubes and their prime factors"
        }, 
        "model": "core.questiontag", 
        "pk": 67
    }, 
    {
        "fields": {
            "name": "perfect cubes"
        }, 
        "model": "core.questiontag", 
        "pk": 68
    }, 
    {
        "fields": {
            "name": "multiples that are perfect cubes"
        }, 
        "model": "core.questiontag", 
        "pk": 69
    }, 
    {
        "fields": {
            "name": "cube roots"
        }, 
        "model": "core.questiontag", 
        "pk": 70
    }, 
    {
        "fields": {
            "name": "estimation of cube roots"
        }, 
        "model": "core.questiontag", 
        "pk": 71
    }, 
    {
        "fields": {
            "name": "cubes and cube roots"
        }, 
        "model": "core.questiontag", 
        "pk": 72
    }, 
    {
        "fields": {
            "chapter": 10, 
            "school": 1, 
            "tags": [
                1, 
                65
            ], 
            "standard": 1, 
            "subject": 1
        }, 
        "model": "core.question", 
        "pk": 173
    }, 
    {
        "fields": {
            "chapter": 10, 
            "school": 1, 
            "tags": [
                1, 
                65
            ], 
            "standard": 1, 
            "subject": 1
        }, 
        "model": "core.question", 
        "pk": 174
    }, 
    {
        "fields": {
            "chapter": 10, 
            "school": 1, 
            "tags": [
                1, 
                66
            ], 
            "standard": 1, 
            "subject": 1
        }, 
        "model": "core.question", 
        "pk": 175
    }, 
    {
        "fields": {
            "chapter": 10, 
            "school": 1, 
            "tags": [
                4, 
                67, 
                68
            ], 
            "standard": 1, 
            "subject": 1
        }, 
        "model": "core.question", 
        "pk": 176
    }, 
    {
        "fields": {
            "chapter": 10, 
            "school": 1, 
            "tags": [
                4, 
                67, 
                68
            ], 
            "standard": 1, 
            "subject": 1
        }, 
        "model": "core.question", 
        "pk": 177
    }, 
    {
        "fields": {
            "chapter": 10, 
            "school": 1, 
            "tags": [
                4, 
                67, 
                69
            ], 
            "standard": 1, 
            "subject": 1
        }, 
        "model": "core.question", 
        "pk": 178
    }, 
    {
        "fields": {
            "chapter": 10, 
            "school": 1, 
            "tags": [
                1, 
                67, 
                70
            ], 
            "standard": 1, 
            "subject": 1
        }, 
        "model": "core.question", 
        "pk": 179
    }, 
    {
        "fields": {
            "chapter": 10, 
            "school": 1, 
            "tags": [
                1, 
                67, 
                70
            ], 
            "standard": 1, 
            "subject": 1
        }, 
        "model": "core.question", 
        "pk": 180
    }, 
    {
        "fields": {
            "chapter": 10, 
            "school": 1, 
            "tags": [
                4, 
                6, 
                70, 
                71
            ], 
            "standard": 1, 
            "subject": 1
        }, 
        "model": "core.question", 
        "pk": 181
    }, 
    {
        "fields": {
            "chapter": 10, 
            "school": 1, 
            "tags": [
                4, 
                72
            ], 
            "standard": 1, 
            "subject": 1
        }, 
        "model": "core.question", 
        "pk": 182
    }, 
    {
        "fields": {
            "index": 0,
            "question": 173, 
            "tags": []
        },
        "model": "core.questionsubpart", 
        "pk": 502
    }, 
    {
        "fields": {
            "index": 1,
            "question": 173, 
            "tags": []
        },
        "model": "core.questionsubpart", 
        "pk": 503
    }, 
    {
        "fields": {
            "index": 2,
            "question": 173, 
            "tags": []
        },
        "model": "core.questionsubpart", 
        "pk": 504
    }, 
    {
        "fields": {
            "index": 0,
            "question": 174, 
            "tags": []
        },
        "model": "core.questionsubpart", 
        "pk": 505
    }, 
    {
        "fields": {
            "index": 1,
            "question": 174, 
            "tags": []
        },
        "model": "core.questionsubpart", 
        "pk": 506
    }, 
    {
        "fields": {
            "index": 2,
            "question": 174, 
            "tags": []
        },
        "model": "core.questionsubpart", 
        "pk": 507
    }, 
    {
        "fields": {
            "index": 3,
            "question": 174, 
            "tags": []
        },
        "model": "core.questionsubpart", 
        "pk": 508
    }, 
    {
        "fields": {
            "index": 4,
            "question": 174, 
            "tags": []
        },
        "model": "core.questionsubpart", 
        "pk": 509
    }, 
    {
        "fields": {
            "index": 0,
            "question": 175, 
            "tags": []
        },
        "model": "core.questionsubpart", 
        "pk": 510
    }, 
    {
        "fields": {
            "index": 1,
            "question": 175, 
            "tags": []
        },
        "model": "core.questionsubpart", 
        "pk": 511
    }, 
    {
        "fields": {
            "index": 2,
            "question": 175, 
            "tags": []
        },
        "model": "core.questionsubpart", 
        "pk": 512
    }, 
    {
        "fields": {
            "index": 0,
            "question": 176, 
            "tags": []
        },
        "model": "core.questionsubpart", 
        "pk": 513
    }, 
    {
        "fields": {
            "index": 0,
            "question": 177, 
            "tags": []
        },
        "model": "core.questionsubpart", 
        "pk": 514
    }, 
    {
        "fields": {
            "index": 0,
            "question": 178, 
            "tags": []
        },
        "model": "core.questionsubpart", 
        "pk": 515
    }, 
    {
        "fields": {
            "index": 0,
            "question": 179, 
            "tags": []
        },
        "model": "core.questionsubpart", 
        "pk": 516
    }, 
    {
        "fields": {
            "index": 1,
            "question": 179, 
            "tags": []
        },
        "model": "core.questionsubpart", 
        "pk": 517
    }, 
    {
        "fields": {
            "index": 0,
            "question": 180, 
            "tags": []
        },
        "model": "core.questionsubpart", 
        "pk": 518
    }, 
    {
        "fields": {
            "index": 1,
            "question": 180, 
            "tags": []
        },
        "model": "core.questionsubpart", 
        "pk": 519
    }, 
    {
        "fields": {
            "index": 2,
            "question": 180, 
            "tags": []
        },
        "model": "core.questionsubpart", 
        "pk": 520
    }, 
    {
        "fields": {
            "index": 0,
            "question": 181, 
            "tags": []
        },
        "model": "core.questionsubpart", 
        "pk": 521
    }, 
    {
        "fields": {
            "index": 0,
            "question": 182, 
            "tags": []
        },
        "model": "core.questionsubpart", 
        "pk": 522
    }, 
    {
        "fields": {
            "index": 1,
            "question": 182, 
            "tags": []
        },
        "model": "core.questionsubpart", 
        "pk": 523
    }, 
    {
        "fields": {
            "index": 2,
            "question": 182, 
            "tags": []
        },
        "model": "core.questionsubpart", 
        "pk": 524
    }, 
    {
        "fields": {
            "index": 3,
            "question": 182, 
            "tags": []
        },
        "model": "core.questionsubpart", 
        "pk": 525
    }, 
    {
        "fields": {
            "index": 4,
            "question": 182, 
            "tags": []
        },
        "model": "core.questionsubpart", 
        "pk": 526
    }, 
    {
        "fields": {
            "index": 5,
            "question": 182, 
            "tags": []
        },
        "model": "core.questionsubpart", 
        "pk": 527
    }, 
    {
        "fields": {
            "index": 6,
            "question": 182, 
            "tags": []
        },
        "model": "core.questionsubpart", 
        "pk": 528
    }, 
    {
        "fields": {
            "index": 7,
            "question": 182, 
            "tags": []
        },
        "model": "core.questionsubpart", 
        "pk": 529
    }, 
    {
        "fields": {
            "chapter": 10, 
            "school": 1, 
            "description": "This assignment focuses on Cubes and Cube Roots. The concepts covered are Cubes of Natural Numbers, Properties of Cube Numbers and Representation of Perfect Cubes as a product of their Prime Factors.", 
            "number": 1, 
            "standard": 1, 
            "questions": [
                173, 
                174, 
                175, 
                176, 
                177, 
                178
            ], 
            "subject": 1
        }, 
        "model": "core.assignmentquestionslist", 
        "pk": 25
    }, 
    {
        "fields": {
            "chapter": 10, 
            "school": 1, 
            "description": "This assignment focuses on Cubes and Cube Roots. The concepts covered are Cube Roots of Cube Numbers, Finding Cube Roots through Prime Factorisation and Estimation of Cube Roots.", 
            "number": 2, 
            "standard": 1, 
            "questions": [
                179, 
                180, 
                181, 
                182
            ], 
            "subject": 1
        }, 
        "model": "core.assignmentquestionslist", 
        "pk": 26
    }
]