[
    {
        "fields": {
            "name": "Understanding Quadrilaterals"
        }, 
        "model": "core.chapter", 
        "pk": 11
    }, 
    {
        "fields": {
            "name": "angle sum property"
        }, 
        "model": "core.questiontag", 
        "pk": 73
    }, 
    {
        "fields": {
            "name": "sum of exterior angles of a polygon"
        }, 
        "model": "core.questiontag", 
        "pk": 74
    }, 
    {
        "fields": {
            "name": "diagonals of a polygon"
        }, 
        "model": "core.questiontag", 
        "pk": 75
    }, 
    {
        "fields": {
            "name": "classification of polygons"
        }, 
        "model": "core.questiontag", 
        "pk": 76
    }, 
    {
        "fields": {
            "name": "properties of parallelograms"
        }, 
        "model": "core.questiontag", 
        "pk": 77
    }, 
    {
        "fields": {
            "name": "types of parallelograms"
        }, 
        "model": "core.questiontag", 
        "pk": 78
    }, 
    {
        "fields": {
            "chapter": 11, 
            "school": 1, 
            "tags": [
                1, 
                73, 
                74
            ], 
            "standard": 1, 
            "subject": 1
        }, 
        "model": "core.question", 
        "pk": 183
    }, 
    {
        "fields": {
            "chapter": 11, 
            "school": 1, 
            "tags": [
                1, 
                73
            ], 
            "standard": 1, 
            "subject": 1
        }, 
        "model": "core.question", 
        "pk": 184
    }, 
    {
        "fields": {
            "chapter": 11, 
            "school": 1, 
            "tags": [
                1, 
                74
            ], 
            "standard": 1, 
            "subject": 1
        }, 
        "model": "core.question", 
        "pk": 185
    }, 
    {
        "fields": {
            "chapter": 11, 
            "school": 1, 
            "tags": [
                1, 
                75
            ], 
            "standard": 1, 
            "subject": 1
        }, 
        "model": "core.question", 
        "pk": 186
    }, 
    {
        "fields": {
            "chapter": 11, 
            "school": 1, 
            "tags": [
                1, 
                76
            ], 
            "standard": 1, 
            "subject": 1
        }, 
        "model": "core.question", 
        "pk": 187
    }, 
    {
        "fields": {
            "chapter": 11, 
            "school": 1, 
            "tags": [
                1, 
                6, 
                73
            ], 
            "standard": 1, 
            "subject": 1
        }, 
        "model": "core.question", 
        "pk": 188
    }, 
    {
        "fields": {
            "chapter": 11, 
            "school": 1, 
            "tags": [
                1, 
                6, 
                73
            ], 
            "standard": 1, 
            "subject": 1
        }, 
        "model": "core.question", 
        "pk": 189
    }, 
    {
        "fields": {
            "chapter": 11, 
            "school": 1, 
            "tags": [
                4, 
                73, 
                74, 
                76
            ], 
            "standard": 1, 
            "subject": 1
        }, 
        "model": "core.question", 
        "pk": 190
    }, 
    {
        "fields": {
            "chapter": 11, 
            "school": 1, 
            "tags": [
                1, 
                77
            ], 
            "standard": 1, 
            "subject": 1
        }, 
        "model": "core.question", 
        "pk": 191
    }, 
    {
        "fields": {
            "chapter": 11, 
            "school": 1, 
            "tags": [
                4, 
                77
            ], 
            "standard": 1, 
            "subject": 1
        }, 
        "model": "core.question", 
        "pk": 192
    }, 
    {
        "fields": {
            "chapter": 11, 
            "school": 1, 
            "tags": [
                6, 
                77
            ], 
            "standard": 1, 
            "subject": 1
        }, 
        "model": "core.question", 
        "pk": 193
    }, 
    {
        "fields": {
            "chapter": 11, 
            "school": 1, 
            "tags": [
                1, 
                77
            ], 
            "standard": 1, 
            "subject": 1
        }, 
        "model": "core.question", 
        "pk": 194
    }, 
    {
        "fields": {
            "chapter": 11, 
            "school": 1, 
            "tags": [
                1, 
                77
            ], 
            "standard": 1, 
            "subject": 1
        }, 
        "model": "core.question", 
        "pk": 195
    }, 
    {
        "fields": {
            "chapter": 11, 
            "school": 1, 
            "tags": [
                1, 
                77
            ], 
            "standard": 1, 
            "subject": 1
        }, 
        "model": "core.question", 
        "pk": 196
    }, 
    {
        "fields": {
            "chapter": 11, 
            "school": 1, 
            "tags": [
                1, 
                78
            ], 
            "standard": 1, 
            "subject": 1
        }, 
        "model": "core.question", 
        "pk": 197
    }, 
    {
        "fields": {
            "chapter": 11, 
            "school": 1, 
            "tags": [
                1, 
                6, 
                78
            ], 
            "standard": 1, 
            "subject": 1
        }, 
        "model": "core.question", 
        "pk": 198
    }, 
    {
        "fields": {
            "chapter": 11, 
            "school": 1, 
            "tags": [
                4, 
                78
            ], 
            "standard": 1, 
            "subject": 1
        }, 
        "model": "core.question", 
        "pk": 199
    }, 
    {
        "fields": {
            "chapter": 11, 
            "school": 1, 
            "tags": [
                1, 
                78
            ], 
            "standard": 1, 
            "subject": 1
        }, 
        "model": "core.question", 
        "pk": 200
    }, 
    {
        "fields": {
            "index": 0,
            "question": 183, 
            "tags": []
        },
        "model": "core.questionsubpart", 
        "pk": 530
    }, 
    {
        "fields": {
            "index": 1,
            "question": 183, 
            "tags": []
        },
        "model": "core.questionsubpart", 
        "pk": 531
    }, 
    {
        "fields": {
            "index": 2,
            "question": 183, 
            "tags": []
        },
        "model": "core.questionsubpart", 
        "pk": 532
    }, 
    {
        "fields": {
            "index": 3,
            "question": 183, 
            "tags": []
        },
        "model": "core.questionsubpart", 
        "pk": 533
    }, 
    {
        "fields": {
            "index": 0,
            "question": 184, 
            "tags": []
        },
        "model": "core.questionsubpart", 
        "pk": 534
    }, 
    {
        "fields": {
            "index": 1,
            "question": 184, 
            "tags": []
        },
        "model": "core.questionsubpart", 
        "pk": 535
    }, 
    {
        "fields": {
            "index": 2,
            "question": 184, 
            "tags": []
        },
        "model": "core.questionsubpart", 
        "pk": 536
    }, 
    {
        "fields": {
            "index": 3,
            "question": 184, 
            "tags": []
        },
        "model": "core.questionsubpart", 
        "pk": 537
    }, 
    {
        "fields": {
            "index": 0,
            "question": 185, 
            "tags": []
        },
        "model": "core.questionsubpart", 
        "pk": 538
    }, 
    {
        "fields": {
            "index": 1,
            "question": 185, 
            "tags": []
        },
        "model": "core.questionsubpart", 
        "pk": 539
    }, 
    {
        "fields": {
            "index": 0,
            "question": 186, 
            "tags": []
        },
        "model": "core.questionsubpart", 
        "pk": 540
    }, 
    {
        "fields": {
            "index": 1,
            "question": 186, 
            "tags": []
        },
        "model": "core.questionsubpart", 
        "pk": 541
    }, 
    {
        "fields": {
            "index": 0,
            "question": 187, 
            "tags": []
        },
        "model": "core.questionsubpart", 
        "pk": 542
    }, 
    {
        "fields": {
            "index": 1,
            "question": 187, 
            "tags": []
        },
        "model": "core.questionsubpart", 
        "pk": 543
    }, 
    {
        "fields": {
            "index": 0,
            "question": 188, 
            "tags": []
        },
        "model": "core.questionsubpart", 
        "pk": 544
    }, 
    {
        "fields": {
            "index": 0,
            "question": 189, 
            "tags": []
        },
        "model": "core.questionsubpart", 
        "pk": 545
    }, 
    {
        "fields": {
            "index": 0,
            "question": 190, 
            "tags": []
        },
        "model": "core.questionsubpart", 
        "pk": 546
    }, 
    {
        "fields": {
            "index": 1,
            "question": 190, 
            "tags": []
        },
        "model": "core.questionsubpart", 
        "pk": 547
    }, 
    {
        "fields": {
            "index": 2,
            "question": 190, 
            "tags": []
        },
        "model": "core.questionsubpart", 
        "pk": 548
    }, 
    {
        "fields": {
            "index": 0,
            "question": 191, 
            "tags": []
        },
        "model": "core.questionsubpart", 
        "pk": 549
    }, 
    {
        "fields": {
            "index": 1,
            "question": 191, 
            "tags": []
        },
        "model": "core.questionsubpart", 
        "pk": 550
    }, 
    {
        "fields": {
            "index": 0,
            "question": 192, 
            "tags": []
        },
        "model": "core.questionsubpart", 
        "pk": 551
    }, 
    {
        "fields": {
            "index": 1,
            "question": 192, 
            "tags": []
        },
        "model": "core.questionsubpart", 
        "pk": 552
    }, 
    {
        "fields": {
            "index": 0,
            "question": 193, 
            "tags": []
        },
        "model": "core.questionsubpart", 
        "pk": 553
    }, 
    {
        "fields": {
            "index": 0,
            "question": 194, 
            "tags": []
        },
        "model": "core.questionsubpart", 
        "pk": 554
    }, 
    {
        "fields": {
            "index": 0,
            "question": 195, 
            "tags": []
        },
        "model": "core.questionsubpart", 
        "pk": 555
    }, 
    {
        "fields": {
            "index": 0,
            "question": 196, 
            "tags": []
        },
        "model": "core.questionsubpart", 
        "pk": 556
    }, 
    {
        "fields": {
            "index": 0,
            "question": 197, 
            "tags": []
        },
        "model": "core.questionsubpart", 
        "pk": 557
    }, 
    {
        "fields": {
            "index": 1,
            "question": 197, 
            "tags": []
        },
        "model": "core.questionsubpart", 
        "pk": 558
    }, 
    {
        "fields": {
            "index": 2,
            "question": 197, 
            "tags": []
        },
        "model": "core.questionsubpart", 
        "pk": 559
    }, 
    {
        "fields": {
            "index": 3,
            "question": 197, 
            "tags": []
        },
        "model": "core.questionsubpart", 
        "pk": 560
    }, 
    {
        "fields": {
            "index": 4,
            "question": 197, 
            "tags": []
        },
        "model": "core.questionsubpart", 
        "pk": 561
    }, 
    {
        "fields": {
            "index": 5,
            "question": 197, 
            "tags": []
        },
        "model": "core.questionsubpart", 
        "pk": 562
    }, 
    {
        "fields": {
            "index": 0,
            "question": 198, 
            "tags": []
        },
        "model": "core.questionsubpart", 
        "pk": 563
    }, 
    {
        "fields": {
            "index": 0,
            "question": 199, 
            "tags": []
        },
        "model": "core.questionsubpart", 
        "pk": 564
    }, 
    {
        "fields": {
            "index": 1,
            "question": 199, 
            "tags": []
        },
        "model": "core.questionsubpart", 
        "pk": 565
    }, 
    {
        "fields": {
            "index": 2,
            "question": 199, 
            "tags": []
        },
        "model": "core.questionsubpart", 
        "pk": 566
    }, 
    {
        "fields": {
            "index": 0,
            "question": 200, 
            "tags": []
        },
        "model": "core.questionsubpart", 
        "pk": 567
    }, 
    {
        "fields": {
            "chapter": 11, 
            "school": 1, 
            "description": "This assignment covers the concepts of Classification of Polygons, Diagonals of Polygons, Angle sum Property and the Sum of exterior angles of a polygon.", 
            "number": 1, 
            "standard": 1, 
            "questions": [
                183, 
                184, 
                185, 
                186, 
                187, 
                188, 
                189, 
                190
            ], 
            "subject": 1
        }, 
        "model": "core.assignmentquestionslist", 
        "pk": 27
    }, 
    {
        "fields": {
            "chapter": 11, 
            "school": 1, 
            "description": "This assignment covers the Properties of Parallelograms.", 
            "number": 2, 
            "standard": 1, 
            "questions": [
                191, 
                192, 
                193, 
                194, 
                195, 
                196
            ], 
            "subject": 1
        }, 
        "model": "core.assignmentquestionslist", 
        "pk": 28
    }, 
    {
        "fields": {
            "chapter": 11, 
            "school": 1, 
            "description": "This assignment covers the Types of Parallelograms.", 
            "number": 3, 
            "standard": 1, 
            "questions": [
                197, 
                198, 
                199, 
                200
            ], 
            "subject": 1
        }, 
        "model": "core.assignmentquestionslist", 
        "pk": 29
    }
]