[
    {
        "fields": {
            "name": "Data Handling"
        }, 
        "model": "core.chapter", 
        "pk": 13
    }, 
    {
        "fields": {
            "name": "grouping data"
        }, 
        "model": "core.questiontag", 
        "pk": 92
    }, 
    {
        "fields": {
            "name": "frequency distribution"
        }, 
        "model": "core.questiontag", 
        "pk": 93
    }, 
    {
        "fields": {
            "name": "tally marks"
        }, 
        "model": "core.questiontag", 
        "pk": 94
    }, 
    {
        "fields": {
            "name": "histogram"
        }, 
        "model": "core.questiontag", 
        "pk": 95
    }, 
    {
        "fields": {
            "name": "pie charts"
        }, 
        "model": "core.questiontag", 
        "pk": 96
    }, 
    {
        "fields": {
            "name": "drawing pie charts"
        }, 
        "model": "core.questiontag", 
        "pk": 97
    }, 
    {
        "fields": {
            "name": "chance and probability"
        }, 
        "model": "core.questiontag", 
        "pk": 98
    }, 
    {
        "fields": {
            "name": "outcomes as events"
        }, 
        "model": "core.questiontag", 
        "pk": 99
    }, 
    {
        "fields": {
            "chapter": 13, 
            "school": 1, 
            "tags": [
                1, 
                92, 
                93
            ], 
            "standard": 1, 
            "subject": 1
        }, 
        "model": "core.question", 
        "pk": 222
    }, 
    {
        "fields": {
            "chapter": 13, 
            "school": 1, 
            "tags": [
                1, 
                92, 
                94
            ], 
            "standard": 1, 
            "subject": 1
        }, 
        "model": "core.question", 
        "pk": 223
    }, 
    {
        "fields": {
            "chapter": 13, 
            "school": 1, 
            "tags": [
                4, 
                92, 
                95
            ], 
            "standard": 1, 
            "subject": 1
        }, 
        "model": "core.question", 
        "pk": 224
    }, 
    {
        "fields": {
            "chapter": 13, 
            "school": 1, 
            "tags": [
                4, 
                92, 
                96
            ], 
            "standard": 1, 
            "subject": 1
        }, 
        "model": "core.question", 
        "pk": 225
    }, 
    {
        "fields": {
            "chapter": 13, 
            "school": 1, 
            "tags": [
                1, 
                92, 
                96, 
                97
            ], 
            "standard": 1, 
            "subject": 1
        }, 
        "model": "core.question", 
        "pk": 226
    }, 
    {
        "fields": {
            "chapter": 13, 
            "school": 1, 
            "tags": [
                1, 
                98, 
                99
            ], 
            "standard": 1, 
            "subject": 1
        }, 
        "model": "core.question", 
        "pk": 227
    }, 
    {
        "fields": {
            "chapter": 13, 
            "school": 1, 
            "tags": [
                4, 
                98
            ], 
            "standard": 1, 
            "subject": 1
        }, 
        "model": "core.question", 
        "pk": 228
    }, 
    {
        "fields": {
            "chapter": 13, 
            "school": 1, 
            "tags": [
                4, 
                6, 
                98
            ], 
            "standard": 1, 
            "subject": 1
        }, 
        "model": "core.question", 
        "pk": 229
    }, 
    {
        "fields": {
            "chapter": 13, 
            "school": 1, 
            "tags": [
                4, 
                98
            ], 
            "standard": 1, 
            "subject": 1
        }, 
        "model": "core.question", 
        "pk": 230
    }, 
    {
        "fields": {
            "chapter": 13, 
            "school": 1, 
            "tags": [
                4, 
                6, 
                98
            ], 
            "standard": 1, 
            "subject": 1
        }, 
        "model": "core.question", 
        "pk": 231
    }, 
    {
        "fields": {
            "index": 0,
            "question": 222,
            "tags": []
        },
        "model": "core.questionsubpart",
        "pk": 606
    },
    {
        "fields": {
            "index": 1,
            "question": 222,
            "tags": []
        },
        "model": "core.questionsubpart",
        "pk": 607
    },
    {
        "fields": {
            "index": 2,
            "question": 222,
            "tags": []
        },
        "model": "core.questionsubpart",
        "pk": 608
    },
    {
        "fields": {
            "index": 3,
            "question": 222,
            "tags": []
        },
        "model": "core.questionsubpart",
        "pk": 609
    },
    {
        "fields": {
            "index": 4,
            "question": 222,
            "tags": []
        },
        "model": "core.questionsubpart",
        "pk": 610
    },
    {
        "fields": {
            "index": 5,
            "question": 222,
            "tags": []
        },
        "model": "core.questionsubpart",
        "pk": 611
    },
    {
        "fields": {
            "index": 0,
            "question": 223,
            "tags": []
        },
        "model": "core.questionsubpart",
        "pk": 612
    },
    {
        "fields": {
            "index": 1,
            "question": 223,
            "tags": []
        },
        "model": "core.questionsubpart",
        "pk": 613
    },
    {
        "fields": {
            "index": 2,
            "question": 223,
            "tags": []
        },
        "model": "core.questionsubpart",
        "pk": 614
    },
    {
        "fields": {
            "index": 3,
            "question": 223,
            "tags": []
        },
        "model": "core.questionsubpart",
        "pk": 615
    },
    {
        "fields": {
            "index": 0,
            "question": 224,
            "tags": []
        },
        "model": "core.questionsubpart",
        "pk": 616
    },
    {
        "fields": {
            "index": 1,
            "question": 224,
            "tags": []
        },
        "model": "core.questionsubpart",
        "pk": 617
    },
    {
        "fields": {
            "index": 2,
            "question": 224,
            "tags": []
        },
        "model": "core.questionsubpart",
        "pk": 618
    },
    {
        "fields": {
            "index": 3,
            "question": 224,
            "tags": []
        },
        "model": "core.questionsubpart",
        "pk": 619
    },
    {
        "fields": {
            "index": 0,
            "question": 225,
            "tags": []
        },
        "model": "core.questionsubpart",
        "pk": 620
    },
    {
        "fields": {
            "index": 1,
            "question": 225,
            "tags": []
        },
        "model": "core.questionsubpart",
        "pk": 621
    },
    {
        "fields": {
            "index": 2,
            "question": 225,
            "tags": []
        },
        "model": "core.questionsubpart",
        "pk": 622
    },
    {
        "fields": {
            "index": 3,
            "question": 225,
            "tags": []
        },
        "model": "core.questionsubpart",
        "pk": 623
    },
    {
        "fields": {
            "index": 4,
            "question": 225,
            "tags": []
        },
        "model": "core.questionsubpart",
        "pk": 624
    },
    {
        "fields": {
            "index": 0,
            "question": 226,
            "tags": []
        },
        "model": "core.questionsubpart",
        "pk": 625
    },
    {
        "fields": {
            "index": 1,
            "question": 226,
            "tags": []
        },
        "model": "core.questionsubpart",
        "pk": 626
    },
    {
        "fields": {
            "index": 2,
            "question": 226,
            "tags": []
        },
        "model": "core.questionsubpart",
        "pk": 627
    },
    {
        "fields": {
            "index": 3,
            "question": 226,
            "tags": []
        },
        "model": "core.questionsubpart",
        "pk": 628
    },
    {
        "fields": {
            "index": 4,
            "question": 226,
            "tags": []
        },
        "model": "core.questionsubpart",
        "pk": 629
    },
    {
        "fields": {
            "index": 0,
            "question": 227,
            "tags": []
        },
        "model": "core.questionsubpart",
        "pk": 630
    },
    {
        "fields": {
            "index": 1,
            "question": 227,
            "tags": []
        },
        "model": "core.questionsubpart",
        "pk": 631
    },
    {
        "fields": {
            "index": 2,
            "question": 227,
            "tags": []
        },
        "model": "core.questionsubpart",
        "pk": 632
    },
    {
        "fields": {
            "index": 3,
            "question": 227,
            "tags": []
        },
        "model": "core.questionsubpart",
        "pk": 633
    },
    {
        "fields": {
            "index": 0,
            "question": 228,
            "tags": []
        },
        "model": "core.questionsubpart",
        "pk": 634
    },
    {
        "fields": {
            "index": 1,
            "question": 228,
            "tags": []
        },
        "model": "core.questionsubpart",
        "pk": 635
    },
    {
        "fields": {
            "index": 2,
            "question": 228,
            "tags": []
        },
        "model": "core.questionsubpart",
        "pk": 636
    },
    {
        "fields": {
            "index": 0,
            "question": 229,
            "tags": []
        },
        "model": "core.questionsubpart",
        "pk": 637
    },
    {
        "fields": {
            "index": 0,
            "question": 230,
            "tags": []
        },
        "model": "core.questionsubpart",
        "pk": 638
    },
    {
        "fields": {
            "index": 1,
            "question": 230,
            "tags": []
        },
        "model": "core.questionsubpart",
        "pk": 639
    },
    {
        "fields": {
            "index": 2,
            "question": 230,
            "tags": []
        },
        "model": "core.questionsubpart",
        "pk": 640
    },
    {
        "fields": {
            "index": 3,
            "question": 230,
            "tags": []
        },
        "model": "core.questionsubpart",
        "pk": 641
    },
    {
        "fields": {
            "index": 4,
            "question": 230,
            "tags": []
        },
        "model": "core.questionsubpart",
        "pk": 642
    },
    {
        "fields": {
            "index": 5,
            "question": 230,
            "tags": []
        },
        "model": "core.questionsubpart",
        "pk": 643
    },
    {
        "fields": {
            "index": 0,
            "question": 231,
            "tags": []
        },
        "model": "core.questionsubpart",
        "pk": 644
    },
    {
        "fields": {
            "chapter": 13, 
            "school": 1, 
            "description": "This assignment focuses on Data Handling. The concepts covered are Grouping and Organising of Data using Frequency Distribution Table, Tally Marks and Histrograms; and Obtaining values from stored data.", 
            "number": 1, 
            "standard": 1, 
            "questions": [
                222, 
                223, 
                224
            ], 
            "subject": 1
        }, 
        "model": "core.assignmentquestionslist", 
        "pk": 33
    }, 
    {
        "fields": {
            "chapter": 13, 
            "school": 1, 
            "description": "This assignment focuses on Data Handling. The concepts covered are Representation of data in the form of Circle graphs or Pie charts and Obtaining values from stored data.", 
            "number": 2, 
            "standard": 1, 
            "questions": [
                225, 
                226
            ], 
            "subject": 1
        }, 
        "model": "core.assignmentquestionslist", 
        "pk": 34
    }, 
    {
        "fields": {
            "chapter": 13, 
            "school": 1, 
            "description": "This assignment focuses on Data Handling. The concepts covered are Linking Chances with Probability, Equally likely Outcomes and Outcomes as Events.", 
            "number": 3, 
            "standard": 1, 
            "questions": [
                227, 
                228, 
                229, 
                230, 
                231
            ], 
            "subject": 1
        }, 
        "model": "core.assignmentquestionslist", 
        "pk": 35
    }
]