[
    {
        "fields": {
            "name": "Rational Numbers"
        }, 
        "model": "core.chapter", 
        "pk": 14
    }, 
    {
        "fields": {
            "name": "evaluating expressions"
        }, 
        "model": "core.questiontag", 
        "pk": 100
    }, 
    {
        "fields": {
            "name": "properties of rational numbers"
        }, 
        "model": "core.questiontag", 
        "pk": 101
    }, 
    {
        "fields": {
            "name": "multiplicative identity"
        }, 
        "model": "core.questiontag", 
        "pk": 102
    }, 
    {
        "fields": {
            "name": "additive identity"
        }, 
        "model": "core.questiontag", 
        "pk": 103
    }, 
    {
        "fields": {
            "name": "additive inverse"
        }, 
        "model": "core.questiontag", 
        "pk": 104
    }, 
    {
        "fields": {
            "chapter": 14, 
            "school": 1, 
            "tags": [
                1, 
                100
            ], 
            "standard": 1, 
            "subject": 1
        }, 
        "model": "core.question", 
        "pk": 232
    }, 
    {
        "fields": {
            "chapter": 14, 
            "school": 1, 
            "tags": [
                1, 
                101
            ], 
            "standard": 1, 
            "subject": 1
        }, 
        "model": "core.question", 
        "pk": 233
    }, 
    {
        "fields": {
            "chapter": 14, 
            "school": 1, 
            "tags": [
                1, 
                101
            ], 
            "standard": 1, 
            "subject": 1
        }, 
        "model": "core.question", 
        "pk": 234
    }, 
    {
        "fields": {
            "chapter": 14, 
            "school": 1, 
            "tags": [
                1, 
                101
            ], 
            "standard": 1, 
            "subject": 1
        }, 
        "model": "core.question", 
        "pk": 235
    }, 
    {
        "fields": {
            "chapter": 14, 
            "school": 1, 
            "tags": [
                1, 
                102
            ], 
            "standard": 1, 
            "subject": 1
        }, 
        "model": "core.question", 
        "pk": 236
    }, 
    {
        "fields": {
            "chapter": 14, 
            "school": 1, 
            "tags": [
                1, 
                103
            ], 
            "standard": 1, 
            "subject": 1
        }, 
        "model": "core.question", 
        "pk": 237
    }, 
    {
        "fields": {
            "chapter": 14, 
            "school": 1, 
            "tags": [
                1, 
                26
            ], 
            "standard": 1, 
            "subject": 1
        }, 
        "model": "core.question", 
        "pk": 238
    }, 
    {
        "fields": {
            "chapter": 14, 
            "school": 1, 
            "tags": [
                1, 
                26
            ], 
            "standard": 1, 
            "subject": 1
        }, 
        "model": "core.question", 
        "pk": 239
    }, 
    {
        "fields": {
            "chapter": 14, 
            "school": 1, 
            "tags": [
                1, 
                104
            ], 
            "standard": 1, 
            "subject": 1
        }, 
        "model": "core.question", 
        "pk": 240
    }, 
    {
        "fields": {
            "chapter": 14, 
            "school": 1, 
            "tags": [
                1, 
                104
            ], 
            "standard": 1, 
            "subject": 1
        }, 
        "model": "core.question", 
        "pk": 241
    }, 
    {
        "fields": {
            "chapter": 14, 
            "school": 1, 
            "tags": [
                1, 
                100
            ], 
            "standard": 1, 
            "subject": 1
        }, 
        "model": "core.question", 
        "pk": 242
    }, 
    {
        "fields": {
            "chapter": 14, 
            "school": 1, 
            "tags": [
                1, 
                26
            ], 
            "standard": 1, 
            "subject": 1
        }, 
        "model": "core.question", 
        "pk": 243
    }, 
    {
        "fields": {
            "chapter": 14, 
            "school": 1, 
            "tags": [
                1, 
                100
            ], 
            "standard": 1, 
            "subject": 1
        }, 
        "model": "core.question", 
        "pk": 244
    }, 
    {
        "fields": {
            "chapter": 14, 
            "school": 1, 
            "tags": [
                1, 
                101
            ], 
            "standard": 1, 
            "subject": 1
        }, 
        "model": "core.question", 
        "pk": 245
    }, 
    {
        "fields": {
            "chapter": 14, 
            "school": 1, 
            "tags": [
                1, 
                26
            ], 
            "standard": 1, 
            "subject": 1
        }, 
        "model": "core.question", 
        "pk": 246
    }, 
    {
        "fields": {
            "chapter": 14, 
            "school": 1, 
            "tags": [
                1, 
                101
            ], 
            "standard": 1, 
            "subject": 1
        }, 
        "model": "core.question", 
        "pk": 247
    }, 
    {
        "fields": {
            "chapter": 14, 
            "school": 1, 
            "tags": [
                1, 
                101
            ], 
            "standard": 1, 
            "subject": 1
        }, 
        "model": "core.question", 
        "pk": 248
    }, 
    {
        "fields": {
            "index": 0,
            "question": 232,
            "tags": []
        },
        "model": "core.questionsubpart",
        "pk": 645
    },
    {
        "fields": {
            "index": 0,
            "question": 233,
            "tags": []
        },
        "model": "core.questionsubpart",
        "pk": 646
    },
    {
        "fields": {
            "index": 0,
            "question": 234,
            "tags": []
        },
        "model": "core.questionsubpart",
        "pk": 647
    },
    {
        "fields": {
            "index": 0,
            "question": 235,
            "tags": []
        },
        "model": "core.questionsubpart",
        "pk": 648
    },
    {
        "fields": {
            "index": 0,
            "question": 236,
            "tags": []
        },
        "model": "core.questionsubpart",
        "pk": 649
    },
    {
        "fields": {
            "index": 0,
            "question": 237,
            "tags": []
        },
        "model": "core.questionsubpart",
        "pk": 650
    },
    {
        "fields": {
            "index": 0,
            "question": 238,
            "tags": []
        },
        "model": "core.questionsubpart",
        "pk": 651
    },
    {
        "fields": {
            "index": 0,
            "question": 239,
            "tags": []
        },
        "model": "core.questionsubpart",
        "pk": 652
    },
    {
        "fields": {
            "index": 0,
            "question": 240,
            "tags": []
        },
        "model": "core.questionsubpart",
        "pk": 653
    },
    {
        "fields": {
            "index": 0,
            "question": 241,
            "tags": []
        },
        "model": "core.questionsubpart",
        "pk": 654
    },
    {
        "fields": {
            "index": 0,
            "question": 242,
            "tags": []
        },
        "model": "core.questionsubpart",
        "pk": 655
    },
    {
        "fields": {
            "index": 0,
            "question": 243,
            "tags": []
        },
        "model": "core.questionsubpart",
        "pk": 656
    },
    {
        "fields": {
            "index": 1,
            "question": 243,
            "tags": []
        },
        "model": "core.questionsubpart",
        "pk": 657
    },
    {
        "fields": {
            "index": 0,
            "question": 244,
            "tags": []
        },
        "model": "core.questionsubpart",
        "pk": 658
    },
    {
        "fields": {
            "index": 0,
            "question": 245,
            "tags": []
        },
        "model": "core.questionsubpart",
        "pk": 659
    },
    {
        "fields": {
            "index": 0,
            "question": 246,
            "tags": []
        },
        "model": "core.questionsubpart",
        "pk": 660
    },
    {
        "fields": {
            "index": 0,
            "question": 247,
            "tags": []
        },
        "model": "core.questionsubpart",
        "pk": 661
    },
    {
        "fields": {
            "index": 1,
            "question": 247,
            "tags": []
        },
        "model": "core.questionsubpart",
        "pk": 662
    },
    {
        "fields": {
            "index": 2,
            "question": 247,
            "tags": []
        },
        "model": "core.questionsubpart",
        "pk": 663
    },
    {
        "fields": {
            "index": 0,
            "question": 248,
            "tags": []
        },
        "model": "core.questionsubpart",
        "pk": 664
    },
    {
        "fields": {
            "index": 1,
            "question": 248,
            "tags": []
        },
        "model": "core.questionsubpart",
        "pk": 665
    },
    {
        "fields": {
            "chapter": 14, 
            "school": 1, 
            "description": "This assignment covers the basics and understanding of Rational Numbers, their identities and evaluation", 
            "number": 1, 
            "standard": 1, 
            "questions": [
                232, 
                233, 
                234, 
                235, 
                236, 
                237, 
                238, 
                239, 
                240, 
                241, 
                242, 
                243, 
                244, 
                245, 
                246, 
                247, 
                248
            ], 
            "subject": 1
        }, 
        "model": "core.assignmentquestionslist", 
        "pk": 36
    }
]