[
    {
        "fields": {
            "name": "Linear Equations"
        }, 
        "model": "core.chapter", 
        "pk": 15
    }, 
    {
        "fields": {
            "name": "identifying the type of equation"
        }, 
        "model": "core.questiontag", 
        "pk": 105
    }, 
    {
        "fields": {
            "name": "linear equations involving decimals"
        }, 
        "model": "core.questiontag", 
        "pk": 106
    }, 
    {
        "fields": {
            "name": "linear equations involving fractions"
        }, 
        "model": "core.questiontag", 
        "pk": 107
    }, 
    {
        "fields": {
            "name": "linear equations based on geometry"
        }, 
        "model": "core.questiontag", 
        "pk": 108
    }, 
    {
        "fields": {
            "name": "linear equations based on money"
        }, 
        "model": "core.questiontag", 
        "pk": 109
    }, 
    {
        "fields": {
            "name": "complex equations"
        }, 
        "model": "core.questiontag", 
        "pk": 110
    }, 
    {
        "fields": {
            "name": "equations involving consecutive numbers"
        }, 
        "model": "core.questiontag", 
        "pk": 111
    }, 
    {
        "fields": {
            "name": "variables on both sides"
        }, 
        "model": "core.questiontag", 
        "pk": 112
    }, 
    {
        "fields": {
            "chapter": 15, 
            "school": 1, 
            "tags": [
                1, 
                19
            ], 
            "standard": 1, 
            "subject": 1
        }, 
        "model": "core.question", 
        "pk": 249
    }, 
    {
        "fields": {
            "chapter": 15, 
            "school": 1, 
            "tags": [
                1, 
                19
            ], 
            "standard": 1, 
            "subject": 1
        }, 
        "model": "core.question", 
        "pk": 250
    }, 
    {
        "fields": {
            "chapter": 15, 
            "school": 1, 
            "tags": [
                1, 
                105
            ], 
            "standard": 1, 
            "subject": 1
        }, 
        "model": "core.question", 
        "pk": 251
    }, 
    {
        "fields": {
            "chapter": 15, 
            "school": 1, 
            "tags": [
                1, 
                19
            ], 
            "standard": 1, 
            "subject": 1
        }, 
        "model": "core.question", 
        "pk": 252
    }, 
    {
        "fields": {
            "chapter": 15, 
            "school": 1, 
            "tags": [
                1, 
                106
            ], 
            "standard": 1, 
            "subject": 1
        }, 
        "model": "core.question", 
        "pk": 253
    }, 
    {
        "fields": {
            "chapter": 15, 
            "school": 1, 
            "tags": [
                1, 
                19
            ], 
            "standard": 1, 
            "subject": 1
        }, 
        "model": "core.question", 
        "pk": 254
    }, 
    {
        "fields": {
            "chapter": 15, 
            "school": 1, 
            "tags": [
                1, 
                107
            ], 
            "standard": 1, 
            "subject": 1
        }, 
        "model": "core.question", 
        "pk": 255
    }, 
    {
        "fields": {
            "chapter": 15, 
            "school": 1, 
            "tags": [
                1, 
                107
            ], 
            "standard": 1, 
            "subject": 1
        }, 
        "model": "core.question", 
        "pk": 256
    }, 
    {
        "fields": {
            "chapter": 15, 
            "school": 1, 
            "tags": [
                4, 
                108
            ], 
            "standard": 1, 
            "subject": 1
        }, 
        "model": "core.question", 
        "pk": 257
    }, 
    {
        "fields": {
            "chapter": 15, 
            "school": 1, 
            "tags": [
                4, 
                19
            ], 
            "standard": 1, 
            "subject": 1
        }, 
        "model": "core.question", 
        "pk": 258
    }, 
    {
        "fields": {
            "chapter": 15, 
            "school": 1, 
            "tags": [
                4, 
                109
            ], 
            "standard": 1, 
            "subject": 1
        }, 
        "model": "core.question", 
        "pk": 259
    }, 
    {
        "fields": {
            "chapter": 15, 
            "school": 1, 
            "tags": [
                1, 
                23
            ], 
            "standard": 1, 
            "subject": 1
        }, 
        "model": "core.question", 
        "pk": 260
    }, 
    {
        "fields": {
            "chapter": 15, 
            "school": 1, 
            "tags": [
                1, 
                23
            ], 
            "standard": 1, 
            "subject": 1
        }, 
        "model": "core.question", 
        "pk": 261
    }, 
    {
        "fields": {
            "chapter": 15, 
            "school": 1, 
            "tags": [
                4, 
                6, 
                110
            ], 
            "standard": 1, 
            "subject": 1
        }, 
        "model": "core.question", 
        "pk": 262
    }, 
    {
        "fields": {
            "chapter": 15, 
            "school": 1, 
            "tags": [
                1, 
                6, 
                110
            ], 
            "standard": 1, 
            "subject": 1
        }, 
        "model": "core.question", 
        "pk": 263
    }, 
    {
        "fields": {
            "chapter": 15, 
            "school": 1, 
            "tags": [
                4, 
                108
            ], 
            "standard": 1, 
            "subject": 1
        }, 
        "model": "core.question", 
        "pk": 264
    }, 
    {
        "fields": {
            "chapter": 15, 
            "school": 1, 
            "tags": [
                4, 
                111
            ], 
            "standard": 1, 
            "subject": 1
        }, 
        "model": "core.question", 
        "pk": 265
    }, 
    {
        "fields": {
            "chapter": 15, 
            "school": 1, 
            "tags": [
                4, 
                111
            ], 
            "standard": 1, 
            "subject": 1
        }, 
        "model": "core.question", 
        "pk": 266
    }, 
    {
        "fields": {
            "chapter": 15, 
            "school": 1, 
            "tags": [
                4, 
                110
            ], 
            "standard": 1, 
            "subject": 1
        }, 
        "model": "core.question", 
        "pk": 267
    }, 
    {
        "fields": {
            "chapter": 15, 
            "school": 1, 
            "tags": [
                1, 
                19
            ], 
            "standard": 1, 
            "subject": 1
        }, 
        "model": "core.question", 
        "pk": 268
    }, 
    {
        "fields": {
            "chapter": 15, 
            "school": 1, 
            "tags": [
                4, 
                6, 
                19, 
                110
            ], 
            "standard": 1, 
            "subject": 1
        }, 
        "model": "core.question", 
        "pk": 269
    }, 
    {
        "fields": {
            "chapter": 15, 
            "school": 1, 
            "tags": [
                1, 
                112
            ], 
            "standard": 1, 
            "subject": 1
        }, 
        "model": "core.question", 
        "pk": 270
    }, 
    {
        "fields": {
            "chapter": 15, 
            "school": 1, 
            "tags": [
                4, 
                112
            ], 
            "standard": 1, 
            "subject": 1
        }, 
        "model": "core.question", 
        "pk": 271
    }, 
    {
        "fields": {
            "chapter": 15, 
            "school": 1, 
            "tags": [
                4, 
                112
            ], 
            "standard": 1, 
            "subject": 1
        }, 
        "model": "core.question", 
        "pk": 272
    }, 
    {
        "fields": {
            "chapter": 15, 
            "school": 1, 
            "tags": [
                1, 
                112
            ], 
            "standard": 1, 
            "subject": 1
        }, 
        "model": "core.question", 
        "pk": 273
    }, 
    {
        "fields": {
            "chapter": 15, 
            "school": 1, 
            "tags": [
                4, 
                112
            ], 
            "standard": 1, 
            "subject": 1
        }, 
        "model": "core.question", 
        "pk": 274
    }, 
    {
        "fields": {
            "chapter": 15, 
            "school": 1, 
            "tags": [
                1, 
                19
            ], 
            "standard": 1, 
            "subject": 1
        }, 
        "model": "core.question", 
        "pk": 275
    }, 
    {
        "fields": {
            "chapter": 15, 
            "school": 1, 
            "tags": [
                4, 
                19
            ], 
            "standard": 1, 
            "subject": 1
        }, 
        "model": "core.question", 
        "pk": 276
    }, 
    {
        "fields": {
            "chapter": 15, 
            "school": 1, 
            "tags": [
                4, 
                23
            ], 
            "standard": 1, 
            "subject": 1
        }, 
        "model": "core.question", 
        "pk": 277
    }, 
    {
        "fields": {
            "chapter": 15, 
            "school": 1, 
            "tags": [
                4, 
                23
            ], 
            "standard": 1, 
            "subject": 1
        }, 
        "model": "core.question", 
        "pk": 278
    }, 
    {
        "fields": {
            "chapter": 15, 
            "school": 1, 
            "description": "This assignment covers Solving Linear Equations which have Linear Expression on one side and numbers on the other and their applications.", 
            "number": 1, 
            "standard": 1, 
            "questions": [
                249, 
                250, 
                251, 
                252, 
                253, 
                254, 
                255, 
                256, 
                257, 
                258, 
                259, 
                260, 
                261, 
                262, 
                263, 
                264, 
                265, 
                266, 
                267
            ], 
            "subject": 1
        }, 
        "model": "core.assignmentquestionslist", 
        "pk": 37
    }, 
    {
        "fields": {
            "chapter": 15, 
            "school": 1, 
            "description": "This assignment covers Solving Linear Equations having variables on both sides and their applications.", 
            "number": 2, 
            "standard": 1, 
            "questions": [
                268, 
                269, 
                270, 
                271, 
                272, 
                273, 
                274
            ], 
            "subject": 1
        }, 
        "model": "core.assignmentquestionslist", 
        "pk": 38
    }, 
    {
        "fields": {
            "chapter": 15, 
            "school": 1, 
            "description": "This assignment covers Reducing Equations to simpler form and further converting them to Linear Equations and its applications.", 
            "number": 3, 
            "standard": 1, 
            "questions": [
                275, 
                276, 
                277, 
                278
            ], 
            "subject": 1
        }, 
        "model": "core.assignmentquestionslist", 
        "pk": 39
    }
]