[
    {
        "fields": {
            "name": "Linear Equations"
        }, 
        "model": "core.chapter", 
        "pk": 15
    }, 
    {
        "fields": {
            "name": "identifying the type of equation"
        }, 
        "model": "core.questiontag", 
        "pk": 105
    }, 
    {
        "fields": {
            "name": "linear equations involving decimals"
        }, 
        "model": "core.questiontag", 
        "pk": 106
    }, 
    {
        "fields": {
            "name": "linear equations involving fractions"
        }, 
        "model": "core.questiontag", 
        "pk": 107
    }, 
    {
        "fields": {
            "name": "linear equations based on geometry"
        }, 
        "model": "core.questiontag", 
        "pk": 108
    }, 
    {
        "fields": {
            "name": "linear equations based on money"
        }, 
        "model": "core.questiontag", 
        "pk": 109
    }, 
    {
        "fields": {
            "name": "complex equations"
        }, 
        "model": "core.questiontag", 
        "pk": 110
    }, 
    {
        "fields": {
            "name": "equations involving consecutive numbers"
        }, 
        "model": "core.questiontag", 
        "pk": 111
    }, 
    {
        "fields": {
            "name": "variables on both sides"
        }, 
        "model": "core.questiontag", 
        "pk": 112
    }, 
    {
        "fields": {
            "chapter": 15, 
            "school": 1, 
            "tags": [
                1, 
                19
            ], 
            "standard": 1, 
            "subject": 1
        }, 
        "model": "core.question", 
        "pk": 249
    }, 
    {
        "fields": {
            "chapter": 15, 
            "school": 1, 
            "tags": [
                1, 
                19
            ], 
            "standard": 1, 
            "subject": 1
        }, 
        "model": "core.question", 
        "pk": 250
    }, 
    {
        "fields": {
            "chapter": 15, 
            "school": 1, 
            "tags": [
                1, 
                105
            ], 
            "standard": 1, 
            "subject": 1
        }, 
        "model": "core.question", 
        "pk": 251
    }, 
    {
        "fields": {
            "chapter": 15, 
            "school": 1, 
            "tags": [
                1, 
                19
            ], 
            "standard": 1, 
            "subject": 1
        }, 
        "model": "core.question", 
        "pk": 252
    }, 
    {
        "fields": {
            "chapter": 15, 
            "school": 1, 
            "tags": [
                1, 
                106
            ], 
            "standard": 1, 
            "subject": 1
        }, 
        "model": "core.question", 
        "pk": 253
    }, 
    {
        "fields": {
            "chapter": 15, 
            "school": 1, 
            "tags": [
                1, 
                19
            ], 
            "standard": 1, 
            "subject": 1
        }, 
        "model": "core.question", 
        "pk": 254
    }, 
    {
        "fields": {
            "chapter": 15, 
            "school": 1, 
            "tags": [
                1, 
                107
            ], 
            "standard": 1, 
            "subject": 1
        }, 
        "model": "core.question", 
        "pk": 255
    }, 
    {
        "fields": {
            "chapter": 15, 
            "school": 1, 
            "tags": [
                1, 
                107
            ], 
            "standard": 1, 
            "subject": 1
        }, 
        "model": "core.question", 
        "pk": 256
    }, 
    {
        "fields": {
            "chapter": 15, 
            "school": 1, 
            "tags": [
                4, 
                108
            ], 
            "standard": 1, 
            "subject": 1
        }, 
        "model": "core.question", 
        "pk": 257
    }, 
    {
        "fields": {
            "chapter": 15, 
            "school": 1, 
            "tags": [
                4, 
                19
            ], 
            "standard": 1, 
            "subject": 1
        }, 
        "model": "core.question", 
        "pk": 258
    }, 
    {
        "fields": {
            "chapter": 15, 
            "school": 1, 
            "tags": [
                4, 
                109
            ], 
            "standard": 1, 
            "subject": 1
        }, 
        "model": "core.question", 
        "pk": 259
    }, 
    {
        "fields": {
            "chapter": 15, 
            "school": 1, 
            "tags": [
                1, 
                23
            ], 
            "standard": 1, 
            "subject": 1
        }, 
        "model": "core.question", 
        "pk": 260
    }, 
    {
        "fields": {
            "chapter": 15, 
            "school": 1, 
            "tags": [
                1, 
                23
            ], 
            "standard": 1, 
            "subject": 1
        }, 
        "model": "core.question", 
        "pk": 261
    }, 
    {
        "fields": {
            "chapter": 15, 
            "school": 1, 
            "tags": [
                4, 
                6, 
                110
            ], 
            "standard": 1, 
            "subject": 1
        }, 
        "model": "core.question", 
        "pk": 262
    }, 
    {
        "fields": {
            "chapter": 15, 
            "school": 1, 
            "tags": [
                1, 
                6, 
                110
            ], 
            "standard": 1, 
            "subject": 1
        }, 
        "model": "core.question", 
        "pk": 263
    }, 
    {
        "fields": {
            "chapter": 15, 
            "school": 1, 
            "tags": [
                4, 
                108
            ], 
            "standard": 1, 
            "subject": 1
        }, 
        "model": "core.question", 
        "pk": 264
    }, 
    {
        "fields": {
            "chapter": 15, 
            "school": 1, 
            "tags": [
                4, 
                111
            ], 
            "standard": 1, 
            "subject": 1
        }, 
        "model": "core.question", 
        "pk": 265
    }, 
    {
        "fields": {
            "chapter": 15, 
            "school": 1, 
            "tags": [
                4, 
                111
            ], 
            "standard": 1, 
            "subject": 1
        }, 
        "model": "core.question", 
        "pk": 266
    }, 
    {
        "fields": {
            "chapter": 15, 
            "school": 1, 
            "tags": [
                4, 
                110
            ], 
            "standard": 1, 
            "subject": 1
        }, 
        "model": "core.question", 
        "pk": 267
    }, 
    {
        "fields": {
            "chapter": 15, 
            "school": 1, 
            "tags": [
                1, 
                19
            ], 
            "standard": 1, 
            "subject": 1
        }, 
        "model": "core.question", 
        "pk": 268
    }, 
    {
        "fields": {
            "chapter": 15, 
            "school": 1, 
            "tags": [
                4, 
                6, 
                19, 
                110
            ], 
            "standard": 1, 
            "subject": 1
        }, 
        "model": "core.question", 
        "pk": 269
    }, 
    {
        "fields": {
            "chapter": 15, 
            "school": 1, 
            "tags": [
                1, 
                112
            ], 
            "standard": 1, 
            "subject": 1
        }, 
        "model": "core.question", 
        "pk": 270
    }, 
    {
        "fields": {
            "chapter": 15, 
            "school": 1, 
            "tags": [
                4, 
                112
            ], 
            "standard": 1, 
            "subject": 1
        }, 
        "model": "core.question", 
        "pk": 271
    }, 
    {
        "fields": {
            "chapter": 15, 
            "school": 1, 
            "tags": [
                4, 
                112
            ], 
            "standard": 1, 
            "subject": 1
        }, 
        "model": "core.question", 
        "pk": 272
    }, 
    {
        "fields": {
            "chapter": 15, 
            "school": 1, 
            "tags": [
                1, 
                112
            ], 
            "standard": 1, 
            "subject": 1
        }, 
        "model": "core.question", 
        "pk": 273
    }, 
    {
        "fields": {
            "chapter": 15, 
            "school": 1, 
            "tags": [
                4, 
                112
            ], 
            "standard": 1, 
            "subject": 1
        }, 
        "model": "core.question", 
        "pk": 274
    }, 
    {
        "fields": {
            "chapter": 15, 
            "school": 1, 
            "tags": [
                1, 
                19
            ], 
            "standard": 1, 
            "subject": 1
        }, 
        "model": "core.question", 
        "pk": 275
    }, 
    {
        "fields": {
            "chapter": 15, 
            "school": 1, 
            "tags": [
                4, 
                19
            ], 
            "standard": 1, 
            "subject": 1
        }, 
        "model": "core.question", 
        "pk": 276
    }, 
    {
        "fields": {
            "chapter": 15, 
            "school": 1, 
            "tags": [
                4, 
                23
            ], 
            "standard": 1, 
            "subject": 1
        }, 
        "model": "core.question", 
        "pk": 277
    }, 
    {
        "fields": {
            "chapter": 15, 
            "school": 1, 
            "tags": [
                4, 
                23
            ], 
            "standard": 1, 
            "subject": 1
        }, 
        "model": "core.question", 
        "pk": 278
    }, 
    {
        "fields": {
            "index": 0,
            "question": 249, 
            "tags": []
        },
        "model": "core.questionsubpart", 
        "pk": 666
    }, 
    {
        "fields": {
            "index": 0,
            "question": 250, 
            "tags": []
        },
        "model": "core.questionsubpart", 
        "pk": 667
    }, 
    {
        "fields": {
            "index": 0,
            "question": 251, 
            "tags": []
        },
        "model": "core.questionsubpart", 
        "pk": 668
    }, 
    {
        "fields": {
            "index": 0,
            "question": 252, 
            "tags": []
        },
        "model": "core.questionsubpart", 
        "pk": 669
    }, 
    {
        "fields": {
            "index": 0,
            "question": 253, 
            "tags": []
        },
        "model": "core.questionsubpart", 
        "pk": 670
    }, 
    {
        "fields": {
            "index": 0,
            "question": 254, 
            "tags": []
        },
        "model": "core.questionsubpart", 
        "pk": 671
    }, 
    {
        "fields": {
            "index": 0,
            "question": 255, 
            "tags": []
        },
        "model": "core.questionsubpart", 
        "pk": 672
    }, 
    {
        "fields": {
            "index": 0,
            "question": 256, 
            "tags": []
        },
        "model": "core.questionsubpart", 
        "pk": 673
    }, 
    {
        "fields": {
            "index": 0,
            "question": 257, 
            "tags": []
        },
        "model": "core.questionsubpart", 
        "pk": 674
    }, 
    {
        "fields": {
            "index": 1,
            "question": 257, 
            "tags": []
        },
        "model": "core.questionsubpart", 
        "pk": 675
    }, 
    {
        "fields": {
            "index": 2,
            "question": 257, 
            "tags": []
        },
        "model": "core.questionsubpart", 
        "pk": 676
    }, 
    {
        "fields": {
            "index": 0,
            "question": 258, 
            "tags": []
        },
        "model": "core.questionsubpart", 
        "pk": 677
    }, 
    {
        "fields": {
            "index": 1,
            "question": 258, 
            "tags": []
        },
        "model": "core.questionsubpart", 
        "pk": 678
    }, 
    {
        "fields": {
            "index": 2,
            "question": 258, 
            "tags": []
        },
        "model": "core.questionsubpart", 
        "pk": 679
    }, 
    {
        "fields": {
            "index": 0,
            "question": 259, 
            "tags": []
        },
        "model": "core.questionsubpart", 
        "pk": 680
    }, 
    {
        "fields": {
            "index": 0,
            "question": 260, 
            "tags": []
        },
        "model": "core.questionsubpart", 
        "pk": 681
    }, 
    {
        "fields": {
            "index": 1,
            "question": 260, 
            "tags": []
        },
        "model": "core.questionsubpart", 
        "pk": 682
    }, 
    {
        "fields": {
            "index": 0,
            "question": 261, 
            "tags": []
        },
        "model": "core.questionsubpart", 
        "pk": 683
    }, 
    {
        "fields": {
            "index": 1,
            "question": 261, 
            "tags": []
        },
        "model": "core.questionsubpart", 
        "pk": 684
    }, 
    {
        "fields": {
            "index": 0,
            "question": 262, 
            "tags": []
        },
        "model": "core.questionsubpart", 
        "pk": 685
    }, 
    {
        "fields": {
            "index": 1,
            "question": 262, 
            "tags": []
        },
        "model": "core.questionsubpart", 
        "pk": 686
    }, 
    {
        "fields": {
            "index": 2,
            "question": 262, 
            "tags": []
        },
        "model": "core.questionsubpart", 
        "pk": 687
    }, 
    {
        "fields": {
            "index": 0,
            "question": 263, 
            "tags": []
        },
        "model": "core.questionsubpart", 
        "pk": 688
    }, 
    {
        "fields": {
            "index": 0,
            "question": 264, 
            "tags": []
        },
        "model": "core.questionsubpart", 
        "pk": 689
    }, 
    {
        "fields": {
            "index": 1,
            "question": 264, 
            "tags": []
        },
        "model": "core.questionsubpart", 
        "pk": 690
    }, 
    {
        "fields": {
            "index": 2,
            "question": 264, 
            "tags": []
        },
        "model": "core.questionsubpart", 
        "pk": 691
    }, 
    {
        "fields": {
            "index": 0,
            "question": 265, 
            "tags": []
        },
        "model": "core.questionsubpart", 
        "pk": 692
    }, 
    {
        "fields": {
            "index": 1,
            "question": 265, 
            "tags": []
        },
        "model": "core.questionsubpart", 
        "pk": 693
    }, 
    {
        "fields": {
            "index": 0,
            "question": 266, 
            "tags": []
        },
        "model": "core.questionsubpart", 
        "pk": 694
    }, 
    {
        "fields": {
            "index": 1,
            "question": 266, 
            "tags": []
        },
        "model": "core.questionsubpart", 
        "pk": 695
    }, 
    {
        "fields": {
            "index": 2,
            "question": 266, 
            "tags": []
        },
        "model": "core.questionsubpart", 
        "pk": 696
    }, 
    {
        "fields": {
            "index": 0,
            "question": 267, 
            "tags": []
        },
        "model": "core.questionsubpart", 
        "pk": 697
    }, 
    {
        "fields": {
            "index": 1,
            "question": 267, 
            "tags": []
        },
        "model": "core.questionsubpart", 
        "pk": 698
    }, 
    {
        "fields": {
            "index": 0,
            "question": 268, 
            "tags": []
        },
        "model": "core.questionsubpart", 
        "pk": 699
    }, 
    {
        "fields": {
            "index": 1,
            "question": 268, 
            "tags": []
        },
        "model": "core.questionsubpart", 
        "pk": 700
    }, 
    {
        "fields": {
            "index": 2,
            "question": 268, 
            "tags": []
        },
        "model": "core.questionsubpart", 
        "pk": 701
    }, 
    {
        "fields": {
            "index": 0,
            "question": 269, 
            "tags": []
        },
        "model": "core.questionsubpart", 
        "pk": 702
    }, 
    {
        "fields": {
            "index": 0,
            "question": 270, 
            "tags": []
        },
        "model": "core.questionsubpart", 
        "pk": 703
    }, 
    {
        "fields": {
            "index": 0,
            "question": 271, 
            "tags": []
        },
        "model": "core.questionsubpart", 
        "pk": 704
    }, 
    {
        "fields": {
            "index": 0,
            "question": 272, 
            "tags": []
        },
        "model": "core.questionsubpart", 
        "pk": 705
    }, 
    {
        "fields": {
            "index": 0,
            "question": 273, 
            "tags": []
        },
        "model": "core.questionsubpart", 
        "pk": 706
    }, 
    {
        "fields": {
            "index": 1,
            "question": 273, 
            "tags": []
        },
        "model": "core.questionsubpart", 
        "pk": 707
    }, 
    {
        "fields": {
            "index": 2,
            "question": 273, 
            "tags": []
        },
        "model": "core.questionsubpart", 
        "pk": 708
    }, 
    {
        "fields": {
            "index": 0,
            "question": 274, 
            "tags": []
        },
        "model": "core.questionsubpart", 
        "pk": 709
    }, 
    {
        "fields": {
            "index": 1,
            "question": 274, 
            "tags": []
        },
        "model": "core.questionsubpart", 
        "pk": 710
    }, 
    {
        "fields": {
            "index": 2,
            "question": 274, 
            "tags": []
        },
        "model": "core.questionsubpart", 
        "pk": 711
    }, 
    {
        "fields": {
            "index": 0,
            "question": 275, 
            "tags": []
        },
        "model": "core.questionsubpart", 
        "pk": 712
    }, 
    {
        "fields": {
            "index": 1,
            "question": 275, 
            "tags": []
        },
        "model": "core.questionsubpart", 
        "pk": 713
    }, 
    {
        "fields": {
            "index": 2,
            "question": 275, 
            "tags": []
        },
        "model": "core.questionsubpart", 
        "pk": 714
    }, 
    {
        "fields": {
            "index": 3,
            "question": 275, 
            "tags": []
        },
        "model": "core.questionsubpart", 
        "pk": 715
    }, 
    {
        "fields": {
            "index": 0,
            "question": 276, 
            "tags": []
        },
        "model": "core.questionsubpart", 
        "pk": 716
    }, 
    {
        "fields": {
            "index": 1,
            "question": 276, 
            "tags": []
        },
        "model": "core.questionsubpart", 
        "pk": 717
    }, 
    {
        "fields": {
            "index": 0,
            "question": 277, 
            "tags": []
        },
        "model": "core.questionsubpart", 
        "pk": 718
    }, 
    {
        "fields": {
            "index": 0,
            "question": 278, 
            "tags": []
        },
        "model": "core.questionsubpart", 
        "pk": 719
    }, 
    {
        "fields": {
            "chapter": 15, 
            "school": 1, 
            "description": "This assignment covers Solving Linear Equations which have Linear Expression on one side and numbers on the other and their applications.", 
            "number": 1, 
            "standard": 1, 
            "questions": [
                249, 
                250, 
                251, 
                252, 
                253, 
                254, 
                255, 
                256, 
                257, 
                258, 
                259, 
                260, 
                261, 
                262, 
                263, 
                264, 
                265, 
                266, 
                267
            ], 
            "subject": 1
        }, 
        "model": "core.assignmentquestionslist", 
        "pk": 37
    }, 
    {
        "fields": {
            "chapter": 15, 
            "school": 1, 
            "description": "This assignment covers Solving Linear Equations having variables on both sides and their applications.", 
            "number": 2, 
            "standard": 1, 
            "questions": [
                268, 
                269, 
                270, 
                271, 
                272, 
                273, 
                274
            ], 
            "subject": 1
        }, 
        "model": "core.assignmentquestionslist", 
        "pk": 38
    }, 
    {
        "fields": {
            "chapter": 15, 
            "school": 1, 
            "description": "This assignment covers Reducing Equations to simpler form and further converting them to Linear Equations and its applications.", 
            "number": 3, 
            "standard": 1, 
            "questions": [
                275, 
                276, 
                277, 
                278
            ], 
            "subject": 1
        }, 
        "model": "core.assignmentquestionslist", 
        "pk": 39
    }
]