[
    {
        "fields": {
            "name": "Visualizing Solids"
        }, 
        "model": "core.chapter", 
        "pk": 16
    }, 
    {
        "fields": {
            "name": "identifying views"
        }, 
        "model": "core.questiontag", 
        "pk": 113
    }, 
    {
        "fields": {
            "name": "solid nets"
        }, 
        "model": "core.questiontag", 
        "pk": 114
    }, 
    {
        "fields": {
            "name": "types of solids"
        }, 
        "model": "core.questiontag", 
        "pk": 115
    }, 
    {
        "fields": {
            "name": "visualizing maps"
        }, 
        "model": "core.questiontag", 
        "pk": 116
    }, 
    {
        "fields": {
            "name": "euler's formula"
        }, 
        "model": "core.questiontag", 
        "pk": 117
    }, 
    {
        "fields": {
            "chapter": 16, 
            "school": 1, 
            "tags": [
                1, 
                113
            ], 
            "standard": 1, 
            "subject": 1
        }, 
        "model": "core.question", 
        "pk": 279
    }, 
    {
        "fields": {
            "chapter": 16, 
            "school": 1, 
            "tags": [
                1, 
                113
            ], 
            "standard": 1, 
            "subject": 1
        }, 
        "model": "core.question", 
        "pk": 280
    }, 
    {
        "fields": {
            "chapter": 16, 
            "school": 1, 
            "tags": [
                4, 
                114
            ], 
            "standard": 1, 
            "subject": 1
        }, 
        "model": "core.question", 
        "pk": 281
    }, 
    {
        "fields": {
            "chapter": 16, 
            "school": 1, 
            "tags": [
                1, 
                115
            ], 
            "standard": 1, 
            "subject": 1
        }, 
        "model": "core.question", 
        "pk": 282
    }, 
    {
        "fields": {
            "chapter": 16, 
            "school": 1, 
            "tags": [
                4, 
                116
            ], 
            "standard": 1, 
            "subject": 1
        }, 
        "model": "core.question", 
        "pk": 283
    }, 
    {
        "fields": {
            "chapter": 16, 
            "school": 1, 
            "tags": [
                4, 
                116
            ], 
            "standard": 1, 
            "subject": 1
        }, 
        "model": "core.question", 
        "pk": 284
    }, 
    {
        "fields": {
            "chapter": 16, 
            "school": 1, 
            "tags": [
                1, 
                117
            ], 
            "standard": 1, 
            "subject": 1
        }, 
        "model": "core.question", 
        "pk": 285
    }, 
    {
        "fields": {
            "index": 0,
            "question": 279,
            "tags": []
        },
        "model": "core.questionsubpart",
        "pk": 720
    },
    {
        "fields": {
            "index": 1,
            "question": 279,
            "tags": []
        },
        "model": "core.questionsubpart",
        "pk": 721
    },
    {
        "fields": {
            "index": 2,
            "question": 279,
            "tags": []
        },
        "model": "core.questionsubpart",
        "pk": 722
    },
    {
        "fields": {
            "index": 0,
            "question": 280,
            "tags": []
        },
        "model": "core.questionsubpart",
        "pk": 723
    },
    {
        "fields": {
            "index": 0,
            "question": 281,
            "tags": []
        },
        "model": "core.questionsubpart",
        "pk": 724
    },
    {
        "fields": {
            "index": 1,
            "question": 281,
            "tags": []
        },
        "model": "core.questionsubpart",
        "pk": 725
    },
    {
        "fields": {
            "index": 2,
            "question": 281,
            "tags": []
        },
        "model": "core.questionsubpart",
        "pk": 726
    },
    {
        "fields": {
            "index": 3,
            "question": 281,
            "tags": []
        },
        "model": "core.questionsubpart",
        "pk": 727
    },
    {
        "fields": {
            "index": 4,
            "question": 281,
            "tags": []
        },
        "model": "core.questionsubpart",
        "pk": 728
    },
    {
        "fields": {
            "index": 0,
            "question": 282,
            "tags": []
        },
        "model": "core.questionsubpart",
        "pk": 729
    },
    {
        "fields": {
            "index": 1,
            "question": 282,
            "tags": []
        },
        "model": "core.questionsubpart",
        "pk": 730
    },
    {
        "fields": {
            "index": 2,
            "question": 282,
            "tags": []
        },
        "model": "core.questionsubpart",
        "pk": 731
    },
    {
        "fields": {
            "index": 3,
            "question": 282,
            "tags": []
        },
        "model": "core.questionsubpart",
        "pk": 732
    },
    {
        "fields": {
            "index": 4,
            "question": 282,
            "tags": []
        },
        "model": "core.questionsubpart",
        "pk": 733
    },
    {
        "fields": {
            "index": 5,
            "question": 282,
            "tags": []
        },
        "model": "core.questionsubpart",
        "pk": 734
    },
    {
        "fields": {
            "index": 6,
            "question": 282,
            "tags": []
        },
        "model": "core.questionsubpart",
        "pk": 735
    },
    {
        "fields": {
            "index": 0,
            "question": 283,
            "tags": []
        },
        "model": "core.questionsubpart",
        "pk": 736
    },
    {
        "fields": {
            "index": 1,
            "question": 283,
            "tags": []
        },
        "model": "core.questionsubpart",
        "pk": 737
    },
    {
        "fields": {
            "index": 2,
            "question": 283,
            "tags": []
        },
        "model": "core.questionsubpart",
        "pk": 738
    },
    {
        "fields": {
            "index": 3,
            "question": 283,
            "tags": []
        },
        "model": "core.questionsubpart",
        "pk": 739
    },
    {
        "fields": {
            "index": 0,
            "question": 284,
            "tags": []
        },
        "model": "core.questionsubpart",
        "pk": 740
    },
    {
        "fields": {
            "index": 1,
            "question": 284,
            "tags": []
        },
        "model": "core.questionsubpart",
        "pk": 741
    },
    {
        "fields": {
            "index": 2,
            "question": 284,
            "tags": []
        },
        "model": "core.questionsubpart",
        "pk": 742
    },
    {
        "fields": {
            "index": 0,
            "question": 285,
            "tags": []
        },
        "model": "core.questionsubpart",
        "pk": 743
    },
    {
        "fields": {
            "index": 1,
            "question": 285,
            "tags": []
        },
        "model": "core.questionsubpart",
        "pk": 744
    },
    {
        "fields": {
            "index": 2,
            "question": 285,
            "tags": []
        },
        "model": "core.questionsubpart",
        "pk": 745
    },
    {
        "fields": {
            "index": 3,
            "question": 285,
            "tags": []
        },
        "model": "core.questionsubpart",
        "pk": 746
    },
    {
        "fields": {
            "index": 4,
            "question": 285,
            "tags": []
        },
        "model": "core.questionsubpart",
        "pk": 747
    },
    {
        "fields": {
            "chapter": 16, 
            "school": 1, 
            "description": "The concepts covered in the following assignment are: identifying views and solid nets", 
            "number": 1, 
            "standard": 1, 
            "questions": [
                279, 
                280, 
                281
            ], 
            "subject": 1
        }, 
        "model": "core.assignmentquestionslist", 
        "pk": 40
    }, 
    {
        "fields": {
            "chapter": 16, 
            "school": 1, 
            "description": "The concepts covered in the following assignment are: visualizing maps,types of solids and euler's formula", 
            "number": 2, 
            "standard": 1, 
            "questions": [
                282, 
                283, 
                284, 
                285
            ], 
            "subject": 1
        }, 
        "model": "core.assignmentquestionslist", 
        "pk": 41
    }
]