[
    {
        "fields": {
            "name": "Revision"
        }, 
        "model": "core.chapter", 
        "pk": 17
    }, 
    {
        "fields": {
            "name": "operations on algebraic equations"
        }, 
        "model": "core.questiontag", 
        "pk": 118
    }, 
    {
        "fields": {
            "name": "construction"
        }, 
        "model": "core.questiontag", 
        "pk": 119
    }, 
    {
        "fields": {
            "name": "linear equations"
        }, 
        "model": "core.questiontag", 
        "pk": 120
    }, 
    {
        "fields": {
            "chapter": 17, 
            "school": 1, 
            "tags": [
                1, 
                2
            ], 
            "standard": 1, 
            "subject": 1
        }, 
        "model": "core.question", 
        "pk": 286
    }, 
    {
        "fields": {
            "chapter": 17, 
            "school": 1, 
            "tags": [
                1, 
                12
            ], 
            "standard": 1, 
            "subject": 1
        }, 
        "model": "core.question", 
        "pk": 287
    }, 
    {
        "fields": {
            "chapter": 17, 
            "school": 1, 
            "tags": [
                4, 
                114
            ], 
            "standard": 1, 
            "subject": 1
        }, 
        "model": "core.question", 
        "pk": 288
    }, 
    {
        "fields": {
            "chapter": 17, 
            "school": 1, 
            "tags": [
                1, 
                7
            ], 
            "standard": 1, 
            "subject": 1
        }, 
        "model": "core.question", 
        "pk": 289
    }, 
    {
        "fields": {
            "chapter": 17, 
            "school": 1, 
            "tags": [
                4, 
                11
            ], 
            "standard": 1, 
            "subject": 1
        }, 
        "model": "core.question", 
        "pk": 290
    }, 
    {
        "fields": {
            "chapter": 17, 
            "school": 1, 
            "tags": [
                4, 
                27
            ], 
            "standard": 1, 
            "subject": 1
        }, 
        "model": "core.question", 
        "pk": 291
    }, 
    {
        "fields": {
            "chapter": 17, 
            "school": 1, 
            "tags": [
                6, 
                34
            ], 
            "standard": 1, 
            "subject": 1
        }, 
        "model": "core.question", 
        "pk": 292
    }, 
    {
        "fields": {
            "chapter": 17, 
            "school": 1, 
            "tags": [
                1, 
                6, 
                30
            ], 
            "standard": 1, 
            "subject": 1
        }, 
        "model": "core.question", 
        "pk": 293
    }, 
    {
        "fields": {
            "chapter": 17, 
            "school": 1, 
            "tags": [
                1, 
                6, 
                7
            ], 
            "standard": 1, 
            "subject": 1
        }, 
        "model": "core.question", 
        "pk": 294
    }, 
    {
        "fields": {
            "chapter": 17, 
            "school": 1, 
            "tags": [
                4, 
                49
            ], 
            "standard": 1, 
            "subject": 1
        }, 
        "model": "core.question", 
        "pk": 295
    }, 
    {
        "fields": {
            "chapter": 17, 
            "school": 1, 
            "tags": [
                4, 
                64
            ], 
            "standard": 1, 
            "subject": 1
        }, 
        "model": "core.question", 
        "pk": 296
    }, 
    {
        "fields": {
            "chapter": 17, 
            "school": 1, 
            "tags": [
                4, 
                5
            ], 
            "standard": 1, 
            "subject": 1
        }, 
        "model": "core.question", 
        "pk": 297
    }, 
    {
        "fields": {
            "chapter": 17, 
            "school": 1, 
            "tags": [
                4, 
                6, 
                63
            ], 
            "standard": 1, 
            "subject": 1
        }, 
        "model": "core.question", 
        "pk": 298
    }, 
    {
        "fields": {
            "chapter": 17, 
            "school": 1, 
            "tags": [
                4, 
                13
            ], 
            "standard": 1, 
            "subject": 1
        }, 
        "model": "core.question", 
        "pk": 299
    }, 
    {
        "fields": {
            "chapter": 17, 
            "school": 1, 
            "tags": [
                4, 
                6, 
                12
            ], 
            "standard": 1, 
            "subject": 1
        }, 
        "model": "core.question", 
        "pk": 300
    }, 
    {
        "fields": {
            "chapter": 17, 
            "school": 1, 
            "tags": [
                1, 
                40
            ], 
            "standard": 1, 
            "subject": 1
        }, 
        "model": "core.question", 
        "pk": 301
    }, 
    {
        "fields": {
            "chapter": 17, 
            "school": 1, 
            "tags": [
                4, 
                13
            ], 
            "standard": 1, 
            "subject": 1
        }, 
        "model": "core.question", 
        "pk": 302
    }, 
    {
        "fields": {
            "chapter": 17, 
            "school": 1, 
            "tags": [
                1, 
                117
            ], 
            "standard": 1, 
            "subject": 1
        }, 
        "model": "core.question", 
        "pk": 303
    }, 
    {
        "fields": {
            "chapter": 17, 
            "school": 1, 
            "tags": [
                4, 
                6, 
                43
            ], 
            "standard": 1, 
            "subject": 1
        }, 
        "model": "core.question", 
        "pk": 304
    }, 
    {
        "fields": {
            "chapter": 17, 
            "school": 1, 
            "tags": [
                4, 
                27
            ], 
            "standard": 1, 
            "subject": 1
        }, 
        "model": "core.question", 
        "pk": 305
    }, 
    {
        "fields": {
            "chapter": 17, 
            "school": 1, 
            "tags": [
                1, 
                35
            ], 
            "standard": 1, 
            "subject": 1
        }, 
        "model": "core.question", 
        "pk": 306
    }, 
    {
        "fields": {
            "chapter": 17, 
            "school": 1, 
            "tags": [
                1, 
                3
            ], 
            "standard": 1, 
            "subject": 1
        }, 
        "model": "core.question", 
        "pk": 307
    }, 
    {
        "fields": {
            "chapter": 17, 
            "school": 1, 
            "tags": [
                4, 
                118
            ], 
            "standard": 1, 
            "subject": 1
        }, 
        "model": "core.question", 
        "pk": 308
    }, 
    {
        "fields": {
            "chapter": 17, 
            "school": 1, 
            "tags": [
                1, 
                73
            ], 
            "standard": 1, 
            "subject": 1
        }, 
        "model": "core.question", 
        "pk": 309
    }, 
    {
        "fields": {
            "chapter": 17, 
            "school": 1, 
            "tags": [
                1, 
                6, 
                73
            ], 
            "standard": 1, 
            "subject": 1
        }, 
        "model": "core.question", 
        "pk": 310
    }, 
    {
        "fields": {
            "chapter": 17, 
            "school": 1, 
            "tags": [
                1, 
                85
            ], 
            "standard": 1, 
            "subject": 1
        }, 
        "model": "core.question", 
        "pk": 311
    }, 
    {
        "fields": {
            "chapter": 17, 
            "school": 1, 
            "tags": [
                4, 
                58, 
                59
            ], 
            "standard": 1, 
            "subject": 1
        }, 
        "model": "core.question", 
        "pk": 312
    }, 
    {
        "fields": {
            "chapter": 17, 
            "school": 1, 
            "tags": [
                1, 
                53
            ], 
            "standard": 1, 
            "subject": 1
        }, 
        "model": "core.question", 
        "pk": 313
    }, 
    {
        "fields": {
            "chapter": 17, 
            "school": 1, 
            "tags": [
                1, 
                74
            ], 
            "standard": 1, 
            "subject": 1
        }, 
        "model": "core.question", 
        "pk": 314
    }, 
    {
        "fields": {
            "chapter": 17, 
            "school": 1, 
            "tags": [
                1, 
                67, 
                72
            ], 
            "standard": 1, 
            "subject": 1
        }, 
        "model": "core.question", 
        "pk": 315
    }, 
    {
        "fields": {
            "chapter": 17, 
            "school": 1, 
            "tags": [
                4, 
                6, 
                65, 
                68
            ], 
            "standard": 1, 
            "subject": 1
        }, 
        "model": "core.question", 
        "pk": 316
    }, 
    {
        "fields": {
            "chapter": 17, 
            "school": 1, 
            "tags": [
                1, 
                119
            ], 
            "standard": 1, 
            "subject": 1
        }, 
        "model": "core.question", 
        "pk": 317
    }, 
    {
        "fields": {
            "chapter": 17, 
            "school": 1, 
            "tags": [
                4, 
                6, 
                89, 
                90
            ], 
            "standard": 1, 
            "subject": 1
        }, 
        "model": "core.question", 
        "pk": 318
    }, 
    {
        "fields": {
            "chapter": 17, 
            "school": 1, 
            "tags": [
                1, 
                53, 
                54
            ], 
            "standard": 1, 
            "subject": 1
        }, 
        "model": "core.question", 
        "pk": 319
    }, 
    {
        "fields": {
            "chapter": 17, 
            "school": 1, 
            "tags": [
                4, 
                89
            ], 
            "standard": 1, 
            "subject": 1
        }, 
        "model": "core.question", 
        "pk": 320
    }, 
    {
        "fields": {
            "chapter": 17, 
            "school": 1, 
            "tags": [
                4, 
                98
            ], 
            "standard": 1, 
            "subject": 1
        }, 
        "model": "core.question", 
        "pk": 321
    }, 
    {
        "fields": {
            "chapter": 17, 
            "school": 1, 
            "tags": [
                4, 
                6, 
                59, 
                72
            ], 
            "standard": 1, 
            "subject": 1
        }, 
        "model": "core.question", 
        "pk": 322
    }, 
    {
        "fields": {
            "chapter": 17, 
            "school": 1, 
            "tags": [
                1, 
                118, 
                120
            ], 
            "standard": 1, 
            "subject": 1
        }, 
        "model": "core.question", 
        "pk": 323
    }, 
    {
        "fields": {
            "chapter": 17, 
            "school": 1, 
            "tags": [
                1, 
                119
            ], 
            "standard": 1, 
            "subject": 1
        }, 
        "model": "core.question", 
        "pk": 324
    }, 
    {
        "fields": {
            "chapter": 17, 
            "school": 1, 
            "tags": [
                4, 
                118, 
                120
            ], 
            "standard": 1, 
            "subject": 1
        }, 
        "model": "core.question", 
        "pk": 325
    }, 
    {
        "fields": {
            "chapter": 17, 
            "school": 1, 
            "tags": [
                1, 
                92, 
                95
            ], 
            "standard": 1, 
            "subject": 1
        }, 
        "model": "core.question", 
        "pk": 326
    }, 
    {
        "fields": {
            "chapter": 17, 
            "school": 1, 
            "tags": [
                1, 
                14, 
                15
            ], 
            "standard": 1, 
            "subject": 1
        }, 
        "model": "core.question", 
        "pk": 327
    }, 
    {
        "fields": {
            "chapter": 17, 
            "school": 1, 
            "tags": [
                4, 
                6, 
                92, 
                96
            ], 
            "standard": 1, 
            "subject": 1
        }, 
        "model": "core.question", 
        "pk": 328
    }, 
    {
        "fields": {
            "chapter": 17, 
            "school": 1, 
            "tags": [
                1, 
                77
            ], 
            "standard": 1, 
            "subject": 1
        }, 
        "model": "core.question", 
        "pk": 329
    }, 
    {
        "fields": {
            "chapter": 17, 
            "school": 1, 
            "tags": [
                4, 
                6, 
                118
            ], 
            "standard": 1, 
            "subject": 1
        }, 
        "model": "core.question", 
        "pk": 330
    }, 
    {
        "fields": {
            "index": 0, 
            "question": 286, 
            "tags": []
        }, 
        "model": "core.questionsubpart", 
        "pk": 748
    }, 
    {
        "fields": {
            "index": 0, 
            "question": 287, 
            "tags": []
        }, 
        "model": "core.questionsubpart", 
        "pk": 749
    }, 
    {
        "fields": {
            "index": 1, 
            "question": 287, 
            "tags": []
        }, 
        "model": "core.questionsubpart", 
        "pk": 750
    }, 
    {
        "fields": {
            "index": 2, 
            "question": 287, 
            "tags": []
        }, 
        "model": "core.questionsubpart", 
        "pk": 751
    }, 
    {
        "fields": {
            "index": 3, 
            "question": 287, 
            "tags": []
        }, 
        "model": "core.questionsubpart", 
        "pk": 752
    }, 
    {
        "fields": {
            "index": 0, 
            "question": 288, 
            "tags": []
        }, 
        "model": "core.questionsubpart", 
        "pk": 753
    }, 
    {
        "fields": {
            "index": 1, 
            "question": 288, 
            "tags": []
        }, 
        "model": "core.questionsubpart", 
        "pk": 754
    }, 
    {
        "fields": {
            "index": 2, 
            "question": 288, 
            "tags": []
        }, 
        "model": "core.questionsubpart", 
        "pk": 755
    }, 
    {
        "fields": {
            "index": 3, 
            "question": 288, 
            "tags": []
        }, 
        "model": "core.questionsubpart", 
        "pk": 756
    }, 
    {
        "fields": {
            "index": 4, 
            "question": 288, 
            "tags": []
        }, 
        "model": "core.questionsubpart", 
        "pk": 757
    }, 
    {
        "fields": {
            "index": 0, 
            "question": 289, 
            "tags": []
        }, 
        "model": "core.questionsubpart", 
        "pk": 758
    }, 
    {
        "fields": {
            "index": 1, 
            "question": 289, 
            "tags": []
        }, 
        "model": "core.questionsubpart", 
        "pk": 759
    }, 
    {
        "fields": {
            "index": 2, 
            "question": 289, 
            "tags": []
        }, 
        "model": "core.questionsubpart", 
        "pk": 760
    }, 
    {
        "fields": {
            "index": 3, 
            "question": 289, 
            "tags": []
        }, 
        "model": "core.questionsubpart", 
        "pk": 761
    }, 
    {
        "fields": {
            "index": 0, 
            "question": 290, 
            "tags": []
        }, 
        "model": "core.questionsubpart", 
        "pk": 762
    }, 
    {
        "fields": {
            "index": 0, 
            "question": 291, 
            "tags": []
        }, 
        "model": "core.questionsubpart", 
        "pk": 763
    }, 
    {
        "fields": {
            "index": 0, 
            "question": 292, 
            "tags": []
        }, 
        "model": "core.questionsubpart", 
        "pk": 764
    }, 
    {
        "fields": {
            "index": 0, 
            "question": 293, 
            "tags": []
        }, 
        "model": "core.questionsubpart", 
        "pk": 765
    }, 
    {
        "fields": {
            "index": 1, 
            "question": 293, 
            "tags": []
        }, 
        "model": "core.questionsubpart", 
        "pk": 766
    }, 
    {
        "fields": {
            "index": 2, 
            "question": 293, 
            "tags": []
        }, 
        "model": "core.questionsubpart", 
        "pk": 767
    }, 
    {
        "fields": {
            "index": 3, 
            "question": 293, 
            "tags": []
        }, 
        "model": "core.questionsubpart", 
        "pk": 768
    }, 
    {
        "fields": {
            "index": 0, 
            "question": 294, 
            "tags": []
        }, 
        "model": "core.questionsubpart", 
        "pk": 769
    }, 
    {
        "fields": {
            "index": 1, 
            "question": 294, 
            "tags": []
        }, 
        "model": "core.questionsubpart", 
        "pk": 770
    }, 
    {
        "fields": {
            "index": 0, 
            "question": 295, 
            "tags": []
        }, 
        "model": "core.questionsubpart", 
        "pk": 771
    }, 
    {
        "fields": {
            "index": 1, 
            "question": 295, 
            "tags": []
        }, 
        "model": "core.questionsubpart", 
        "pk": 772
    }, 
    {
        "fields": {
            "index": 2, 
            "question": 295, 
            "tags": []
        }, 
        "model": "core.questionsubpart", 
        "pk": 773
    }, 
    {
        "fields": {
            "index": 0, 
            "question": 296, 
            "tags": []
        }, 
        "model": "core.questionsubpart", 
        "pk": 774
    }, 
    {
        "fields": {
            "index": 1, 
            "question": 296, 
            "tags": []
        }, 
        "model": "core.questionsubpart", 
        "pk": 775
    }, 
    {
        "fields": {
            "index": 0, 
            "question": 297, 
            "tags": []
        }, 
        "model": "core.questionsubpart", 
        "pk": 776
    }, 
    {
        "fields": {
            "index": 0, 
            "question": 298, 
            "tags": []
        }, 
        "model": "core.questionsubpart", 
        "pk": 777
    }, 
    {
        "fields": {
            "index": 1, 
            "question": 298, 
            "tags": []
        }, 
        "model": "core.questionsubpart", 
        "pk": 778
    }, 
    {
        "fields": {
            "index": 0, 
            "question": 299, 
            "tags": []
        }, 
        "model": "core.questionsubpart", 
        "pk": 779
    }, 
    {
        "fields": {
            "index": 0, 
            "question": 300, 
            "tags": []
        }, 
        "model": "core.questionsubpart", 
        "pk": 780
    }, 
    {
        "fields": {
            "index": 0, 
            "question": 301, 
            "tags": []
        }, 
        "model": "core.questionsubpart", 
        "pk": 781
    }, 
    {
        "fields": {
            "index": 1, 
            "question": 301, 
            "tags": []
        }, 
        "model": "core.questionsubpart", 
        "pk": 782
    }, 
    {
        "fields": {
            "index": 0, 
            "question": 302, 
            "tags": []
        }, 
        "model": "core.questionsubpart", 
        "pk": 783
    }, 
    {
        "fields": {
            "index": 0, 
            "question": 303, 
            "tags": []
        }, 
        "model": "core.questionsubpart", 
        "pk": 784
    }, 
    {
        "fields": {
            "index": 1, 
            "question": 303, 
            "tags": []
        }, 
        "model": "core.questionsubpart", 
        "pk": 785
    }, 
    {
        "fields": {
            "index": 2, 
            "question": 303, 
            "tags": []
        }, 
        "model": "core.questionsubpart", 
        "pk": 786
    }, 
    {
        "fields": {
            "index": 3, 
            "question": 303, 
            "tags": []
        }, 
        "model": "core.questionsubpart", 
        "pk": 787
    }, 
    {
        "fields": {
            "index": 4, 
            "question": 303, 
            "tags": []
        }, 
        "model": "core.questionsubpart", 
        "pk": 788
    }, 
    {
        "fields": {
            "index": 0, 
            "question": 304, 
            "tags": []
        }, 
        "model": "core.questionsubpart", 
        "pk": 789
    }, 
    {
        "fields": {
            "index": 1, 
            "question": 304, 
            "tags": []
        }, 
        "model": "core.questionsubpart", 
        "pk": 790
    }, 
    {
        "fields": {
            "index": 2, 
            "question": 304, 
            "tags": []
        }, 
        "model": "core.questionsubpart", 
        "pk": 791
    }, 
    {
        "fields": {
            "index": 3, 
            "question": 304, 
            "tags": []
        }, 
        "model": "core.questionsubpart", 
        "pk": 792
    }, 
    {
        "fields": {
            "index": 4, 
            "question": 304, 
            "tags": []
        }, 
        "model": "core.questionsubpart", 
        "pk": 793
    }, 
    {
        "fields": {
            "index": 5, 
            "question": 304, 
            "tags": []
        }, 
        "model": "core.questionsubpart", 
        "pk": 794
    }, 
    {
        "fields": {
            "index": 0, 
            "question": 305, 
            "tags": []
        }, 
        "model": "core.questionsubpart", 
        "pk": 795
    }, 
    {
        "fields": {
            "index": 1, 
            "question": 305, 
            "tags": []
        }, 
        "model": "core.questionsubpart", 
        "pk": 796
    }, 
    {
        "fields": {
            "index": 0, 
            "question": 306, 
            "tags": []
        }, 
        "model": "core.questionsubpart", 
        "pk": 797
    }, 
    {
        "fields": {
            "index": 1, 
            "question": 306, 
            "tags": []
        }, 
        "model": "core.questionsubpart", 
        "pk": 798
    }, 
    {
        "fields": {
            "index": 2, 
            "question": 306, 
            "tags": []
        }, 
        "model": "core.questionsubpart", 
        "pk": 799
    }, 
    {
        "fields": {
            "index": 0, 
            "question": 307, 
            "tags": []
        }, 
        "model": "core.questionsubpart", 
        "pk": 800
    }, 
    {
        "fields": {
            "index": 1, 
            "question": 307, 
            "tags": []
        }, 
        "model": "core.questionsubpart", 
        "pk": 801
    }, 
    {
        "fields": {
            "index": 0, 
            "question": 308, 
            "tags": []
        }, 
        "model": "core.questionsubpart", 
        "pk": 802
    }, 
    {
        "fields": {
            "index": 0, 
            "question": 309, 
            "tags": []
        }, 
        "model": "core.questionsubpart", 
        "pk": 803
    }, 
    {
        "fields": {
            "index": 0, 
            "question": 310, 
            "tags": []
        }, 
        "model": "core.questionsubpart", 
        "pk": 804
    }, 
    {
        "fields": {
            "index": 0, 
            "question": 311, 
            "tags": []
        }, 
        "model": "core.questionsubpart", 
        "pk": 805
    }, 
    {
        "fields": {
            "index": 0, 
            "question": 312, 
            "tags": []
        }, 
        "model": "core.questionsubpart", 
        "pk": 806
    }, 
    {
        "fields": {
            "index": 0, 
            "question": 313, 
            "tags": []
        }, 
        "model": "core.questionsubpart", 
        "pk": 807
    }, 
    {
        "fields": {
            "index": 0, 
            "question": 314, 
            "tags": []
        }, 
        "model": "core.questionsubpart", 
        "pk": 808
    }, 
    {
        "fields": {
            "index": 0, 
            "question": 315, 
            "tags": []
        }, 
        "model": "core.questionsubpart", 
        "pk": 809
    }, 
    {
        "fields": {
            "index": 0, 
            "question": 316, 
            "tags": []
        }, 
        "model": "core.questionsubpart", 
        "pk": 810
    }, 
    {
        "fields": {
            "index": 0, 
            "question": 317, 
            "tags": []
        }, 
        "model": "core.questionsubpart", 
        "pk": 811
    }, 
    {
        "fields": {
            "index": 0, 
            "question": 318, 
            "tags": []
        }, 
        "model": "core.questionsubpart", 
        "pk": 812
    }, 
    {
        "fields": {
            "index": 0, 
            "question": 319, 
            "tags": []
        }, 
        "model": "core.questionsubpart", 
        "pk": 813
    }, 
    {
        "fields": {
            "index": 0, 
            "question": 320, 
            "tags": []
        }, 
        "model": "core.questionsubpart", 
        "pk": 814
    }, 
    {
        "fields": {
            "index": 0, 
            "question": 321, 
            "tags": []
        }, 
        "model": "core.questionsubpart", 
        "pk": 815
    }, 
    {
        "fields": {
            "index": 1, 
            "question": 321, 
            "tags": []
        }, 
        "model": "core.questionsubpart", 
        "pk": 816
    }, 
    {
        "fields": {
            "index": 0, 
            "question": 322, 
            "tags": []
        }, 
        "model": "core.questionsubpart", 
        "pk": 817
    }, 
    {
        "fields": {
            "index": 0, 
            "question": 323, 
            "tags": []
        }, 
        "model": "core.questionsubpart", 
        "pk": 818
    }, 
    {
        "fields": {
            "index": 0, 
            "question": 324, 
            "tags": []
        }, 
        "model": "core.questionsubpart", 
        "pk": 819
    }, 
    {
        "fields": {
            "index": 0, 
            "question": 325, 
            "tags": []
        }, 
        "model": "core.questionsubpart", 
        "pk": 820
    }, 
    {
        "fields": {
            "index": 1, 
            "question": 325, 
            "tags": []
        }, 
        "model": "core.questionsubpart", 
        "pk": 821
    }, 
    {
        "fields": {
            "index": 0, 
            "question": 326, 
            "tags": []
        }, 
        "model": "core.questionsubpart", 
        "pk": 822
    }, 
    {
        "fields": {
            "index": 0, 
            "question": 327, 
            "tags": []
        }, 
        "model": "core.questionsubpart", 
        "pk": 823
    }, 
    {
        "fields": {
            "index": 1, 
            "question": 327, 
            "tags": []
        }, 
        "model": "core.questionsubpart", 
        "pk": 824
    }, 
    {
        "fields": {
            "index": 2, 
            "question": 327, 
            "tags": []
        }, 
        "model": "core.questionsubpart", 
        "pk": 825
    }, 
    {
        "fields": {
            "index": 0, 
            "question": 328, 
            "tags": []
        }, 
        "model": "core.questionsubpart", 
        "pk": 826
    }, 
    {
        "fields": {
            "index": 1, 
            "question": 328, 
            "tags": []
        }, 
        "model": "core.questionsubpart", 
        "pk": 827
    }, 
    {
        "fields": {
            "index": 0, 
            "question": 329, 
            "tags": []
        }, 
        "model": "core.questionsubpart", 
        "pk": 828
    }, 
    {
        "fields": {
            "index": 0, 
            "question": 330, 
            "tags": []
        }, 
        "model": "core.questionsubpart", 
        "pk": 829
    }, 
    {
        "fields": {
            "chapter": 17,
            "school": 1, 
            "description": "This is a revision assignment covering the following chapters: Algebraic Expressions & Identities, Mensuration, Introduction to Graphs, Factorisation, Exponents and Powers, Direct and Inverse Proportion, Visualising Solid Shapes and Playing with Numbers", 
            "number": 1, 
            "standard": 1, 
            "questions": [
                286,
                287,
                288,
                289,
                290,
                291,
                292,
                293,
                294,
                295,
                296,
                297,
                298,
                299,
                300,
                301,
                302,
                303, 
                304, 
                305, 
                306, 
                307
            ], 
            "subject": 1
        }, 
        "model": "core.assignmentquestionslist", 
        "pk": 42
    }, 
    {
        "fields": {
            "chapter": 17,
            "school": 1, 
            "description": "This is a revision assignment covering the following chapters: Rational Numbers, Linear Equations in One Variable, Understanding Quadrilaterals, Practical Geometry, Data Handling, Square and Square Roots, Cube and Cube Roots and Comparing Quantities.", 
            "number": 2, 
            "standard": 1, 
            "questions": [
                308,
                309,
                310,
                311,
                312,
                313,
                314,
                315,
                316,
                317,
                318,
                319,
                320,
                321,
                322,
                323,
                324,
                325,
                326, 
                327, 
                328, 
                329, 
                330
            ], 
            "subject": 1
        }, 
        "model": "core.assignmentquestionslist", 
        "pk": 43
    }
]