[
    {
        "fields": {
            "name": "Polynomials"
        }, 
        "model": "core.chapter", 
        "pk": 18
    }, 
    {
        "fields": {
            "name": "Number Systems"
        }, 
        "model": "core.chapter", 
        "pk": 19
    }, 
    {
        "fields": {
            "name": "Surface Areas and Volumes"
        }, 
        "model": "core.chapter", 
        "pk": 20
    }, 
    {
        "fields": {
            "name": "properties of polynomials"
        }, 
        "model": "core.questiontag", 
        "pk": 121
    }, 
    {
        "fields": {
            "name": "zeroes of a polynomial"
        }, 
        "model": "core.questiontag", 
        "pk": 122
    }, 
    {
        "fields": {
            "name": "division of polynomials"
        }, 
        "model": "core.questiontag", 
        "pk": 123
    }, 
    {
        "fields": {
            "name": "remainder theorem"
        }, 
        "model": "core.questiontag", 
        "pk": 124
    }, 
    {
        "fields": {
            "name": "factor theorem"
        }, 
        "model": "core.questiontag", 
        "pk": 125
    }, 
    {
        "fields": {
            "name": "number systems"
        }, 
        "model": "core.questiontag", 
        "pk": 126
    }, 
    {
        "fields": {
            "name": "decimal expansion"
        }, 
        "model": "core.questiontag", 
        "pk": 127
    }, 
    {
        "fields": {
            "name": "irrational numbers"
        }, 
        "model": "core.questiontag", 
        "pk": 128
    }, 
    {
        "fields": {
            "name": "operations on real numbers"
        }, 
        "model": "core.questiontag", 
        "pk": 129
    }, 
    {
        "fields": {
            "name": "square roots of decimal numbers"
        }, 
        "model": "core.questiontag", 
        "pk": 130
    }, 
    {
        "fields": {
            "name": "rationalisation of denominator"
        }, 
        "model": "core.questiontag", 
        "pk": 131
    }, 
    {
        "fields": {
            "name": "total surface area"
        }, 
        "model": "core.questiontag", 
        "pk": 132
    }, 
    {
        "fields": {
            "name": "curved surface area"
        }, 
        "model": "core.questiontag", 
        "pk": 133
    }, 
    {
        "fields": {
            "chapter": 18, 
            "school": 1, 
            "tags": [
                1, 
                121
            ], 
            "standard": 2, 
            "subject": 1
        }, 
        "model": "core.question", 
        "pk": 331
    }, 
    {
        "fields": {
            "chapter": 18, 
            "school": 1, 
            "tags": [
                1, 
                121
            ], 
            "standard": 2, 
            "subject": 1
        }, 
        "model": "core.question", 
        "pk": 332
    }, 
    {
        "fields": {
            "chapter": 18, 
            "school": 1, 
            "tags": [
                1, 
                121
            ], 
            "standard": 2, 
            "subject": 1
        }, 
        "model": "core.question", 
        "pk": 333
    }, 
    {
        "fields": {
            "chapter": 18, 
            "school": 1, 
            "tags": [
                1, 
                122
            ], 
            "standard": 2, 
            "subject": 1
        }, 
        "model": "core.question", 
        "pk": 334
    }, 
    {
        "fields": {
            "chapter": 18, 
            "school": 1, 
            "tags": [
                1, 
                122
            ], 
            "standard": 2, 
            "subject": 1
        }, 
        "model": "core.question", 
        "pk": 335
    }, 
    {
        "fields": {
            "chapter": 18, 
            "school": 1, 
            "tags": [
                1, 
                122
            ], 
            "standard": 2, 
            "subject": 1
        }, 
        "model": "core.question", 
        "pk": 336
    }, 
    {
        "fields": {
            "chapter": 18, 
            "school": 1, 
            "tags": [
                1, 
                123, 
                124
            ], 
            "standard": 2, 
            "subject": 1
        }, 
        "model": "core.question", 
        "pk": 337
    }, 
    {
        "fields": {
            "chapter": 18, 
            "school": 1, 
            "tags": [
                1, 
                124
            ], 
            "standard": 2, 
            "subject": 1
        }, 
        "model": "core.question", 
        "pk": 338
    }, 
    {
        "fields": {
            "chapter": 18, 
            "school": 1, 
            "tags": [
                1, 
                123, 
                124
            ], 
            "standard": 2, 
            "subject": 1
        }, 
        "model": "core.question", 
        "pk": 339
    }, 
    {
        "fields": {
            "chapter": 18, 
            "school": 1, 
            "tags": [
                1, 
                124
            ], 
            "standard": 2, 
            "subject": 1
        }, 
        "model": "core.question", 
        "pk": 340
    }, 
    {
        "fields": {
            "chapter": 18, 
            "school": 1, 
            "tags": [
                1, 
                36
            ], 
            "standard": 2, 
            "subject": 1
        }, 
        "model": "core.question", 
        "pk": 341
    }, 
    {
        "fields": {
            "chapter": 18, 
            "school": 1, 
            "tags": [
                1, 
                36, 
                125
            ], 
            "standard": 2, 
            "subject": 1
        }, 
        "model": "core.question", 
        "pk": 342
    }, 
    {
        "fields": {
            "chapter": 18, 
            "school": 1, 
            "tags": [
                1, 
                7
            ], 
            "standard": 2, 
            "subject": 1
        }, 
        "model": "core.question", 
        "pk": 343
    }, 
    {
        "fields": {
            "chapter": 18, 
            "school": 1, 
            "tags": [
                1, 
                7, 
                35
            ], 
            "standard": 2, 
            "subject": 1
        }, 
        "model": "core.question", 
        "pk": 344
    }, 
    {
        "fields": {
            "chapter": 18, 
            "school": 1, 
            "tags": [
                1, 
                7, 
                35
            ], 
            "standard": 2, 
            "subject": 1
        }, 
        "model": "core.question", 
        "pk": 345
    }, 
    {
        "fields": {
            "chapter": 18, 
            "school": 1, 
            "tags": [
                1, 
                7
            ], 
            "standard": 2, 
            "subject": 1
        }, 
        "model": "core.question", 
        "pk": 346
    }, 
    {
        "fields": {
            "chapter": 19, 
            "school": 1, 
            "tags": [
                1, 
                126
            ], 
            "standard": 2, 
            "subject": 1
        }, 
        "model": "core.question", 
        "pk": 347
    }, 
    {
        "fields": {
            "chapter": 19, 
            "school": 1, 
            "tags": [
                4, 
                23
            ], 
            "standard": 2, 
            "subject": 1
        }, 
        "model": "core.question", 
        "pk": 348
    }, 
    {
        "fields": {
            "chapter": 19, 
            "school": 1, 
            "tags": [
                1, 
                127
            ], 
            "standard": 2, 
            "subject": 1
        }, 
        "model": "core.question", 
        "pk": 349
    }, 
    {
        "fields": {
            "chapter": 19, 
            "school": 1, 
            "tags": [
                4, 
                127
            ], 
            "standard": 2, 
            "subject": 1
        }, 
        "model": "core.question", 
        "pk": 350
    }, 
    {
        "fields": {
            "chapter": 19, 
            "school": 1, 
            "tags": [
                4, 
                14
            ], 
            "standard": 2, 
            "subject": 1
        }, 
        "model": "core.question", 
        "pk": 351
    }, 
    {
        "fields": {
            "chapter": 19, 
            "school": 1, 
            "tags": [
                4, 
                127
            ], 
            "standard": 2, 
            "subject": 1
        }, 
        "model": "core.question", 
        "pk": 352
    }, 
    {
        "fields": {
            "chapter": 19, 
            "school": 1, 
            "tags": [
                4, 
                23
            ], 
            "standard": 2, 
            "subject": 1
        }, 
        "model": "core.question", 
        "pk": 353
    }, 
    {
        "fields": {
            "chapter": 19, 
            "school": 1, 
            "tags": [
                4, 
                23
            ], 
            "standard": 2, 
            "subject": 1
        }, 
        "model": "core.question", 
        "pk": 354
    }, 
    {
        "fields": {
            "chapter": 19, 
            "school": 1, 
            "tags": [
                4, 
                128
            ], 
            "standard": 2, 
            "subject": 1
        }, 
        "model": "core.question", 
        "pk": 355
    }, 
    {
        "fields": {
            "chapter": 19, 
            "school": 1, 
            "tags": [
                1, 
                126
            ], 
            "standard": 2, 
            "subject": 1
        }, 
        "model": "core.question", 
        "pk": 356
    }, 
    {
        "fields": {
            "chapter": 19, 
            "school": 1, 
            "tags": [
                4, 
                129
            ], 
            "standard": 2, 
            "subject": 1
        }, 
        "model": "core.question", 
        "pk": 357
    }, 
    {
        "fields": {
            "chapter": 19, 
            "school": 1, 
            "tags": [
                1, 
                129
            ], 
            "standard": 2, 
            "subject": 1
        }, 
        "model": "core.question", 
        "pk": 358
    }, 
    {
        "fields": {
            "chapter": 19, 
            "school": 1, 
            "tags": [
                1, 
                130
            ], 
            "standard": 2, 
            "subject": 1
        }, 
        "model": "core.question", 
        "pk": 359
    }, 
    {
        "fields": {
            "chapter": 19, 
            "school": 1, 
            "tags": [
                4, 
                7
            ], 
            "standard": 2, 
            "subject": 1
        }, 
        "model": "core.question", 
        "pk": 360
    }, 
    {
        "fields": {
            "chapter": 19, 
            "school": 1, 
            "tags": [
                1, 
                131
            ], 
            "standard": 2, 
            "subject": 1
        }, 
        "model": "core.question", 
        "pk": 361
    }, 
    {
        "fields": {
            "chapter": 19, 
            "school": 1, 
            "tags": [
                4, 
                27
            ], 
            "standard": 2, 
            "subject": 1
        }, 
        "model": "core.question", 
        "pk": 362
    }, 
    {
        "fields": {
            "chapter": 20, 
            "school": 1, 
            "tags": [
                1, 
                12
            ], 
            "standard": 2, 
            "subject": 1
        }, 
        "model": "core.question", 
        "pk": 363
    }, 
    {
        "fields": {
            "chapter": 20, 
            "school": 1, 
            "tags": [
                4, 
                12
            ], 
            "standard": 2, 
            "subject": 1
        }, 
        "model": "core.question", 
        "pk": 364
    }, 
    {
        "fields": {
            "chapter": 20, 
            "school": 1, 
            "tags": [
                4, 
                6, 
                12
            ], 
            "standard": 2, 
            "subject": 1
        }, 
        "model": "core.question", 
        "pk": 365
    }, 
    {
        "fields": {
            "chapter": 20, 
            "school": 1, 
            "tags": [
                1, 
                132, 
                133
            ], 
            "standard": 2, 
            "subject": 1
        }, 
        "model": "core.question", 
        "pk": 366
    }, 
    {
        "fields": {
            "chapter": 20, 
            "school": 1, 
            "tags": [
                4, 
                132, 
                133
            ], 
            "standard": 2, 
            "subject": 1
        }, 
        "model": "core.question", 
        "pk": 367
    }, 
    {
        "fields": {
            "chapter": 20, 
            "school": 1, 
            "tags": [
                4, 
                6, 
                133
            ], 
            "standard": 2, 
            "subject": 1
        }, 
        "model": "core.question", 
        "pk": 368
    }, 
    {
        "fields": {
            "chapter": 20, 
            "school": 1, 
            "tags": [
                4, 
                132
            ], 
            "standard": 2, 
            "subject": 1
        }, 
        "model": "core.question", 
        "pk": 369
    }, 
    {
        "fields": {
            "chapter": 20, 
            "school": 1, 
            "tags": [
                4, 
                133
            ], 
            "standard": 2, 
            "subject": 1
        }, 
        "model": "core.question", 
        "pk": 370
    }, 
    {
        "fields": {
            "chapter": 20, 
            "school": 1, 
            "tags": [
                1, 
                132, 
                133
            ], 
            "standard": 2, 
            "subject": 1
        }, 
        "model": "core.question", 
        "pk": 371
    }, 
    {
        "fields": {
            "chapter": 20, 
            "school": 1, 
            "tags": [
                4, 
                133
            ], 
            "standard": 2, 
            "subject": 1
        }, 
        "model": "core.question", 
        "pk": 372
    }, 
    {
        "fields": {
            "chapter": 20, 
            "school": 1, 
            "tags": [
                4, 
                6, 
                133
            ], 
            "standard": 2, 
            "subject": 1
        }, 
        "model": "core.question", 
        "pk": 373
    }, 
    {
        "fields": {
            "chapter": 20, 
            "school": 1, 
            "tags": [
                1,
                12, 
                132, 
                133
            ], 
            "standard": 2, 
            "subject": 1
        }, 
        "model": "core.question", 
        "pk": 374
    }, 
    {
        "fields": {
            "chapter": 20, 
            "school": 1, 
            "tags": [
                4, 
                6, 
                12
            ], 
            "standard": 2, 
            "subject": 1
        }, 
        "model": "core.question", 
        "pk": 375
    }, 
    {
        "fields": {
            "chapter": 20, 
            "school": 1, 
            "tags": [
                4, 
                6, 
                133
            ], 
            "standard": 2, 
            "subject": 1
        }, 
        "model": "core.question", 
        "pk": 376
    }, 
    {
        "fields": {
            "chapter": 20, 
            "school": 1, 
            "tags": [
                1, 
                13
            ], 
            "standard": 2, 
            "subject": 1
        }, 
        "model": "core.question", 
        "pk": 377
    }, 
    {
        "fields": {
            "chapter": 20, 
            "school": 1, 
            "tags": [
                4, 
                13
            ], 
            "standard": 2, 
            "subject": 1
        }, 
        "model": "core.question", 
        "pk": 378
    }, 
    {
        "fields": {
            "chapter": 20, 
            "school": 1, 
            "tags": [
                1, 
                6, 
                13
            ], 
            "standard": 2, 
            "subject": 1
        }, 
        "model": "core.question", 
        "pk": 379
    }, 
    {
        "fields": {
            "chapter": 20, 
            "school": 1, 
            "tags": [
                4, 
                6, 
                13
            ], 
            "standard": 2, 
            "subject": 1
        }, 
        "model": "core.question", 
        "pk": 380
    }, 
    {
        "fields": {
            "chapter": 20, 
            "school": 1, 
            "tags": [
                1, 
                13, 
                133
            ], 
            "standard": 2, 
            "subject": 1
        }, 
        "model": "core.question", 
        "pk": 381
    }, 
    {
        "fields": {
            "chapter": 20, 
            "school": 1, 
            "tags": [
                4, 
                6, 
                13
            ], 
            "standard": 2, 
            "subject": 1
        }, 
        "model": "core.question", 
        "pk": 382
    }, 
    {
        "fields": {
            "chapter": 20, 
            "school": 1, 
            "tags": [
                4,
                13, 
                132, 
                133
            ], 
            "standard": 2, 
            "subject": 1
        }, 
        "model": "core.question", 
        "pk": 383
    }, 
    {
        "fields": {
            "chapter": 20, 
            "school": 1, 
            "tags": [
                4, 
                6, 
                13
            ], 
            "standard": 2, 
            "subject": 1
        }, 
        "model": "core.question", 
        "pk": 384
    }, 
    {
        "fields": {
            "chapter": 20, 
            "school": 1, 
            "tags": [
                1, 
                13
            ], 
            "standard": 2, 
            "subject": 1
        }, 
        "model": "core.question", 
        "pk": 385
    }, 
    {
        "fields": {
            "chapter": 20, 
            "school": 1, 
            "tags": [
                1, 
                13
            ], 
            "standard": 2, 
            "subject": 1
        }, 
        "model": "core.question", 
        "pk": 386
    }, 
    {
        "fields": {
            "chapter": 20, 
            "school": 1, 
            "tags": [
                4, 
                6, 
                13
            ], 
            "standard": 2, 
            "subject": 1
        }, 
        "model": "core.question", 
        "pk": 387
    }, 
    {
        "fields": {
            "chapter": 20, 
            "school": 1, 
            "tags": [
                4, 
                6, 
                13
            ], 
            "standard": 2, 
            "subject": 1
        }, 
        "model": "core.question", 
        "pk": 388
    }, 
    {
        "fields": {
            "chapter": 20, 
            "school": 1, 
            "tags": [
                1, 
                13
            ], 
            "standard": 2, 
            "subject": 1
        }, 
        "model": "core.question", 
        "pk": 389
    }, 
    {
        "fields": {
            "chapter": 20, 
            "school": 1, 
            "tags": [
                4, 
                13
            ], 
            "standard": 2, 
            "subject": 1
        }, 
        "model": "core.question", 
        "pk": 390
    }, 
    {
        "fields": {
            "chapter": 20, 
            "school": 1, 
            "tags": [
                4, 
                6, 
                13
            ], 
            "standard": 2, 
            "subject": 1
        }, 
        "model": "core.question", 
        "pk": 391
    }, 
    {
        "fields": {
            "chapter": 20, 
            "school": 1, 
            "tags": [
                4,
                6, 
                12, 
                13
            ], 
            "standard": 2, 
            "subject": 1
        }, 
        "model": "core.question", 
        "pk": 392
    }, 
    {
        "fields": {
            "index": 0, 
            "question": 331, 
            "tags": []
        }, 
        "model": "core.questionsubpart", 
        "pk": 830
    }, 
    {
        "fields": {
            "index": 1, 
            "question": 331, 
            "tags": []
        }, 
        "model": "core.questionsubpart", 
        "pk": 831
    }, 
    {
        "fields": {
            "index": 2, 
            "question": 331, 
            "tags": []
        }, 
        "model": "core.questionsubpart", 
        "pk": 832
    }, 
    {
        "fields": {
            "index": 0, 
            "question": 332, 
            "tags": []
        }, 
        "model": "core.questionsubpart", 
        "pk": 833
    }, 
    {
        "fields": {
            "index": 1, 
            "question": 332, 
            "tags": []
        }, 
        "model": "core.questionsubpart", 
        "pk": 834
    }, 
    {
        "fields": {
            "index": 2, 
            "question": 332, 
            "tags": []
        }, 
        "model": "core.questionsubpart", 
        "pk": 835
    }, 
    {
        "fields": {
            "index": 3, 
            "question": 332, 
            "tags": []
        }, 
        "model": "core.questionsubpart", 
        "pk": 836
    }, 
    {
        "fields": {
            "index": 0, 
            "question": 333, 
            "tags": []
        }, 
        "model": "core.questionsubpart", 
        "pk": 837
    }, 
    {
        "fields": {
            "index": 1, 
            "question": 333, 
            "tags": []
        }, 
        "model": "core.questionsubpart", 
        "pk": 838
    }, 
    {
        "fields": {
            "index": 0, 
            "question": 334, 
            "tags": []
        }, 
        "model": "core.questionsubpart", 
        "pk": 839
    }, 
    {
        "fields": {
            "index": 1, 
            "question": 334, 
            "tags": []
        }, 
        "model": "core.questionsubpart", 
        "pk": 840
    }, 
    {
        "fields": {
            "index": 0, 
            "question": 335, 
            "tags": []
        }, 
        "model": "core.questionsubpart", 
        "pk": 841
    }, 
    {
        "fields": {
            "index": 1, 
            "question": 335, 
            "tags": []
        }, 
        "model": "core.questionsubpart", 
        "pk": 842
    }, 
    {
        "fields": {
            "index": 2, 
            "question": 335, 
            "tags": []
        }, 
        "model": "core.questionsubpart", 
        "pk": 843
    }, 
    {
        "fields": {
            "index": 3, 
            "question": 335, 
            "tags": []
        }, 
        "model": "core.questionsubpart", 
        "pk": 844
    }, 
    {
        "fields": {
            "index": 0, 
            "question": 336, 
            "tags": []
        }, 
        "model": "core.questionsubpart", 
        "pk": 845
    }, 
    {
        "fields": {
            "index": 1, 
            "question": 336, 
            "tags": []
        }, 
        "model": "core.questionsubpart", 
        "pk": 846
    }, 
    {
        "fields": {
            "index": 2, 
            "question": 336, 
            "tags": []
        }, 
        "model": "core.questionsubpart", 
        "pk": 847
    }, 
    {
        "fields": {
            "index": 3, 
            "question": 336, 
            "tags": []
        }, 
        "model": "core.questionsubpart", 
        "pk": 848
    }, 
    {
        "fields": {
            "index": 0, 
            "question": 337, 
            "tags": []
        }, 
        "model": "core.questionsubpart", 
        "pk": 849
    }, 
    {
        "fields": {
            "index": 0, 
            "question": 338, 
            "tags": []
        }, 
        "model": "core.questionsubpart", 
        "pk": 850
    }, 
    {
        "fields": {
            "index": 1, 
            "question": 338, 
            "tags": []
        }, 
        "model": "core.questionsubpart", 
        "pk": 851
    }, 
    {
        "fields": {
            "index": 2, 
            "question": 338, 
            "tags": []
        }, 
        "model": "core.questionsubpart", 
        "pk": 852
    }, 
    {
        "fields": {
            "index": 0, 
            "question": 339, 
            "tags": []
        }, 
        "model": "core.questionsubpart", 
        "pk": 853
    }, 
    {
        "fields": {
            "index": 0, 
            "question": 340, 
            "tags": []
        }, 
        "model": "core.questionsubpart", 
        "pk": 854
    }, 
    {
        "fields": {
            "index": 0, 
            "question": 341, 
            "tags": []
        }, 
        "model": "core.questionsubpart", 
        "pk": 855
    }, 
    {
        "fields": {
            "index": 1, 
            "question": 341, 
            "tags": []
        }, 
        "model": "core.questionsubpart", 
        "pk": 856
    }, 
    {
        "fields": {
            "index": 0, 
            "question": 342, 
            "tags": []
        }, 
        "model": "core.questionsubpart", 
        "pk": 857
    }, 
    {
        "fields": {
            "index": 1, 
            "question": 342, 
            "tags": []
        }, 
        "model": "core.questionsubpart", 
        "pk": 858
    }, 
    {
        "fields": {
            "index": 0, 
            "question": 343, 
            "tags": []
        }, 
        "model": "core.questionsubpart", 
        "pk": 859
    }, 
    {
        "fields": {
            "index": 1, 
            "question": 343, 
            "tags": []
        }, 
        "model": "core.questionsubpart", 
        "pk": 860
    }, 
    {
        "fields": {
            "index": 2, 
            "question": 343, 
            "tags": []
        }, 
        "model": "core.questionsubpart", 
        "pk": 861
    }, 
    {
        "fields": {
            "index": 3, 
            "question": 343, 
            "tags": []
        }, 
        "model": "core.questionsubpart", 
        "pk": 862
    }, 
    {
        "fields": {
            "index": 0, 
            "question": 344, 
            "tags": []
        }, 
        "model": "core.questionsubpart", 
        "pk": 863
    }, 
    {
        "fields": {
            "index": 1, 
            "question": 344, 
            "tags": []
        }, 
        "model": "core.questionsubpart", 
        "pk": 864
    }, 
    {
        "fields": {
            "index": 0, 
            "question": 345, 
            "tags": []
        }, 
        "model": "core.questionsubpart", 
        "pk": 865
    }, 
    {
        "fields": {
            "index": 1, 
            "question": 345, 
            "tags": []
        }, 
        "model": "core.questionsubpart", 
        "pk": 866
    }, 
    {
        "fields": {
            "index": 0, 
            "question": 346, 
            "tags": []
        }, 
        "model": "core.questionsubpart", 
        "pk": 867
    }, 
    {
        "fields": {
            "index": 1, 
            "question": 346, 
            "tags": []
        }, 
        "model": "core.questionsubpart", 
        "pk": 868
    }, 
    {
        "fields": {
            "index": 2, 
            "question": 346, 
            "tags": []
        }, 
        "model": "core.questionsubpart", 
        "pk": 869
    }, 
    {
        "fields": {
            "index": 3, 
            "question": 346, 
            "tags": []
        }, 
        "model": "core.questionsubpart", 
        "pk": 870
    }, 
    {
        "fields": {
            "index": 4, 
            "question": 346, 
            "tags": []
        }, 
        "model": "core.questionsubpart", 
        "pk": 871
    }, 
    {
        "fields": {
            "index": 5, 
            "question": 346, 
            "tags": []
        }, 
        "model": "core.questionsubpart", 
        "pk": 872
    }, 
    {
        "fields": {
            "index": 0, 
            "question": 347, 
            "tags": []
        }, 
        "model": "core.questionsubpart", 
        "pk": 873
    }, 
    {
        "fields": {
            "index": 1, 
            "question": 347, 
            "tags": []
        }, 
        "model": "core.questionsubpart", 
        "pk": 874
    }, 
    {
        "fields": {
            "index": 2, 
            "question": 347, 
            "tags": []
        }, 
        "model": "core.questionsubpart", 
        "pk": 875
    }, 
    {
        "fields": {
            "index": 3, 
            "question": 347, 
            "tags": []
        }, 
        "model": "core.questionsubpart", 
        "pk": 876
    }, 
    {
        "fields": {
            "index": 4, 
            "question": 347, 
            "tags": []
        }, 
        "model": "core.questionsubpart", 
        "pk": 877
    }, 
    {
        "fields": {
            "index": 5, 
            "question": 347, 
            "tags": []
        }, 
        "model": "core.questionsubpart", 
        "pk": 878
    }, 
    {
        "fields": {
            "index": 6, 
            "question": 347, 
            "tags": []
        }, 
        "model": "core.questionsubpart", 
        "pk": 879
    }, 
    {
        "fields": {
            "index": 7, 
            "question": 347, 
            "tags": []
        }, 
        "model": "core.questionsubpart", 
        "pk": 880
    }, 
    {
        "fields": {
            "index": 8, 
            "question": 347, 
            "tags": []
        }, 
        "model": "core.questionsubpart", 
        "pk": 881
    }, 
    {
        "fields": {
            "index": 0, 
            "question": 348, 
            "tags": []
        }, 
        "model": "core.questionsubpart", 
        "pk": 882
    }, 
    {
        "fields": {
            "index": 1, 
            "question": 348, 
            "tags": []
        }, 
        "model": "core.questionsubpart", 
        "pk": 883
    }, 
    {
        "fields": {
            "index": 0, 
            "question": 349, 
            "tags": []
        }, 
        "model": "core.questionsubpart", 
        "pk": 884
    }, 
    {
        "fields": {
            "index": 1, 
            "question": 349, 
            "tags": []
        }, 
        "model": "core.questionsubpart", 
        "pk": 885
    }, 
    {
        "fields": {
            "index": 2, 
            "question": 349, 
            "tags": []
        }, 
        "model": "core.questionsubpart", 
        "pk": 886
    }, 
    {
        "fields": {
            "index": 0, 
            "question": 350, 
            "tags": []
        }, 
        "model": "core.questionsubpart", 
        "pk": 887
    }, 
    {
        "fields": {
            "index": 1, 
            "question": 350, 
            "tags": []
        }, 
        "model": "core.questionsubpart", 
        "pk": 888
    }, 
    {
        "fields": {
            "index": 2, 
            "question": 350, 
            "tags": []
        }, 
        "model": "core.questionsubpart", 
        "pk": 889
    }, 
    {
        "fields": {
            "index": 3, 
            "question": 350, 
            "tags": []
        }, 
        "model": "core.questionsubpart", 
        "pk": 890
    }, 
    {
        "fields": {
            "index": 0, 
            "question": 351, 
            "tags": []
        }, 
        "model": "core.questionsubpart", 
        "pk": 891
    }, 
    {
        "fields": {
            "index": 1, 
            "question": 351, 
            "tags": []
        }, 
        "model": "core.questionsubpart", 
        "pk": 892
    }, 
    {
        "fields": {
            "index": 0, 
            "question": 352, 
            "tags": []
        }, 
        "model": "core.questionsubpart", 
        "pk": 893
    }, 
    {
        "fields": {
            "index": 1, 
            "question": 352, 
            "tags": []
        }, 
        "model": "core.questionsubpart", 
        "pk": 894
    }, 
    {
        "fields": {
            "index": 2, 
            "question": 352, 
            "tags": []
        }, 
        "model": "core.questionsubpart", 
        "pk": 895
    }, 
    {
        "fields": {
            "index": 0, 
            "question": 353, 
            "tags": []
        }, 
        "model": "core.questionsubpart", 
        "pk": 896
    }, 
    {
        "fields": {
            "index": 1, 
            "question": 353, 
            "tags": []
        }, 
        "model": "core.questionsubpart", 
        "pk": 897
    }, 
    {
        "fields": {
            "index": 0, 
            "question": 354, 
            "tags": []
        }, 
        "model": "core.questionsubpart", 
        "pk": 898
    }, 
    {
        "fields": {
            "index": 1, 
            "question": 354, 
            "tags": []
        }, 
        "model": "core.questionsubpart", 
        "pk": 899
    }, 
    {
        "fields": {
            "index": 0, 
            "question": 355, 
            "tags": []
        }, 
        "model": "core.questionsubpart", 
        "pk": 900
    }, 
    {
        "fields": {
            "index": 1, 
            "question": 355, 
            "tags": []
        }, 
        "model": "core.questionsubpart", 
        "pk": 901
    }, 
    {
        "fields": {
            "index": 0, 
            "question": 356, 
            "tags": []
        }, 
        "model": "core.questionsubpart", 
        "pk": 902
    }, 
    {
        "fields": {
            "index": 1, 
            "question": 356, 
            "tags": []
        }, 
        "model": "core.questionsubpart", 
        "pk": 903
    }, 
    {
        "fields": {
            "index": 2, 
            "question": 356, 
            "tags": []
        }, 
        "model": "core.questionsubpart", 
        "pk": 904
    }, 
    {
        "fields": {
            "index": 3, 
            "question": 356, 
            "tags": []
        }, 
        "model": "core.questionsubpart", 
        "pk": 905
    }, 
    {
        "fields": {
            "index": 0, 
            "question": 357, 
            "tags": []
        }, 
        "model": "core.questionsubpart", 
        "pk": 906
    }, 
    {
        "fields": {
            "index": 1, 
            "question": 357, 
            "tags": []
        }, 
        "model": "core.questionsubpart", 
        "pk": 907
    }, 
    {
        "fields": {
            "index": 2, 
            "question": 357, 
            "tags": []
        }, 
        "model": "core.questionsubpart", 
        "pk": 908
    }, 
    {
        "fields": {
            "index": 3, 
            "question": 357, 
            "tags": []
        }, 
        "model": "core.questionsubpart", 
        "pk": 909
    }, 
    {
        "fields": {
            "index": 0, 
            "question": 358, 
            "tags": []
        }, 
        "model": "core.questionsubpart", 
        "pk": 910
    }, 
    {
        "fields": {
            "index": 1, 
            "question": 358, 
            "tags": []
        }, 
        "model": "core.questionsubpart", 
        "pk": 911
    }, 
    {
        "fields": {
            "index": 2, 
            "question": 358, 
            "tags": []
        }, 
        "model": "core.questionsubpart", 
        "pk": 912
    }, 
    {
        "fields": {
            "index": 0, 
            "question": 359, 
            "tags": []
        }, 
        "model": "core.questionsubpart", 
        "pk": 913
    }, 
    {
        "fields": {
            "index": 1, 
            "question": 359, 
            "tags": []
        }, 
        "model": "core.questionsubpart", 
        "pk": 914
    }, 
    {
        "fields": {
            "index": 0, 
            "question": 360, 
            "tags": []
        }, 
        "model": "core.questionsubpart", 
        "pk": 915
    }, 
    {
        "fields": {
            "index": 1, 
            "question": 360, 
            "tags": []
        }, 
        "model": "core.questionsubpart", 
        "pk": 916
    }, 
    {
        "fields": {
            "index": 2, 
            "question": 360, 
            "tags": []
        }, 
        "model": "core.questionsubpart", 
        "pk": 917
    }, 
    {
        "fields": {
            "index": 0, 
            "question": 361, 
            "tags": []
        }, 
        "model": "core.questionsubpart", 
        "pk": 918
    }, 
    {
        "fields": {
            "index": 1, 
            "question": 361, 
            "tags": []
        }, 
        "model": "core.questionsubpart", 
        "pk": 919
    }, 
    {
        "fields": {
            "index": 2, 
            "question": 361, 
            "tags": []
        }, 
        "model": "core.questionsubpart", 
        "pk": 920
    }, 
    {
        "fields": {
            "index": 3, 
            "question": 361, 
            "tags": []
        }, 
        "model": "core.questionsubpart", 
        "pk": 921
    }, 
    {
        "fields": {
            "index": 0, 
            "question": 362, 
            "tags": []
        }, 
        "model": "core.questionsubpart", 
        "pk": 922
    }, 
    {
        "fields": {
            "index": 1, 
            "question": 362, 
            "tags": []
        }, 
        "model": "core.questionsubpart", 
        "pk": 923
    }, 
    {
        "fields": {
            "index": 2, 
            "question": 362, 
            "tags": []
        }, 
        "model": "core.questionsubpart", 
        "pk": 924
    }, 
    {
        "fields": {
            "index": 3, 
            "question": 362, 
            "tags": []
        }, 
        "model": "core.questionsubpart", 
        "pk": 925
    }, 
    {
        "fields": {
            "index": 4, 
            "question": 362, 
            "tags": []
        }, 
        "model": "core.questionsubpart", 
        "pk": 926
    }, 
    {
        "fields": {
            "index": 0, 
            "question": 363, 
            "tags": []
        }, 
        "model": "core.questionsubpart", 
        "pk": 927
    }, 
    {
        "fields": {
            "index": 1, 
            "question": 363, 
            "tags": []
        }, 
        "model": "core.questionsubpart", 
        "pk": 928
    }, 
    {
        "fields": {
            "index": 0, 
            "question": 364, 
            "tags": []
        }, 
        "model": "core.questionsubpart", 
        "pk": 929
    }, 
    {
        "fields": {
            "index": 1, 
            "question": 364, 
            "tags": []
        }, 
        "model": "core.questionsubpart", 
        "pk": 930
    }, 
    {
        "fields": {
            "index": 2, 
            "question": 364, 
            "tags": []
        }, 
        "model": "core.questionsubpart", 
        "pk": 931
    }, 
    {
        "fields": {
            "index": 0, 
            "question": 365, 
            "tags": []
        }, 
        "model": "core.questionsubpart", 
        "pk": 932
    }, 
    {
        "fields": {
            "index": 1, 
            "question": 365, 
            "tags": []
        }, 
        "model": "core.questionsubpart", 
        "pk": 933
    }, 
    {
        "fields": {
            "index": 0, 
            "question": 366, 
            "tags": []
        }, 
        "model": "core.questionsubpart", 
        "pk": 934
    }, 
    {
        "fields": {
            "index": 1, 
            "question": 366, 
            "tags": []
        }, 
        "model": "core.questionsubpart", 
        "pk": 935
    }, 
    {
        "fields": {
            "index": 0, 
            "question": 367, 
            "tags": []
        }, 
        "model": "core.questionsubpart", 
        "pk": 936
    }, 
    {
        "fields": {
            "index": 1, 
            "question": 367, 
            "tags": []
        }, 
        "model": "core.questionsubpart", 
        "pk": 937
    }, 
    {
        "fields": {
            "index": 2, 
            "question": 367, 
            "tags": []
        }, 
        "model": "core.questionsubpart", 
        "pk": 938
    }, 
    {
        "fields": {
            "index": 0, 
            "question": 368, 
            "tags": []
        }, 
        "model": "core.questionsubpart", 
        "pk": 939
    }, 
    {
        "fields": {
            "index": 1, 
            "question": 368, 
            "tags": []
        }, 
        "model": "core.questionsubpart", 
        "pk": 940
    }, 
    {
        "fields": {
            "index": 0, 
            "question": 369, 
            "tags": []
        }, 
        "model": "core.questionsubpart", 
        "pk": 941
    }, 
    {
        "fields": {
            "index": 1, 
            "question": 369, 
            "tags": []
        }, 
        "model": "core.questionsubpart", 
        "pk": 942
    }, 
    {
        "fields": {
            "index": 0, 
            "question": 370, 
            "tags": []
        }, 
        "model": "core.questionsubpart", 
        "pk": 943
    }, 
    {
        "fields": {
            "index": 0, 
            "question": 371, 
            "tags": []
        }, 
        "model": "core.questionsubpart", 
        "pk": 944
    }, 
    {
        "fields": {
            "index": 1, 
            "question": 371, 
            "tags": []
        }, 
        "model": "core.questionsubpart", 
        "pk": 945
    }, 
    {
        "fields": {
            "index": 0, 
            "question": 372, 
            "tags": []
        }, 
        "model": "core.questionsubpart", 
        "pk": 946
    }, 
    {
        "fields": {
            "index": 1, 
            "question": 372, 
            "tags": []
        }, 
        "model": "core.questionsubpart", 
        "pk": 947
    }, 
    {
        "fields": {
            "index": 2, 
            "question": 372, 
            "tags": []
        }, 
        "model": "core.questionsubpart", 
        "pk": 948
    }, 
    {
        "fields": {
            "index": 0, 
            "question": 373, 
            "tags": []
        }, 
        "model": "core.questionsubpart", 
        "pk": 949
    }, 
    {
        "fields": {
            "index": 1, 
            "question": 373, 
            "tags": []
        }, 
        "model": "core.questionsubpart", 
        "pk": 950
    }, 
    {
        "fields": {
            "index": 2, 
            "question": 373, 
            "tags": []
        }, 
        "model": "core.questionsubpart", 
        "pk": 951
    }, 
    {
        "fields": {
            "index": 0, 
            "question": 374, 
            "tags": []
        }, 
        "model": "core.questionsubpart", 
        "pk": 952
    }, 
    {
        "fields": {
            "index": 1, 
            "question": 374, 
            "tags": []
        }, 
        "model": "core.questionsubpart", 
        "pk": 953
    }, 
    {
        "fields": {
            "index": 2, 
            "question": 374, 
            "tags": []
        }, 
        "model": "core.questionsubpart", 
        "pk": 954
    }, 
    {
        "fields": {
            "index": 3, 
            "question": 374, 
            "tags": []
        }, 
        "model": "core.questionsubpart", 
        "pk": 955
    }, 
    {
        "fields": {
            "index": 0, 
            "question": 375, 
            "tags": []
        }, 
        "model": "core.questionsubpart", 
        "pk": 956
    }, 
    {
        "fields": {
            "index": 0, 
            "question": 376, 
            "tags": []
        }, 
        "model": "core.questionsubpart", 
        "pk": 957
    }, 
    {
        "fields": {
            "index": 1, 
            "question": 376, 
            "tags": []
        }, 
        "model": "core.questionsubpart", 
        "pk": 958
    }, 
    {
        "fields": {
            "index": 0, 
            "question": 377, 
            "tags": []
        }, 
        "model": "core.questionsubpart", 
        "pk": 959
    }, 
    {
        "fields": {
            "index": 1, 
            "question": 377, 
            "tags": []
        }, 
        "model": "core.questionsubpart", 
        "pk": 960
    }, 
    {
        "fields": {
            "index": 0, 
            "question": 378, 
            "tags": []
        }, 
        "model": "core.questionsubpart", 
        "pk": 961
    }, 
    {
        "fields": {
            "index": 1, 
            "question": 378, 
            "tags": []
        }, 
        "model": "core.questionsubpart", 
        "pk": 962
    }, 
    {
        "fields": {
            "index": 2, 
            "question": 378, 
            "tags": []
        }, 
        "model": "core.questionsubpart", 
        "pk": 963
    }, 
    {
        "fields": {
            "index": 0, 
            "question": 379, 
            "tags": []
        }, 
        "model": "core.questionsubpart", 
        "pk": 964
    }, 
    {
        "fields": {
            "index": 0, 
            "question": 380, 
            "tags": []
        }, 
        "model": "core.questionsubpart", 
        "pk": 965
    }, 
    {
        "fields": {
            "index": 0, 
            "question": 381, 
            "tags": []
        }, 
        "model": "core.questionsubpart", 
        "pk": 966
    }, 
    {
        "fields": {
            "index": 1, 
            "question": 381, 
            "tags": []
        }, 
        "model": "core.questionsubpart", 
        "pk": 967
    }, 
    {
        "fields": {
            "index": 2, 
            "question": 381, 
            "tags": []
        }, 
        "model": "core.questionsubpart", 
        "pk": 968
    }, 
    {
        "fields": {
            "index": 0, 
            "question": 382, 
            "tags": []
        }, 
        "model": "core.questionsubpart", 
        "pk": 969
    }, 
    {
        "fields": {
            "index": 0, 
            "question": 383, 
            "tags": []
        }, 
        "model": "core.questionsubpart", 
        "pk": 970
    }, 
    {
        "fields": {
            "index": 1, 
            "question": 383, 
            "tags": []
        }, 
        "model": "core.questionsubpart", 
        "pk": 971
    }, 
    {
        "fields": {
            "index": 2, 
            "question": 383, 
            "tags": []
        }, 
        "model": "core.questionsubpart", 
        "pk": 972
    }, 
    {
        "fields": {
            "index": 3, 
            "question": 383, 
            "tags": []
        }, 
        "model": "core.questionsubpart", 
        "pk": 973
    }, 
    {
        "fields": {
            "index": 0, 
            "question": 384, 
            "tags": []
        }, 
        "model": "core.questionsubpart", 
        "pk": 974
    }, 
    {
        "fields": {
            "index": 0, 
            "question": 385, 
            "tags": []
        }, 
        "model": "core.questionsubpart", 
        "pk": 975
    }, 
    {
        "fields": {
            "index": 1, 
            "question": 385, 
            "tags": []
        }, 
        "model": "core.questionsubpart", 
        "pk": 976
    }, 
    {
        "fields": {
            "index": 0, 
            "question": 386, 
            "tags": []
        }, 
        "model": "core.questionsubpart", 
        "pk": 977
    }, 
    {
        "fields": {
            "index": 1, 
            "question": 386, 
            "tags": []
        }, 
        "model": "core.questionsubpart", 
        "pk": 978
    }, 
    {
        "fields": {
            "index": 2, 
            "question": 386, 
            "tags": []
        }, 
        "model": "core.questionsubpart", 
        "pk": 979
    }, 
    {
        "fields": {
            "index": 0, 
            "question": 387, 
            "tags": []
        }, 
        "model": "core.questionsubpart", 
        "pk": 980
    }, 
    {
        "fields": {
            "index": 1, 
            "question": 387, 
            "tags": []
        }, 
        "model": "core.questionsubpart", 
        "pk": 981
    }, 
    {
        "fields": {
            "index": 2, 
            "question": 387, 
            "tags": []
        }, 
        "model": "core.questionsubpart", 
        "pk": 982
    }, 
    {
        "fields": {
            "index": 0, 
            "question": 388, 
            "tags": []
        }, 
        "model": "core.questionsubpart", 
        "pk": 983
    }, 
    {
        "fields": {
            "index": 0, 
            "question": 389, 
            "tags": []
        }, 
        "model": "core.questionsubpart", 
        "pk": 984
    }, 
    {
        "fields": {
            "index": 1, 
            "question": 389, 
            "tags": []
        }, 
        "model": "core.questionsubpart", 
        "pk": 985
    }, 
    {
        "fields": {
            "index": 2, 
            "question": 389, 
            "tags": []
        }, 
        "model": "core.questionsubpart", 
        "pk": 986
    }, 
    {
        "fields": {
            "index": 3, 
            "question": 389, 
            "tags": []
        }, 
        "model": "core.questionsubpart", 
        "pk": 987
    }, 
    {
        "fields": {
            "index": 0, 
            "question": 390, 
            "tags": []
        }, 
        "model": "core.questionsubpart", 
        "pk": 988
    }, 
    {
        "fields": {
            "index": 0, 
            "question": 391, 
            "tags": []
        }, 
        "model": "core.questionsubpart", 
        "pk": 989
    }, 
    {
        "fields": {
            "index": 0, 
            "question": 392, 
            "tags": []
        }, 
        "model": "core.questionsubpart", 
        "pk": 990
    }, 
    {
        "fields": {
            "index": 1, 
            "question": 392, 
            "tags": []
        }, 
        "model": "core.questionsubpart", 
        "pk": 991
    }, 
    {
        "fields": {
            "index": 2, 
            "question": 392, 
            "tags": []
        }, 
        "model": "core.questionsubpart", 
        "pk": 992
    }, 
    {
        "fields": {
            "chapter": 18,
            "school": 1,
            "description": "This assignment covers Degree of Polynomials, Coeffiecients of Polynomials and Classification of Polynomials as Cubic, Quadratic and Polynomials in two or three variables.",
            "number": 1, 
            "standard": 2, 
            "questions": [
                331, 
                332, 
                333
            ], 
            "subject": 1
        }, 
        "model": "core.assignmentquestionslist", 
        "pk": 44
    }, 
    {
        "fields": {
            "chapter": 18,
            "school": 1,
            "description": "This assignment covers Zeroes of a Polynomials and Division of two Polynomials by Long Division Method.",
            "number": 2, 
            "standard": 2, 
            "questions": [
                334,
                335, 
                336, 
                337
            ], 
            "subject": 1
        }, 
        "model": "core.assignmentquestionslist", 
        "pk": 45
    }, 
    {
        "fields": {
            "chapter": 18,
            "school": 1,
            "description": "This assignment covers Remainder theorem, Factor Theorem and Factorisation of Polynomials.",
            "number": 3, 
            "standard": 2, 
            "questions": [
                338,
                339,
                340, 
                341, 
                342
            ], 
            "subject": 1
        }, 
        "model": "core.assignmentquestionslist", 
        "pk": 46
    }, 
    {
        "fields": {
            "chapter": 18,
            "school": 1,
            "description": "This assignment covers Expansion and Factorisation of Polynomials and Numbers using Algebraic Identities.",
            "number": 4, 
            "standard": 2, 
            "questions": [
                343,
                344, 
                345, 
                346
            ], 
            "subject": 1
        }, 
        "model": "core.assignmentquestionslist", 
        "pk": 47
    }, 
    {
        "fields": {
            "chapter": 19,
            "school": 1,
            "description": "This assignment covers Basics of Number Systems, Rational Numbers, Irrational Numbers and Location of Numbers on a Number Line.",
            "number": 1, 
            "standard": 2, 
            "questions": [
                347,
                348,
                349, 
                350, 
                351
            ], 
            "subject": 1
        }, 
        "model": "core.assignmentquestionslist", 
        "pk": 48
    }, 
    {
        "fields": {
            "chapter": 19,
            "school": 1,
            "description": "This assignment covers Real Numbers and their Decimal Expansion, Expressing Numbers in the form of \\(\\frac{p}{q}\\) and Listing Irrational Numbers between any two numbers.",
            "number": 2, 
            "standard": 2, 
            "questions": [
                352,
                353, 
                354, 
                355
            ], 
            "subject": 1
        }, 
        "model": "core.assignmentquestionslist", 
        "pk": 49
    }, 
    {
        "fields": {
            "chapter": 19,
            "school": 1,
            "description": "This assignment covers Mathematical Operations on Rational and Irrational Numbers and Representing Square Roots of Decimal numbers on the number line.",
            "number": 3, 
            "standard": 2, 
            "questions": [
                356,
                357, 
                358, 
                359
            ], 
            "subject": 1
        }, 
        "model": "core.assignmentquestionslist", 
        "pk": 50
    }, 
    {
        "fields": {
            "chapter": 19,
            "school": 1,
            "description": "This assignment covers Simplification of Expressions using identites, Rationalization of Denominator and Laws of Exponents for Real Numbers.",
            "number": 4, 
            "standard": 2, 
            "questions": [
                360, 
                361, 
                362
            ], 
            "subject": 1
        }, 
        "model": "core.assignmentquestionslist", 
        "pk": 51
    }, 
    {
        "fields": {
            "chapter": 20,
            "school": 1,
            "description": "This assignment covers surface area of cuboids and cubes.",
            "number": 1, 
            "standard": 2, 
            "questions": [
                363, 
                364, 
                365
            ], 
            "subject": 1
        }, 
        "model": "core.assignmentquestionslist", 
        "pk": 52
    }, 
    {
        "fields": {
            "chapter": 20,
            "school": 1,
            "description": "This assignment covers curved surface area and total surface area of cylinders.",
            "number": 2, 
            "standard": 2, 
            "questions": [
                366,
                367,
                368, 
                369, 
                370
            ], 
            "subject": 1
        }, 
        "model": "core.assignmentquestionslist", 
        "pk": 53
    }, 
    {
        "fields": {
            "chapter": 20,
            "school": 1,
            "description": "This assignment covers curved surface area and total surface area of cones.",
            "number": 3, 
            "standard": 2, 
            "questions": [
                371, 
                372, 
                373
            ], 
            "subject": 1
        }, 
        "model": "core.assignmentquestionslist", 
        "pk": 54
    }, 
    {
        "fields": {
            "chapter": 20,
            "school": 1,
            "description": "This assignment covers surface area of spheres and curved surface area and total surface area of hemispheres.",
            "number": 4, 
            "standard": 2, 
            "questions": [
                374, 
                375, 
                376
            ], 
            "subject": 1
        }, 
        "model": "core.assignmentquestionslist", 
        "pk": 55
    }, 
    {
        "fields": {
            "chapter": 20,
            "school": 1,
            "description": "This assignment covers volume of cuboids and cubes.",
            "number": 5, 
            "standard": 2, 
            "questions": [
                377,
                378, 
                379, 
                380
            ], 
            "subject": 1
        }, 
        "model": "core.assignmentquestionslist", 
        "pk": 56
    }, 
    {
        "fields": {
            "chapter": 20,
            "school": 1,
            "description": "This assignment covers volume of cylinders.",
            "number": 6, 
            "standard": 2, 
            "questions": [
                381,
                382, 
                383, 
                384
            ], 
            "subject": 1
        }, 
        "model": "core.assignmentquestionslist", 
        "pk": 57
    }, 
    {
        "fields": {
            "chapter": 20,
            "school": 1,
            "description": "This assignment covers volume of cones.",
            "number": 7, 
            "standard": 2, 
            "questions": [
                385,
                386, 
                387, 
                388
            ], 
            "subject": 1
        }, 
        "model": "core.assignmentquestionslist", 
        "pk": 58
    }, 
    {
        "fields": {
            "chapter": 20,
            "school": 1,
            "description": "This assignment covers volume of spheres and hemispheres.",
            "number": 8, 
            "standard": 2, 
            "questions": [
                389,
                390, 
                391, 
                392
            ], 
            "subject": 1
        }, 
        "model": "core.assignmentquestionslist", 
        "pk": 59
    }
]