[
    {
        "fields": {
            "name": "Microorganisms: Friend and Foe"
        }, 
        "model": "core.chapter", 
        "pk": 21
    }, 
    {
        "fields": {
            "name": "transmission of diseases"
        }, 
        "model": "core.questiontag", 
        "pk": 134
    }, 
    {
        "fields": {
            "name": "plant diseases"
        }, 
        "model": "core.questiontag", 
        "pk": 135
    }, 
    {
        "fields": {
            "name": "nitrogen fixation"
        }, 
        "model": "core.questiontag", 
        "pk": 136
    }, 
    {
        "fields": {
            "name": "food preservation"
        }, 
        "model": "core.questiontag", 
        "pk": 137
    }, 
    {
        "fields": {
            "name": "commercial use of microorganisms"
        }, 
        "model": "core.questiontag", 
        "pk": 138
    }, 
    {
        "fields": {
            "name": "microorganisms causing diseases"
        }, 
        "model": "core.questiontag", 
        "pk": 139
    }, 
    {
        "fields": {
            "chapter": 21, 
            "school": 1, 
            "tags": [
                1, 
                134
            ], 
            "standard": 1, 
            "subject": 2
        }, 
        "model": "core.question", 
        "pk": 393
    }, 
    {
        "fields": {
            "chapter": 21, 
            "school": 1, 
            "tags": [
                1, 
                134
            ], 
            "standard": 1, 
            "subject": 2
        }, 
        "model": "core.question", 
        "pk": 394
    }, 
    {
        "fields": {
            "chapter": 21, 
            "school": 1, 
            "tags": [
                1, 
                135
            ], 
            "standard": 1, 
            "subject": 2
        }, 
        "model": "core.question", 
        "pk": 395
    }, 
    {
        "fields": {
            "chapter": 21, 
            "school": 1, 
            "tags": [
                1, 
                136
            ], 
            "standard": 1, 
            "subject": 2
        }, 
        "model": "core.question", 
        "pk": 396
    }, 
    {
        "fields": {
            "chapter": 21, 
            "school": 1, 
            "tags": [
                1, 
                137
            ], 
            "standard": 1, 
            "subject": 2
        }, 
        "model": "core.question", 
        "pk": 397
    }, 
    {
        "fields": {
            "chapter": 21, 
            "school": 1, 
            "tags": [
                1, 
                134
            ], 
            "standard": 1, 
            "subject": 2
        }, 
        "model": "core.question", 
        "pk": 398
    }, 
    {
        "fields": {
            "chapter": 21, 
            "school": 1, 
            "tags": [
                1, 
                137
            ], 
            "standard": 1, 
            "subject": 2
        }, 
        "model": "core.question", 
        "pk": 399
    }, 
    {
        "fields": {
            "chapter": 21, 
            "school": 1, 
            "tags": [
                1, 
                138
            ], 
            "standard": 1, 
            "subject": 2
        }, 
        "model": "core.question", 
        "pk": 400
    }, 
    {
        "fields": {
            "chapter": 21, 
            "school": 1, 
            "tags": [
                1, 
                138
            ], 
            "standard": 1, 
            "subject": 2
        }, 
        "model": "core.question", 
        "pk": 401
    }, 
    {
        "fields": {
            "chapter": 21, 
            "school": 1, 
            "tags": [
                1, 
                138
            ], 
            "standard": 1, 
            "subject": 2
        }, 
        "model": "core.question", 
        "pk": 402
    }, 
    {
        "fields": {
            "chapter": 21, 
            "school": 1, 
            "tags": [
                1, 
                139
            ], 
            "standard": 1, 
            "subject": 2
        }, 
        "model": "core.question", 
        "pk": 403
    }, 
    {
        "fields": {
            "index": 0, 
            "question": 393, 
            "tags": []
        }, 
        "model": "core.questionsubpart", 
        "pk": 993
    }, 
    {
        "fields": {
            "index": 0, 
            "question": 394, 
            "tags": []
        }, 
        "model": "core.questionsubpart", 
        "pk": 994
    }, 
    {
        "fields": {
            "index": 1, 
            "question": 394, 
            "tags": []
        }, 
        "model": "core.questionsubpart", 
        "pk": 995
    }, 
    {
        "fields": {
            "index": 2, 
            "question": 394, 
            "tags": []
        }, 
        "model": "core.questionsubpart", 
        "pk": 996
    }, 
    {
        "fields": {
            "index": 3, 
            "question": 394, 
            "tags": []
        }, 
        "model": "core.questionsubpart", 
        "pk": 997
    }, 
    {
        "fields": {
            "index": 4, 
            "question": 394, 
            "tags": []
        }, 
        "model": "core.questionsubpart", 
        "pk": 998
    }, 
    {
        "fields": {
            "index": 5, 
            "question": 394, 
            "tags": []
        }, 
        "model": "core.questionsubpart", 
        "pk": 999
    }, 
    {
        "fields": {
            "index": 6, 
            "question": 394, 
            "tags": []
        }, 
        "model": "core.questionsubpart", 
        "pk": 1000
    }, 
    {
        "fields": {
            "index": 0, 
            "question": 395, 
            "tags": []
        }, 
        "model": "core.questionsubpart", 
        "pk": 1001
    }, 
    {
        "fields": {
            "index": 1, 
            "question": 395, 
            "tags": []
        }, 
        "model": "core.questionsubpart", 
        "pk": 1002
    }, 
    {
        "fields": {
            "index": 2, 
            "question": 395, 
            "tags": []
        }, 
        "model": "core.questionsubpart", 
        "pk": 1003
    }, 
    {
        "fields": {
            "index": 0, 
            "question": 396, 
            "tags": []
        }, 
        "model": "core.questionsubpart", 
        "pk": 1004
    }, 
    {
        "fields": {
            "index": 0, 
            "question": 397, 
            "tags": []
        }, 
        "model": "core.questionsubpart", 
        "pk": 1005
    }, 
    {
        "fields": {
            "index": 0, 
            "question": 398, 
            "tags": []
        }, 
        "model": "core.questionsubpart", 
        "pk": 1006
    }, 
    {
        "fields": {
            "index": 0, 
            "question": 399, 
            "tags": []
        }, 
        "model": "core.questionsubpart", 
        "pk": 1007
    }, 
    {
        "fields": {
            "index": 0, 
            "question": 400, 
            "tags": []
        }, 
        "model": "core.questionsubpart", 
        "pk": 1008
    }, 
    {
        "fields": {
            "index": 0, 
            "question": 401, 
            "tags": []
        }, 
        "model": "core.questionsubpart", 
        "pk": 1009
    }, 
    {
        "fields": {
            "index": 0, 
            "question": 402, 
            "tags": []
        }, 
        "model": "core.questionsubpart", 
        "pk": 1010
    }, 
    {
        "fields": {
            "index": 0, 
            "question": 403, 
            "tags": []
        }, 
        "model": "core.questionsubpart", 
        "pk": 1011
    }, 
    {
        "fields": {
            "index": 1, 
            "question": 403, 
            "tags": []
        }, 
        "model": "core.questionsubpart", 
        "pk": 1012
    }, 
    {
        "fields": {
            "index": 2, 
            "question": 403, 
            "tags": []
        }, 
        "model": "core.questionsubpart", 
        "pk": 1013
    }, 
    {
        "fields": {
            "index": 3, 
            "question": 403, 
            "tags": []
        }, 
        "model": "core.questionsubpart", 
        "pk": 1014
    }, 
    {
        "fields": {
            "index": 4, 
            "question": 403, 
            "tags": []
        }, 
        "model": "core.questionsubpart", 
        "pk": 1015
    }, 
    {
        "fields": {
            "index": 5, 
            "question": 403, 
            "tags": []
        }, 
        "model": "core.questionsubpart", 
        "pk": 1016
    }, 
    {
        "fields": {
            "index": 6, 
            "question": 403, 
            "tags": []
        }, 
        "model": "core.questionsubpart", 
        "pk": 1017
    }, 
    {
        "fields": {
            "index": 7, 
            "question": 403, 
            "tags": []
        }, 
        "model": "core.questionsubpart", 
        "pk": 1018
    }, 
    {
        "fields": {
            "chapter": 21,
            "school": 1,
            "description": "This assignment covers an introduction to microorganisms,commercial and medical use of microorganisms,disease causing microorganisms and food preservation. ", 
            "number": 1, 
            "standard": 1, 
            "questions": [
                393,
                394,
                395,
                396,
                397,
                398,
                399,
                400, 
                401, 
                402, 
                403
            ], 
            "subject": 2
        }, 
        "model": "core.assignmentquestionslist", 
        "pk": 60
    }
]