[
    {
        "fields": {
            "name": "Coal and Petroleum"
        }, 
        "model": "core.chapter", 
        "pk": 22
    }, 
    {
        "fields": {
            "name": "Reproduction in Animals"
        }, 
        "model": "core.chapter", 
        "pk": 23
    }, 
    {
        "fields": {
            "name": "Reaching the Age of Adolescence"
        }, 
        "model": "core.chapter", 
        "pk": 24
    }, 
    {
        "fields": {
            "name": "Force and Pressure"
        }, 
        "model": "core.chapter", 
        "pk": 25
    }, 
    {
        "fields": {
            "name": "Friction"
        }, 
        "model": "core.chapter", 
        "pk": 26
    }, 
    {
        "fields": {
            "name": "Sound"
        }, 
        "model": "core.chapter", 
        "pk": 27
    }, 
    {
        "fields": {
            "name": "Light"
        }, 
        "model": "core.chapter", 
        "pk": 28
    }, 
    {
        "fields": {
            "name": "Stars and the Solar System"
        }, 
        "model": "core.chapter", 
        "pk": 29
    }, 
    {
        "fields": {
            "name": "types of resources"
        }, 
        "model": "core.questiontag", 
        "pk": 140
    }, 
    {
        "fields": {
            "name": "formation of natural resources"
        }, 
        "model": "core.questiontag", 
        "pk": 141
    }, 
    {
        "fields": {
            "name": "coal"
        }, 
        "model": "core.questiontag", 
        "pk": 142
    }, 
    {
        "fields": {
            "name": "carbonisation"
        }, 
        "model": "core.questiontag", 
        "pk": 143
    }, 
    {
        "fields": {
            "name": "petroleum"
        }, 
        "model": "core.questiontag", 
        "pk": 144
    }, 
    {
        "fields": {
            "name": "refining"
        }, 
        "model": "core.questiontag", 
        "pk": 145
    }, 
    {
        "fields": {
            "name": "uses of petroleum"
        }, 
        "model": "core.questiontag", 
        "pk": 146
    }, 
    {
        "fields": {
            "name": "natural gas"
        }, 
        "model": "core.questiontag", 
        "pk": 147
    }, 
    {
        "fields": {
            "name": "air pollution"
        }, 
        "model": "core.questiontag", 
        "pk": 148
    }, 
    {
        "fields": {
            "name": "conservation of resources"
        }, 
        "model": "core.questiontag", 
        "pk": 149
    }, 
    {
        "fields": {
            "name": "sexual reproduction"
        }, 
        "model": "core.questiontag", 
        "pk": 150
    }, 
    {
        "fields": {
            "name": "reproductive organs"
        }, 
        "model": "core.questiontag", 
        "pk": 151
    }, 
    {
        "fields": {
            "name": "fertilisation"
        }, 
        "model": "core.questiontag", 
        "pk": 152
    }, 
    {
        "fields": {
            "name": "in vitro fertilisation"
        }, 
        "model": "core.questiontag", 
        "pk": 153
    }, 
    {
        "fields": {
            "name": "development of embryo"
        }, 
        "model": "core.questiontag", 
        "pk": 154
    }, 
    {
        "fields": {
            "name": "viviparous and oviparous animals"
        }, 
        "model": "core.questiontag", 
        "pk": 155
    }, 
    {
        "fields": {
            "name": "metamorphosis"
        }, 
        "model": "core.questiontag", 
        "pk": 156
    }, 
    {
        "fields": {
            "name": "asexual reproduction"
        }, 
        "model": "core.questiontag", 
        "pk": 157
    }, 
    {
        "fields": {
            "name": "adolescence"
        }, 
        "model": "core.questiontag", 
        "pk": 158
    }, 
    {
        "fields": {
            "name": "puberty"
        }, 
        "model": "core.questiontag", 
        "pk": 159
    }, 
    {
        "fields": {
            "name": "hormones"
        }, 
        "model": "core.questiontag", 
        "pk": 160
    }, 
    {
        "fields": {
            "name": "reproductive cycle"
        }, 
        "model": "core.questiontag", 
        "pk": 161
    }, 
    {
        "fields": {
            "name": "menstruation"
        }, 
        "model": "core.questiontag", 
        "pk": 162
    }, 
    {
        "fields": {
            "name": "chromosomes"
        }, 
        "model": "core.questiontag", 
        "pk": 163
    }, 
    {
        "fields": {
            "name": "nutritional need"
        }, 
        "model": "core.questiontag", 
        "pk": 164
    }, 
    {
        "fields": {
            "name": "hiv virus"
        }, 
        "model": "core.questiontag", 
        "pk": 165
    }, 
    {
        "fields": {
            "name": "force"
        }, 
        "model": "core.questiontag", 
        "pk": 166
    }, 
    {
        "fields": {
            "name": "state of motion"
        }, 
        "model": "core.questiontag", 
        "pk": 167
    }, 
    {
        "fields": {
            "name": "types of force"
        }, 
        "model": "core.questiontag", 
        "pk": 168
    }, 
    {
        "fields": {
            "name": "pressure"
        }, 
        "model": "core.questiontag", 
        "pk": 169
    }, 
    {
        "fields": {
            "name": "effects of force"
        }, 
        "model": "core.questiontag", 
        "pk": 170
    }, 
    {
        "fields": {
            "name": "force of friction"
        }, 
        "model": "core.questiontag", 
        "pk": 171
    }, 
    {
        "fields": {
            "name": "concpetual"
        }, 
        "model": "core.questiontag", 
        "pk": 172
    }, 
    {
        "fields": {
            "name": "types of friction"
        }, 
        "model": "core.questiontag", 
        "pk": 173
    }, 
    {
        "fields": {
            "name": "lubrication"
        }, 
        "model": "core.questiontag", 
        "pk": 174
    }, 
    {
        "fields": {
            "name": "vibration"
        }, 
        "model": "core.questiontag", 
        "pk": 175
    }, 
    {
        "fields": {
            "name": "medium of travel"
        }, 
        "model": "core.questiontag", 
        "pk": 176
    }, 
    {
        "fields": {
            "name": "frequency"
        }, 
        "model": "core.questiontag", 
        "pk": 177
    }, 
    {
        "fields": {
            "name": "loudness of sound"
        }, 
        "model": "core.questiontag", 
        "pk": 178
    }, 
    {
        "fields": {
            "name": "pitch of sound"
        }, 
        "model": "core.questiontag", 
        "pk": 179
    }, 
    {
        "fields": {
            "name": "aubible sounds"
        }, 
        "model": "core.questiontag", 
        "pk": 180
    }, 
    {
        "fields": {
            "name": "laws of reflection"
        }, 
        "model": "core.questiontag", 
        "pk": 181
    }, 
    {
        "fields": {
            "name": "reflection"
        }, 
        "model": "core.questiontag", 
        "pk": 182
    }, 
    {
        "fields": {
            "name": "human eye"
        }, 
        "model": "core.questiontag", 
        "pk": 183
    }, 
    {
        "fields": {
            "name": "retina"
        }, 
        "model": "core.questiontag", 
        "pk": 184
    }, 
    {
        "fields": {
            "name": "cataract"
        }, 
        "model": "core.questiontag", 
        "pk": 185
    }, 
    {
        "fields": {
            "name": "braille"
        }, 
        "model": "core.questiontag", 
        "pk": 186
    }, 
    {
        "fields": {
            "name": "the moon"
        }, 
        "model": "core.questiontag", 
        "pk": 187
    }, 
    {
        "fields": {
            "name": "the stars"
        }, 
        "model": "core.questiontag", 
        "pk": 188
    }, 
    {
        "fields": {
            "name": "light years"
        }, 
        "model": "core.questiontag", 
        "pk": 189
    }, 
    {
        "fields": {
            "name": "the solar system"
        }, 
        "model": "core.questiontag", 
        "pk": 190
    }, 
    {
        "fields": {
            "name": "asteroids"
        }, 
        "model": "core.questiontag", 
        "pk": 191
    }, 
    {
        "fields": {
            "name": "meteors"
        }, 
        "model": "core.questiontag", 
        "pk": 192
    }, 
    {
        "fields": {
            "name": "satellites"
        }, 
        "model": "core.questiontag", 
        "pk": 193
    }, 
    {
        "fields": {
            "name": "constellations"
        }, 
        "model": "core.questiontag", 
        "pk": 194
    }, 
    {
        "fields": {
            "chapter": 22, 
            "school": 1, 
            "tags": [
                1, 
                140
            ], 
            "standard": 1, 
            "subject": 2
        }, 
        "model": "core.question", 
        "pk": 404
    }, 
    {
        "fields": {
            "chapter": 22, 
            "school": 1, 
            "tags": [
                1, 
                141
            ], 
            "standard": 1, 
            "subject": 2
        }, 
        "model": "core.question", 
        "pk": 405
    }, 
    {
        "fields": {
            "chapter": 22, 
            "school": 1, 
            "tags": [
                4, 
                142
            ], 
            "standard": 1, 
            "subject": 2
        }, 
        "model": "core.question", 
        "pk": 406
    }, 
    {
        "fields": {
            "chapter": 22, 
            "school": 1, 
            "tags": [
                1, 
                143
            ], 
            "standard": 1, 
            "subject": 2
        }, 
        "model": "core.question", 
        "pk": 407
    }, 
    {
        "fields": {
            "chapter": 22, 
            "school": 1, 
            "tags": [
                1, 
                144
            ], 
            "standard": 1, 
            "subject": 2
        }, 
        "model": "core.question", 
        "pk": 408
    }, 
    {
        "fields": {
            "chapter": 22, 
            "school": 1, 
            "tags": [
                1, 
                144
            ], 
            "standard": 1, 
            "subject": 2
        }, 
        "model": "core.question", 
        "pk": 409
    }, 
    {
        "fields": {
            "chapter": 22, 
            "school": 1, 
            "tags": [
                1, 
                145
            ], 
            "standard": 1, 
            "subject": 2
        }, 
        "model": "core.question", 
        "pk": 410
    }, 
    {
        "fields": {
            "chapter": 22, 
            "school": 1, 
            "tags": [
                1, 
                144
            ], 
            "standard": 1, 
            "subject": 2
        }, 
        "model": "core.question", 
        "pk": 411
    }, 
    {
        "fields": {
            "chapter": 22, 
            "school": 1, 
            "tags": [
                4, 
                146
            ], 
            "standard": 1, 
            "subject": 2
        }, 
        "model": "core.question", 
        "pk": 412
    }, 
    {
        "fields": {
            "chapter": 22, 
            "school": 1, 
            "tags": [
                4, 
                147
            ], 
            "standard": 1, 
            "subject": 2
        }, 
        "model": "core.question", 
        "pk": 413
    }, 
    {
        "fields": {
            "chapter": 22, 
            "school": 1, 
            "tags": [
                1, 
                148
            ], 
            "standard": 1, 
            "subject": 2
        }, 
        "model": "core.question", 
        "pk": 414
    }, 
    {
        "fields": {
            "chapter": 22, 
            "school": 1, 
            "tags": [
                4, 
                149
            ], 
            "standard": 1, 
            "subject": 2
        }, 
        "model": "core.question", 
        "pk": 415
    }, 
    {
        "fields": {
            "chapter": 23, 
            "school": 1, 
            "tags": [
                1, 
                150
            ], 
            "standard": 1, 
            "subject": 2
        }, 
        "model": "core.question", 
        "pk": 416
    }, 
    {
        "fields": {
            "chapter": 23, 
            "school": 1, 
            "tags": [
                1, 
                151
            ], 
            "standard": 1, 
            "subject": 2
        }, 
        "model": "core.question", 
        "pk": 417
    }, 
    {
        "fields": {
            "chapter": 23, 
            "school": 1, 
            "tags": [
                1, 
                151
            ], 
            "standard": 1, 
            "subject": 2
        }, 
        "model": "core.question", 
        "pk": 418
    }, 
    {
        "fields": {
            "chapter": 23, 
            "school": 1, 
            "tags": [
                1, 
                152
            ], 
            "standard": 1, 
            "subject": 2
        }, 
        "model": "core.question", 
        "pk": 419
    }, 
    {
        "fields": {
            "chapter": 23, 
            "school": 1, 
            "tags": [
                1, 
                153
            ], 
            "standard": 1, 
            "subject": 2
        }, 
        "model": "core.question", 
        "pk": 420
    }, 
    {
        "fields": {
            "chapter": 23, 
            "school": 1, 
            "tags": [
                1, 
                154
            ], 
            "standard": 1, 
            "subject": 2
        }, 
        "model": "core.question", 
        "pk": 421
    }, 
    {
        "fields": {
            "chapter": 23, 
            "school": 1, 
            "tags": [
                1, 
                155
            ], 
            "standard": 1, 
            "subject": 2
        }, 
        "model": "core.question", 
        "pk": 422
    }, 
    {
        "fields": {
            "chapter": 23, 
            "school": 1, 
            "tags": [
                1, 
                156
            ], 
            "standard": 1, 
            "subject": 2
        }, 
        "model": "core.question", 
        "pk": 423
    }, 
    {
        "fields": {
            "chapter": 23, 
            "school": 1, 
            "tags": [
                1, 
                157
            ], 
            "standard": 1, 
            "subject": 2
        }, 
        "model": "core.question", 
        "pk": 424
    }, 
    {
        "fields": {
            "chapter": 23, 
            "school": 1, 
            "tags": [
                1, 
                157
            ], 
            "standard": 1, 
            "subject": 2
        }, 
        "model": "core.question", 
        "pk": 425
    }, 
    {
        "fields": {
            "chapter": 23, 
            "school": 1, 
            "tags": [
                1, 
                151
            ], 
            "standard": 1, 
            "subject": 2
        }, 
        "model": "core.question", 
        "pk": 426
    }, 
    {
        "fields": {
            "chapter": 24, 
            "school": 1, 
            "tags": [
                1, 
                158
            ], 
            "standard": 1, 
            "subject": 2
        }, 
        "model": "core.question", 
        "pk": 427
    }, 
    {
        "fields": {
            "chapter": 24, 
            "school": 1, 
            "tags": [
                1, 
                159
            ], 
            "standard": 1, 
            "subject": 2
        }, 
        "model": "core.question", 
        "pk": 428
    }, 
    {
        "fields": {
            "chapter": 24, 
            "school": 1, 
            "tags": [
                1, 
                159
            ], 
            "standard": 1, 
            "subject": 2
        }, 
        "model": "core.question", 
        "pk": 429
    }, 
    {
        "fields": {
            "chapter": 24, 
            "school": 1, 
            "tags": [
                1, 
                160
            ], 
            "standard": 1, 
            "subject": 2
        }, 
        "model": "core.question", 
        "pk": 430
    }, 
    {
        "fields": {
            "chapter": 24, 
            "school": 1, 
            "tags": [
                1, 
                161
            ], 
            "standard": 1, 
            "subject": 2
        }, 
        "model": "core.question", 
        "pk": 431
    }, 
    {
        "fields": {
            "chapter": 24, 
            "school": 1, 
            "tags": [
                1, 
                162
            ], 
            "standard": 1, 
            "subject": 2
        }, 
        "model": "core.question", 
        "pk": 432
    }, 
    {
        "fields": {
            "chapter": 24, 
            "school": 1, 
            "tags": [
                1, 
                163
            ], 
            "standard": 1, 
            "subject": 2
        }, 
        "model": "core.question", 
        "pk": 433
    }, 
    {
        "fields": {
            "chapter": 24, 
            "school": 1, 
            "tags": [
                4, 
                160
            ], 
            "standard": 1, 
            "subject": 2
        }, 
        "model": "core.question", 
        "pk": 434
    }, 
    {
        "fields": {
            "chapter": 24, 
            "school": 1, 
            "tags": [
                1, 
                164
            ], 
            "standard": 1, 
            "subject": 2
        }, 
        "model": "core.question", 
        "pk": 435
    }, 
    {
        "fields": {
            "chapter": 24, 
            "school": 1, 
            "tags": [
                1, 
                165
            ], 
            "standard": 1, 
            "subject": 2
        }, 
        "model": "core.question", 
        "pk": 436
    }, 
    {
        "fields": {
            "chapter": 25, 
            "school": 1, 
            "tags": [
                1, 
                166
            ], 
            "standard": 1, 
            "subject": 2
        }, 
        "model": "core.question", 
        "pk": 437
    }, 
    {
        "fields": {
            "chapter": 25, 
            "school": 1, 
            "tags": [
                1, 
                167
            ], 
            "standard": 1, 
            "subject": 2
        }, 
        "model": "core.question", 
        "pk": 438
    }, 
    {
        "fields": {
            "chapter": 25, 
            "school": 1, 
            "tags": [
                1, 
                168
            ], 
            "standard": 1, 
            "subject": 2
        }, 
        "model": "core.question", 
        "pk": 439
    }, 
    {
        "fields": {
            "chapter": 25, 
            "school": 1, 
            "tags": [
                1, 
                169
            ], 
            "standard": 1, 
            "subject": 2
        }, 
        "model": "core.question", 
        "pk": 440
    }, 
    {
        "fields": {
            "chapter": 25, 
            "school": 1, 
            "tags": [
                4, 
                166
            ], 
            "standard": 1, 
            "subject": 2
        }, 
        "model": "core.question", 
        "pk": 441
    }, 
    {
        "fields": {
            "chapter": 25, 
            "school": 1, 
            "tags": [
                4, 
                170
            ], 
            "standard": 1, 
            "subject": 2
        }, 
        "model": "core.question", 
        "pk": 442
    }, 
    {
        "fields": {
            "chapter": 26, 
            "school": 1, 
            "tags": [
                1, 
                171
            ], 
            "standard": 1, 
            "subject": 2
        }, 
        "model": "core.question", 
        "pk": 443
    }, 
    {
        "fields": {
            "chapter": 26, 
            "school": 1, 
            "tags": [
                172, 
                173
            ], 
            "standard": 1, 
            "subject": 2
        }, 
        "model": "core.question", 
        "pk": 444
    }, 
    {
        "fields": {
            "chapter": 26, 
            "school": 1, 
            "tags": [
                1, 
                174
            ], 
            "standard": 1, 
            "subject": 2
        }, 
        "model": "core.question", 
        "pk": 445
    }, 
    {
        "fields": {
            "chapter": 26, 
            "school": 1, 
            "tags": [
                4, 
                171
            ], 
            "standard": 1, 
            "subject": 2
        }, 
        "model": "core.question", 
        "pk": 446
    }, 
    {
        "fields": {
            "chapter": 27, 
            "school": 1, 
            "tags": [
                1, 
                175
            ], 
            "standard": 1, 
            "subject": 2
        }, 
        "model": "core.question", 
        "pk": 447
    }, 
    {
        "fields": {
            "chapter": 27, 
            "school": 1, 
            "tags": [
                1, 
                176
            ], 
            "standard": 1, 
            "subject": 2
        }, 
        "model": "core.question", 
        "pk": 448
    }, 
    {
        "fields": {
            "chapter": 27, 
            "school": 1, 
            "tags": [
                1, 
                177
            ], 
            "standard": 1, 
            "subject": 2
        }, 
        "model": "core.question", 
        "pk": 449
    }, 
    {
        "fields": {
            "chapter": 27, 
            "school": 1, 
            "tags": [
                1,
                6, 
                178
            ], 
            "standard": 1, 
            "subject": 2
        }, 
        "model": "core.question", 
        "pk": 450
    }, 
    {
        "fields": {
            "chapter": 27, 
            "school": 1, 
            "tags": [
                4, 
                179
            ], 
            "standard": 1, 
            "subject": 2
        }, 
        "model": "core.question", 
        "pk": 451
    }, 
    {
        "fields": {
            "chapter": 27, 
            "school": 1, 
            "tags": [
                1, 
                180
            ], 
            "standard": 1, 
            "subject": 2
        }, 
        "model": "core.question", 
        "pk": 452
    }, 
    {
        "fields": {
            "chapter": 28, 
            "school": 1, 
            "tags": [
                1
            ], 
            "standard": 1, 
            "subject": 2
        }, 
        "model": "core.question", 
        "pk": 453
    }, 
    {
        "fields": {
            "chapter": 28, 
            "school": 1, 
            "tags": [
                1, 
                181
            ], 
            "standard": 1, 
            "subject": 2
        }, 
        "model": "core.question", 
        "pk": 454
    }, 
    {
        "fields": {
            "chapter": 28, 
            "school": 1, 
            "tags": [
                1, 
                181
            ], 
            "standard": 1, 
            "subject": 2
        }, 
        "model": "core.question", 
        "pk": 455
    }, 
    {
        "fields": {
            "chapter": 28, 
            "school": 1, 
            "tags": [
                1, 
                182
            ], 
            "standard": 1, 
            "subject": 2
        }, 
        "model": "core.question", 
        "pk": 456
    }, 
    {
        "fields": {
            "chapter": 28, 
            "school": 1, 
            "tags": [
                4, 
                182
            ], 
            "standard": 1, 
            "subject": 2
        }, 
        "model": "core.question", 
        "pk": 457
    }, 
    {
        "fields": {
            "chapter": 28, 
            "school": 1, 
            "tags": [
                1, 
                183
            ], 
            "standard": 1, 
            "subject": 2
        }, 
        "model": "core.question", 
        "pk": 458
    }, 
    {
        "fields": {
            "chapter": 28, 
            "school": 1, 
            "tags": [
                4, 
                184
            ], 
            "standard": 1, 
            "subject": 2
        }, 
        "model": "core.question", 
        "pk": 459
    }, 
    {
        "fields": {
            "chapter": 28, 
            "school": 1, 
            "tags": [
                1, 
                185
            ], 
            "standard": 1, 
            "subject": 2
        }, 
        "model": "core.question", 
        "pk": 460
    }, 
    {
        "fields": {
            "chapter": 28, 
            "school": 1, 
            "tags": [
                1, 
                186
            ], 
            "standard": 1, 
            "subject": 2
        }, 
        "model": "core.question", 
        "pk": 461
    }, 
    {
        "fields": {
            "chapter": 28, 
            "school": 1, 
            "tags": [
                1, 
                183
            ], 
            "standard": 1, 
            "subject": 2
        }, 
        "model": "core.question", 
        "pk": 462
    }, 
    {
        "fields": {
            "chapter": 29, 
            "school": 1, 
            "tags": [
                1
            ], 
            "standard": 1, 
            "subject": 2
        }, 
        "model": "core.question", 
        "pk": 463
    }, 
    {
        "fields": {
            "chapter": 29, 
            "school": 1, 
            "tags": [
                1, 
                187
            ], 
            "standard": 1, 
            "subject": 2
        }, 
        "model": "core.question", 
        "pk": 464
    }, 
    {
        "fields": {
            "chapter": 29, 
            "school": 1, 
            "tags": [
                1, 
                188
            ], 
            "standard": 1, 
            "subject": 2
        }, 
        "model": "core.question", 
        "pk": 465
    }, 
    {
        "fields": {
            "chapter": 29, 
            "school": 1, 
            "tags": [
                1, 
                189
            ], 
            "standard": 1, 
            "subject": 2
        }, 
        "model": "core.question", 
        "pk": 466
    }, 
    {
        "fields": {
            "chapter": 29, 
            "school": 1, 
            "tags": [
                1, 
                190
            ], 
            "standard": 1, 
            "subject": 2
        }, 
        "model": "core.question", 
        "pk": 467
    }, 
    {
        "fields": {
            "chapter": 29, 
            "school": 1, 
            "tags": [
                1, 
                191
            ], 
            "standard": 1, 
            "subject": 2
        }, 
        "model": "core.question", 
        "pk": 468
    }, 
    {
        "fields": {
            "chapter": 29, 
            "school": 1, 
            "tags": [
                1, 
                192
            ], 
            "standard": 1, 
            "subject": 2
        }, 
        "model": "core.question", 
        "pk": 469
    }, 
    {
        "fields": {
            "chapter": 29, 
            "school": 1, 
            "tags": [
                1, 
                193
            ], 
            "standard": 1, 
            "subject": 2
        }, 
        "model": "core.question", 
        "pk": 470
    }, 
    {
        "fields": {
            "chapter": 29, 
            "school": 1, 
            "tags": [
                1, 
                194
            ], 
            "standard": 1, 
            "subject": 2
        }, 
        "model": "core.question", 
        "pk": 471
    }, 
    {
        "fields": {
            "index": 0, 
            "question": 404, 
            "tags": []
        }, 
        "model": "core.questionsubpart", 
        "pk": 1019
    }, 
    {
        "fields": {
            "index": 1, 
            "question": 404, 
            "tags": []
        }, 
        "model": "core.questionsubpart", 
        "pk": 1020
    }, 
    {
        "fields": {
            "index": 2, 
            "question": 404, 
            "tags": []
        }, 
        "model": "core.questionsubpart", 
        "pk": 1021
    }, 
    {
        "fields": {
            "index": 3, 
            "question": 404, 
            "tags": []
        }, 
        "model": "core.questionsubpart", 
        "pk": 1022
    }, 
    {
        "fields": {
            "index": 4, 
            "question": 404, 
            "tags": []
        }, 
        "model": "core.questionsubpart", 
        "pk": 1023
    }, 
    {
        "fields": {
            "index": 0, 
            "question": 405, 
            "tags": []
        }, 
        "model": "core.questionsubpart", 
        "pk": 1024
    }, 
    {
        "fields": {
            "index": 1, 
            "question": 405, 
            "tags": []
        }, 
        "model": "core.questionsubpart", 
        "pk": 1025
    }, 
    {
        "fields": {
            "index": 2, 
            "question": 405, 
            "tags": []
        }, 
        "model": "core.questionsubpart", 
        "pk": 1026
    }, 
    {
        "fields": {
            "index": 0, 
            "question": 406, 
            "tags": []
        }, 
        "model": "core.questionsubpart", 
        "pk": 1027
    }, 
    {
        "fields": {
            "index": 1, 
            "question": 406, 
            "tags": []
        }, 
        "model": "core.questionsubpart", 
        "pk": 1028
    }, 
    {
        "fields": {
            "index": 0, 
            "question": 407, 
            "tags": []
        }, 
        "model": "core.questionsubpart", 
        "pk": 1029
    }, 
    {
        "fields": {
            "index": 1, 
            "question": 407, 
            "tags": []
        }, 
        "model": "core.questionsubpart", 
        "pk": 1030
    }, 
    {
        "fields": {
            "index": 2, 
            "question": 407, 
            "tags": []
        }, 
        "model": "core.questionsubpart", 
        "pk": 1031
    }, 
    {
        "fields": {
            "index": 3, 
            "question": 407, 
            "tags": []
        }, 
        "model": "core.questionsubpart", 
        "pk": 1032
    }, 
    {
        "fields": {
            "index": 0, 
            "question": 408, 
            "tags": []
        }, 
        "model": "core.questionsubpart", 
        "pk": 1033
    }, 
    {
        "fields": {
            "index": 1, 
            "question": 408, 
            "tags": []
        }, 
        "model": "core.questionsubpart", 
        "pk": 1034
    }, 
    {
        "fields": {
            "index": 0, 
            "question": 409, 
            "tags": []
        }, 
        "model": "core.questionsubpart", 
        "pk": 1035
    }, 
    {
        "fields": {
            "index": 1, 
            "question": 409, 
            "tags": []
        }, 
        "model": "core.questionsubpart", 
        "pk": 1036
    }, 
    {
        "fields": {
            "index": 2, 
            "question": 409, 
            "tags": []
        }, 
        "model": "core.questionsubpart", 
        "pk": 1037
    }, 
    {
        "fields": {
            "index": 0, 
            "question": 410, 
            "tags": []
        }, 
        "model": "core.questionsubpart", 
        "pk": 1038
    }, 
    {
        "fields": {
            "index": 0, 
            "question": 411, 
            "tags": []
        }, 
        "model": "core.questionsubpart", 
        "pk": 1039
    }, 
    {
        "fields": {
            "index": 1, 
            "question": 411, 
            "tags": []
        }, 
        "model": "core.questionsubpart", 
        "pk": 1040
    }, 
    {
        "fields": {
            "index": 2, 
            "question": 411, 
            "tags": []
        }, 
        "model": "core.questionsubpart", 
        "pk": 1041
    }, 
    {
        "fields": {
            "index": 3, 
            "question": 411, 
            "tags": []
        }, 
        "model": "core.questionsubpart", 
        "pk": 1042
    }, 
    {
        "fields": {
            "index": 0, 
            "question": 412, 
            "tags": []
        }, 
        "model": "core.questionsubpart", 
        "pk": 1043
    }, 
    {
        "fields": {
            "index": 1, 
            "question": 412, 
            "tags": []
        }, 
        "model": "core.questionsubpart", 
        "pk": 1044
    }, 
    {
        "fields": {
            "index": 2, 
            "question": 412, 
            "tags": []
        }, 
        "model": "core.questionsubpart", 
        "pk": 1045
    }, 
    {
        "fields": {
            "index": 3, 
            "question": 412, 
            "tags": []
        }, 
        "model": "core.questionsubpart", 
        "pk": 1046
    }, 
    {
        "fields": {
            "index": 4, 
            "question": 412, 
            "tags": []
        }, 
        "model": "core.questionsubpart", 
        "pk": 1047
    }, 
    {
        "fields": {
            "index": 0, 
            "question": 413, 
            "tags": []
        }, 
        "model": "core.questionsubpart", 
        "pk": 1048
    }, 
    {
        "fields": {
            "index": 1, 
            "question": 413, 
            "tags": []
        }, 
        "model": "core.questionsubpart", 
        "pk": 1049
    }, 
    {
        "fields": {
            "index": 0, 
            "question": 414, 
            "tags": []
        }, 
        "model": "core.questionsubpart", 
        "pk": 1050
    }, 
    {
        "fields": {
            "index": 0, 
            "question": 415, 
            "tags": []
        }, 
        "model": "core.questionsubpart", 
        "pk": 1051
    }, 
    {
        "fields": {
            "index": 0, 
            "question": 416, 
            "tags": []
        }, 
        "model": "core.questionsubpart", 
        "pk": 1052
    }, 
    {
        "fields": {
            "index": 0, 
            "question": 417, 
            "tags": []
        }, 
        "model": "core.questionsubpart", 
        "pk": 1053
    }, 
    {
        "fields": {
            "index": 1, 
            "question": 417, 
            "tags": []
        }, 
        "model": "core.questionsubpart", 
        "pk": 1054
    }, 
    {
        "fields": {
            "index": 2, 
            "question": 417, 
            "tags": []
        }, 
        "model": "core.questionsubpart", 
        "pk": 1055
    }, 
    {
        "fields": {
            "index": 3, 
            "question": 417, 
            "tags": []
        }, 
        "model": "core.questionsubpart", 
        "pk": 1056
    }, 
    {
        "fields": {
            "index": 4, 
            "question": 417, 
            "tags": []
        }, 
        "model": "core.questionsubpart", 
        "pk": 1057
    }, 
    {
        "fields": {
            "index": 5, 
            "question": 417, 
            "tags": []
        }, 
        "model": "core.questionsubpart", 
        "pk": 1058
    }, 
    {
        "fields": {
            "index": 6, 
            "question": 417, 
            "tags": []
        }, 
        "model": "core.questionsubpart", 
        "pk": 1059
    }, 
    {
        "fields": {
            "index": 0, 
            "question": 418, 
            "tags": []
        }, 
        "model": "core.questionsubpart", 
        "pk": 1060
    }, 
    {
        "fields": {
            "index": 1, 
            "question": 418, 
            "tags": []
        }, 
        "model": "core.questionsubpart", 
        "pk": 1061
    }, 
    {
        "fields": {
            "index": 2, 
            "question": 418, 
            "tags": []
        }, 
        "model": "core.questionsubpart", 
        "pk": 1062
    }, 
    {
        "fields": {
            "index": 0, 
            "question": 419, 
            "tags": []
        }, 
        "model": "core.questionsubpart", 
        "pk": 1063
    }, 
    {
        "fields": {
            "index": 1, 
            "question": 419, 
            "tags": []
        }, 
        "model": "core.questionsubpart", 
        "pk": 1064
    }, 
    {
        "fields": {
            "index": 2, 
            "question": 419, 
            "tags": []
        }, 
        "model": "core.questionsubpart", 
        "pk": 1065
    }, 
    {
        "fields": {
            "index": 3, 
            "question": 419, 
            "tags": []
        }, 
        "model": "core.questionsubpart", 
        "pk": 1066
    }, 
    {
        "fields": {
            "index": 4, 
            "question": 419, 
            "tags": []
        }, 
        "model": "core.questionsubpart", 
        "pk": 1067
    }, 
    {
        "fields": {
            "index": 5, 
            "question": 419, 
            "tags": []
        }, 
        "model": "core.questionsubpart", 
        "pk": 1068
    }, 
    {
        "fields": {
            "index": 6, 
            "question": 419, 
            "tags": []
        }, 
        "model": "core.questionsubpart", 
        "pk": 1069
    }, 
    {
        "fields": {
            "index": 7, 
            "question": 419, 
            "tags": []
        }, 
        "model": "core.questionsubpart", 
        "pk": 1070
    }, 
    {
        "fields": {
            "index": 0, 
            "question": 420, 
            "tags": []
        }, 
        "model": "core.questionsubpart", 
        "pk": 1071
    }, 
    {
        "fields": {
            "index": 1, 
            "question": 420, 
            "tags": []
        }, 
        "model": "core.questionsubpart", 
        "pk": 1072
    }, 
    {
        "fields": {
            "index": 2, 
            "question": 420, 
            "tags": []
        }, 
        "model": "core.questionsubpart", 
        "pk": 1073
    }, 
    {
        "fields": {
            "index": 3, 
            "question": 420, 
            "tags": []
        }, 
        "model": "core.questionsubpart", 
        "pk": 1074
    }, 
    {
        "fields": {
            "index": 4, 
            "question": 420, 
            "tags": []
        }, 
        "model": "core.questionsubpart", 
        "pk": 1075
    }, 
    {
        "fields": {
            "index": 5, 
            "question": 420, 
            "tags": []
        }, 
        "model": "core.questionsubpart", 
        "pk": 1076
    }, 
    {
        "fields": {
            "index": 0, 
            "question": 421, 
            "tags": []
        }, 
        "model": "core.questionsubpart", 
        "pk": 1077
    }, 
    {
        "fields": {
            "index": 1, 
            "question": 421, 
            "tags": []
        }, 
        "model": "core.questionsubpart", 
        "pk": 1078
    }, 
    {
        "fields": {
            "index": 2, 
            "question": 421, 
            "tags": []
        }, 
        "model": "core.questionsubpart", 
        "pk": 1079
    }, 
    {
        "fields": {
            "index": 3, 
            "question": 421, 
            "tags": []
        }, 
        "model": "core.questionsubpart", 
        "pk": 1080
    }, 
    {
        "fields": {
            "index": 0, 
            "question": 422, 
            "tags": []
        }, 
        "model": "core.questionsubpart", 
        "pk": 1081
    }, 
    {
        "fields": {
            "index": 1, 
            "question": 422, 
            "tags": []
        }, 
        "model": "core.questionsubpart", 
        "pk": 1082
    }, 
    {
        "fields": {
            "index": 2, 
            "question": 422, 
            "tags": []
        }, 
        "model": "core.questionsubpart", 
        "pk": 1083
    }, 
    {
        "fields": {
            "index": 3, 
            "question": 422, 
            "tags": []
        }, 
        "model": "core.questionsubpart", 
        "pk": 1084
    }, 
    {
        "fields": {
            "index": 0, 
            "question": 423, 
            "tags": []
        }, 
        "model": "core.questionsubpart", 
        "pk": 1085
    }, 
    {
        "fields": {
            "index": 1, 
            "question": 423, 
            "tags": []
        }, 
        "model": "core.questionsubpart", 
        "pk": 1086
    }, 
    {
        "fields": {
            "index": 2, 
            "question": 423, 
            "tags": []
        }, 
        "model": "core.questionsubpart", 
        "pk": 1087
    }, 
    {
        "fields": {
            "index": 0, 
            "question": 424, 
            "tags": []
        }, 
        "model": "core.questionsubpart", 
        "pk": 1088
    }, 
    {
        "fields": {
            "index": 1, 
            "question": 424, 
            "tags": []
        }, 
        "model": "core.questionsubpart", 
        "pk": 1089
    }, 
    {
        "fields": {
            "index": 2, 
            "question": 424, 
            "tags": []
        }, 
        "model": "core.questionsubpart", 
        "pk": 1090
    }, 
    {
        "fields": {
            "index": 0, 
            "question": 425, 
            "tags": []
        }, 
        "model": "core.questionsubpart", 
        "pk": 1091
    }, 
    {
        "fields": {
            "index": 1, 
            "question": 425, 
            "tags": []
        }, 
        "model": "core.questionsubpart", 
        "pk": 1092
    }, 
    {
        "fields": {
            "index": 2, 
            "question": 425, 
            "tags": []
        }, 
        "model": "core.questionsubpart", 
        "pk": 1093
    }, 
    {
        "fields": {
            "index": 0, 
            "question": 426, 
            "tags": []
        }, 
        "model": "core.questionsubpart", 
        "pk": 1094
    }, 
    {
        "fields": {
            "index": 1, 
            "question": 426, 
            "tags": []
        }, 
        "model": "core.questionsubpart", 
        "pk": 1095
    }, 
    {
        "fields": {
            "index": 2, 
            "question": 426, 
            "tags": []
        }, 
        "model": "core.questionsubpart", 
        "pk": 1096
    }, 
    {
        "fields": {
            "index": 0, 
            "question": 427, 
            "tags": []
        }, 
        "model": "core.questionsubpart", 
        "pk": 1097
    }, 
    {
        "fields": {
            "index": 1, 
            "question": 427, 
            "tags": []
        }, 
        "model": "core.questionsubpart", 
        "pk": 1098
    }, 
    {
        "fields": {
            "index": 2, 
            "question": 427, 
            "tags": []
        }, 
        "model": "core.questionsubpart", 
        "pk": 1099
    }, 
    {
        "fields": {
            "index": 3, 
            "question": 427, 
            "tags": []
        }, 
        "model": "core.questionsubpart", 
        "pk": 1100
    }, 
    {
        "fields": {
            "index": 4, 
            "question": 427, 
            "tags": []
        }, 
        "model": "core.questionsubpart", 
        "pk": 1101
    }, 
    {
        "fields": {
            "index": 5, 
            "question": 427, 
            "tags": []
        }, 
        "model": "core.questionsubpart", 
        "pk": 1102
    }, 
    {
        "fields": {
            "index": 6, 
            "question": 427, 
            "tags": []
        }, 
        "model": "core.questionsubpart", 
        "pk": 1103
    }, 
    {
        "fields": {
            "index": 7, 
            "question": 427, 
            "tags": []
        }, 
        "model": "core.questionsubpart", 
        "pk": 1104
    }, 
    {
        "fields": {
            "index": 0, 
            "question": 428, 
            "tags": []
        }, 
        "model": "core.questionsubpart", 
        "pk": 1105
    }, 
    {
        "fields": {
            "index": 1, 
            "question": 428, 
            "tags": []
        }, 
        "model": "core.questionsubpart", 
        "pk": 1106
    }, 
    {
        "fields": {
            "index": 0, 
            "question": 429, 
            "tags": []
        }, 
        "model": "core.questionsubpart", 
        "pk": 1107
    }, 
    {
        "fields": {
            "index": 1, 
            "question": 429, 
            "tags": []
        }, 
        "model": "core.questionsubpart", 
        "pk": 1108
    }, 
    {
        "fields": {
            "index": 2, 
            "question": 429, 
            "tags": []
        }, 
        "model": "core.questionsubpart", 
        "pk": 1109
    }, 
    {
        "fields": {
            "index": 3, 
            "question": 429, 
            "tags": []
        }, 
        "model": "core.questionsubpart", 
        "pk": 1110
    }, 
    {
        "fields": {
            "index": 4, 
            "question": 429, 
            "tags": []
        }, 
        "model": "core.questionsubpart", 
        "pk": 1111
    }, 
    {
        "fields": {
            "index": 5, 
            "question": 429, 
            "tags": []
        }, 
        "model": "core.questionsubpart", 
        "pk": 1112
    }, 
    {
        "fields": {
            "index": 6, 
            "question": 429, 
            "tags": []
        }, 
        "model": "core.questionsubpart", 
        "pk": 1113
    }, 
    {
        "fields": {
            "index": 7, 
            "question": 429, 
            "tags": []
        }, 
        "model": "core.questionsubpart", 
        "pk": 1114
    }, 
    {
        "fields": {
            "index": 8, 
            "question": 429, 
            "tags": []
        }, 
        "model": "core.questionsubpart", 
        "pk": 1115
    }, 
    {
        "fields": {
            "index": 9, 
            "question": 429, 
            "tags": []
        }, 
        "model": "core.questionsubpart", 
        "pk": 1116
    }, 
    {
        "fields": {
            "index": 10, 
            "question": 429, 
            "tags": []
        }, 
        "model": "core.questionsubpart", 
        "pk": 1117
    }, 
    {
        "fields": {
            "index": 11, 
            "question": 429, 
            "tags": []
        }, 
        "model": "core.questionsubpart", 
        "pk": 1118
    }, 
    {
        "fields": {
            "index": 12, 
            "question": 429, 
            "tags": []
        }, 
        "model": "core.questionsubpart", 
        "pk": 1119
    }, 
    {
        "fields": {
            "index": 0, 
            "question": 430, 
            "tags": []
        }, 
        "model": "core.questionsubpart", 
        "pk": 1120
    }, 
    {
        "fields": {
            "index": 1, 
            "question": 430, 
            "tags": []
        }, 
        "model": "core.questionsubpart", 
        "pk": 1121
    }, 
    {
        "fields": {
            "index": 2, 
            "question": 430, 
            "tags": []
        }, 
        "model": "core.questionsubpart", 
        "pk": 1122
    }, 
    {
        "fields": {
            "index": 0, 
            "question": 431, 
            "tags": []
        }, 
        "model": "core.questionsubpart", 
        "pk": 1123
    }, 
    {
        "fields": {
            "index": 0, 
            "question": 432, 
            "tags": []
        }, 
        "model": "core.questionsubpart", 
        "pk": 1124
    }, 
    {
        "fields": {
            "index": 1, 
            "question": 432, 
            "tags": []
        }, 
        "model": "core.questionsubpart", 
        "pk": 1125
    }, 
    {
        "fields": {
            "index": 2, 
            "question": 432, 
            "tags": []
        }, 
        "model": "core.questionsubpart", 
        "pk": 1126
    }, 
    {
        "fields": {
            "index": 3, 
            "question": 432, 
            "tags": []
        }, 
        "model": "core.questionsubpart", 
        "pk": 1127
    }, 
    {
        "fields": {
            "index": 0, 
            "question": 433, 
            "tags": []
        }, 
        "model": "core.questionsubpart", 
        "pk": 1128
    }, 
    {
        "fields": {
            "index": 1, 
            "question": 433, 
            "tags": []
        }, 
        "model": "core.questionsubpart", 
        "pk": 1129
    }, 
    {
        "fields": {
            "index": 2, 
            "question": 433, 
            "tags": []
        }, 
        "model": "core.questionsubpart", 
        "pk": 1130
    }, 
    {
        "fields": {
            "index": 3, 
            "question": 433, 
            "tags": []
        }, 
        "model": "core.questionsubpart", 
        "pk": 1131
    }, 
    {
        "fields": {
            "index": 4, 
            "question": 433, 
            "tags": []
        }, 
        "model": "core.questionsubpart", 
        "pk": 1132
    }, 
    {
        "fields": {
            "index": 5, 
            "question": 433, 
            "tags": []
        }, 
        "model": "core.questionsubpart", 
        "pk": 1133
    }, 
    {
        "fields": {
            "index": 0, 
            "question": 434, 
            "tags": []
        }, 
        "model": "core.questionsubpart", 
        "pk": 1134
    }, 
    {
        "fields": {
            "index": 1, 
            "question": 434, 
            "tags": []
        }, 
        "model": "core.questionsubpart", 
        "pk": 1135
    }, 
    {
        "fields": {
            "index": 2, 
            "question": 434, 
            "tags": []
        }, 
        "model": "core.questionsubpart", 
        "pk": 1136
    }, 
    {
        "fields": {
            "index": 3, 
            "question": 434, 
            "tags": []
        }, 
        "model": "core.questionsubpart", 
        "pk": 1137
    }, 
    {
        "fields": {
            "index": 4, 
            "question": 434, 
            "tags": []
        }, 
        "model": "core.questionsubpart", 
        "pk": 1138
    }, 
    {
        "fields": {
            "index": 5, 
            "question": 434, 
            "tags": []
        }, 
        "model": "core.questionsubpart", 
        "pk": 1139
    }, 
    {
        "fields": {
            "index": 0, 
            "question": 435, 
            "tags": []
        }, 
        "model": "core.questionsubpart", 
        "pk": 1140
    }, 
    {
        "fields": {
            "index": 1, 
            "question": 435, 
            "tags": []
        }, 
        "model": "core.questionsubpart", 
        "pk": 1141
    }, 
    {
        "fields": {
            "index": 0, 
            "question": 436, 
            "tags": []
        }, 
        "model": "core.questionsubpart", 
        "pk": 1142
    }, 
    {
        "fields": {
            "index": 0, 
            "question": 437, 
            "tags": []
        }, 
        "model": "core.questionsubpart", 
        "pk": 1143
    }, 
    {
        "fields": {
            "index": 1, 
            "question": 437, 
            "tags": []
        }, 
        "model": "core.questionsubpart", 
        "pk": 1144
    }, 
    {
        "fields": {
            "index": 2, 
            "question": 437, 
            "tags": []
        }, 
        "model": "core.questionsubpart", 
        "pk": 1145
    }, 
    {
        "fields": {
            "index": 3, 
            "question": 437, 
            "tags": []
        }, 
        "model": "core.questionsubpart", 
        "pk": 1146
    }, 
    {
        "fields": {
            "index": 4, 
            "question": 437, 
            "tags": []
        }, 
        "model": "core.questionsubpart", 
        "pk": 1147
    }, 
    {
        "fields": {
            "index": 5, 
            "question": 437, 
            "tags": []
        }, 
        "model": "core.questionsubpart", 
        "pk": 1148
    }, 
    {
        "fields": {
            "index": 6, 
            "question": 437, 
            "tags": []
        }, 
        "model": "core.questionsubpart", 
        "pk": 1149
    }, 
    {
        "fields": {
            "index": 7, 
            "question": 437, 
            "tags": []
        }, 
        "model": "core.questionsubpart", 
        "pk": 1150
    }, 
    {
        "fields": {
            "index": 0, 
            "question": 438, 
            "tags": []
        }, 
        "model": "core.questionsubpart", 
        "pk": 1151
    }, 
    {
        "fields": {
            "index": 1, 
            "question": 438, 
            "tags": []
        }, 
        "model": "core.questionsubpart", 
        "pk": 1152
    }, 
    {
        "fields": {
            "index": 2, 
            "question": 438, 
            "tags": []
        }, 
        "model": "core.questionsubpart", 
        "pk": 1153
    }, 
    {
        "fields": {
            "index": 3, 
            "question": 438, 
            "tags": []
        }, 
        "model": "core.questionsubpart", 
        "pk": 1154
    }, 
    {
        "fields": {
            "index": 4, 
            "question": 438, 
            "tags": []
        }, 
        "model": "core.questionsubpart", 
        "pk": 1155
    }, 
    {
        "fields": {
            "index": 0, 
            "question": 439, 
            "tags": []
        }, 
        "model": "core.questionsubpart", 
        "pk": 1156
    }, 
    {
        "fields": {
            "index": 1, 
            "question": 439, 
            "tags": []
        }, 
        "model": "core.questionsubpart", 
        "pk": 1157
    }, 
    {
        "fields": {
            "index": 2, 
            "question": 439, 
            "tags": []
        }, 
        "model": "core.questionsubpart", 
        "pk": 1158
    }, 
    {
        "fields": {
            "index": 3, 
            "question": 439, 
            "tags": []
        }, 
        "model": "core.questionsubpart", 
        "pk": 1159
    }, 
    {
        "fields": {
            "index": 4, 
            "question": 439, 
            "tags": []
        }, 
        "model": "core.questionsubpart", 
        "pk": 1160
    }, 
    {
        "fields": {
            "index": 5, 
            "question": 439, 
            "tags": []
        }, 
        "model": "core.questionsubpart", 
        "pk": 1161
    }, 
    {
        "fields": {
            "index": 6, 
            "question": 439, 
            "tags": []
        }, 
        "model": "core.questionsubpart", 
        "pk": 1162
    }, 
    {
        "fields": {
            "index": 7, 
            "question": 439, 
            "tags": []
        }, 
        "model": "core.questionsubpart", 
        "pk": 1163
    }, 
    {
        "fields": {
            "index": 8, 
            "question": 439, 
            "tags": []
        }, 
        "model": "core.questionsubpart", 
        "pk": 1164
    }, 
    {
        "fields": {
            "index": 9, 
            "question": 439, 
            "tags": []
        }, 
        "model": "core.questionsubpart", 
        "pk": 1165
    }, 
    {
        "fields": {
            "index": 0, 
            "question": 440, 
            "tags": []
        }, 
        "model": "core.questionsubpart", 
        "pk": 1166
    }, 
    {
        "fields": {
            "index": 1, 
            "question": 440, 
            "tags": []
        }, 
        "model": "core.questionsubpart", 
        "pk": 1167
    }, 
    {
        "fields": {
            "index": 2, 
            "question": 440, 
            "tags": []
        }, 
        "model": "core.questionsubpart", 
        "pk": 1168
    }, 
    {
        "fields": {
            "index": 3, 
            "question": 440, 
            "tags": []
        }, 
        "model": "core.questionsubpart", 
        "pk": 1169
    }, 
    {
        "fields": {
            "index": 0, 
            "question": 441, 
            "tags": []
        }, 
        "model": "core.questionsubpart", 
        "pk": 1170
    }, 
    {
        "fields": {
            "index": 1, 
            "question": 441, 
            "tags": []
        }, 
        "model": "core.questionsubpart", 
        "pk": 1171
    }, 
    {
        "fields": {
            "index": 2, 
            "question": 441, 
            "tags": []
        }, 
        "model": "core.questionsubpart", 
        "pk": 1172
    }, 
    {
        "fields": {
            "index": 3, 
            "question": 441, 
            "tags": []
        }, 
        "model": "core.questionsubpart", 
        "pk": 1173
    }, 
    {
        "fields": {
            "index": 0, 
            "question": 442, 
            "tags": []
        }, 
        "model": "core.questionsubpart", 
        "pk": 1174
    }, 
    {
        "fields": {
            "index": 1, 
            "question": 442, 
            "tags": []
        }, 
        "model": "core.questionsubpart", 
        "pk": 1175
    }, 
    {
        "fields": {
            "index": 2, 
            "question": 442, 
            "tags": []
        }, 
        "model": "core.questionsubpart", 
        "pk": 1176
    }, 
    {
        "fields": {
            "index": 3, 
            "question": 442, 
            "tags": []
        }, 
        "model": "core.questionsubpart", 
        "pk": 1177
    }, 
    {
        "fields": {
            "index": 0, 
            "question": 443, 
            "tags": []
        }, 
        "model": "core.questionsubpart", 
        "pk": 1178
    }, 
    {
        "fields": {
            "index": 1, 
            "question": 443, 
            "tags": []
        }, 
        "model": "core.questionsubpart", 
        "pk": 1179
    }, 
    {
        "fields": {
            "index": 2, 
            "question": 443, 
            "tags": []
        }, 
        "model": "core.questionsubpart", 
        "pk": 1180
    }, 
    {
        "fields": {
            "index": 3, 
            "question": 443, 
            "tags": []
        }, 
        "model": "core.questionsubpart", 
        "pk": 1181
    }, 
    {
        "fields": {
            "index": 4, 
            "question": 443, 
            "tags": []
        }, 
        "model": "core.questionsubpart", 
        "pk": 1182
    }, 
    {
        "fields": {
            "index": 5, 
            "question": 443, 
            "tags": []
        }, 
        "model": "core.questionsubpart", 
        "pk": 1183
    }, 
    {
        "fields": {
            "index": 0, 
            "question": 444, 
            "tags": []
        }, 
        "model": "core.questionsubpart", 
        "pk": 1184
    }, 
    {
        "fields": {
            "index": 1, 
            "question": 444, 
            "tags": []
        }, 
        "model": "core.questionsubpart", 
        "pk": 1185
    }, 
    {
        "fields": {
            "index": 2, 
            "question": 444, 
            "tags": []
        }, 
        "model": "core.questionsubpart", 
        "pk": 1186
    }, 
    {
        "fields": {
            "index": 3, 
            "question": 444, 
            "tags": []
        }, 
        "model": "core.questionsubpart", 
        "pk": 1187
    }, 
    {
        "fields": {
            "index": 4, 
            "question": 444, 
            "tags": []
        }, 
        "model": "core.questionsubpart", 
        "pk": 1188
    }, 
    {
        "fields": {
            "index": 5, 
            "question": 444, 
            "tags": []
        }, 
        "model": "core.questionsubpart", 
        "pk": 1189
    }, 
    {
        "fields": {
            "index": 6, 
            "question": 444, 
            "tags": []
        }, 
        "model": "core.questionsubpart", 
        "pk": 1190
    }, 
    {
        "fields": {
            "index": 7, 
            "question": 444, 
            "tags": []
        }, 
        "model": "core.questionsubpart", 
        "pk": 1191
    }, 
    {
        "fields": {
            "index": 0, 
            "question": 445, 
            "tags": []
        }, 
        "model": "core.questionsubpart", 
        "pk": 1192
    }, 
    {
        "fields": {
            "index": 1, 
            "question": 445, 
            "tags": []
        }, 
        "model": "core.questionsubpart", 
        "pk": 1193
    }, 
    {
        "fields": {
            "index": 2, 
            "question": 445, 
            "tags": []
        }, 
        "model": "core.questionsubpart", 
        "pk": 1194
    }, 
    {
        "fields": {
            "index": 3, 
            "question": 445, 
            "tags": []
        }, 
        "model": "core.questionsubpart", 
        "pk": 1195
    }, 
    {
        "fields": {
            "index": 4, 
            "question": 445, 
            "tags": []
        }, 
        "model": "core.questionsubpart", 
        "pk": 1196
    }, 
    {
        "fields": {
            "index": 0, 
            "question": 446, 
            "tags": []
        }, 
        "model": "core.questionsubpart", 
        "pk": 1197
    }, 
    {
        "fields": {
            "index": 1, 
            "question": 446, 
            "tags": []
        }, 
        "model": "core.questionsubpart", 
        "pk": 1198
    }, 
    {
        "fields": {
            "index": 2, 
            "question": 446, 
            "tags": []
        }, 
        "model": "core.questionsubpart", 
        "pk": 1199
    }, 
    {
        "fields": {
            "index": 3, 
            "question": 446, 
            "tags": []
        }, 
        "model": "core.questionsubpart", 
        "pk": 1200
    }, 
    {
        "fields": {
            "index": 0, 
            "question": 447, 
            "tags": []
        }, 
        "model": "core.questionsubpart", 
        "pk": 1201
    }, 
    {
        "fields": {
            "index": 1, 
            "question": 447, 
            "tags": []
        }, 
        "model": "core.questionsubpart", 
        "pk": 1202
    }, 
    {
        "fields": {
            "index": 2, 
            "question": 447, 
            "tags": []
        }, 
        "model": "core.questionsubpart", 
        "pk": 1203
    }, 
    {
        "fields": {
            "index": 0, 
            "question": 448, 
            "tags": []
        }, 
        "model": "core.questionsubpart", 
        "pk": 1204
    }, 
    {
        "fields": {
            "index": 1, 
            "question": 448, 
            "tags": []
        }, 
        "model": "core.questionsubpart", 
        "pk": 1205
    }, 
    {
        "fields": {
            "index": 2, 
            "question": 448, 
            "tags": []
        }, 
        "model": "core.questionsubpart", 
        "pk": 1206
    }, 
    {
        "fields": {
            "index": 3, 
            "question": 448, 
            "tags": []
        }, 
        "model": "core.questionsubpart", 
        "pk": 1207
    }, 
    {
        "fields": {
            "index": 0, 
            "question": 449, 
            "tags": []
        }, 
        "model": "core.questionsubpart", 
        "pk": 1208
    }, 
    {
        "fields": {
            "index": 1, 
            "question": 449, 
            "tags": []
        }, 
        "model": "core.questionsubpart", 
        "pk": 1209
    }, 
    {
        "fields": {
            "index": 2, 
            "question": 449, 
            "tags": []
        }, 
        "model": "core.questionsubpart", 
        "pk": 1210
    }, 
    {
        "fields": {
            "index": 3, 
            "question": 449, 
            "tags": []
        }, 
        "model": "core.questionsubpart", 
        "pk": 1211
    }, 
    {
        "fields": {
            "index": 4, 
            "question": 449, 
            "tags": []
        }, 
        "model": "core.questionsubpart", 
        "pk": 1212
    }, 
    {
        "fields": {
            "index": 0, 
            "question": 450, 
            "tags": []
        }, 
        "model": "core.questionsubpart", 
        "pk": 1213
    }, 
    {
        "fields": {
            "index": 1, 
            "question": 450, 
            "tags": []
        }, 
        "model": "core.questionsubpart", 
        "pk": 1214
    }, 
    {
        "fields": {
            "index": 2, 
            "question": 450, 
            "tags": []
        }, 
        "model": "core.questionsubpart", 
        "pk": 1215
    }, 
    {
        "fields": {
            "index": 0, 
            "question": 451, 
            "tags": []
        }, 
        "model": "core.questionsubpart", 
        "pk": 1216
    }, 
    {
        "fields": {
            "index": 1, 
            "question": 451, 
            "tags": []
        }, 
        "model": "core.questionsubpart", 
        "pk": 1217
    }, 
    {
        "fields": {
            "index": 2, 
            "question": 451, 
            "tags": []
        }, 
        "model": "core.questionsubpart", 
        "pk": 1218
    }, 
    {
        "fields": {
            "index": 3, 
            "question": 451, 
            "tags": []
        }, 
        "model": "core.questionsubpart", 
        "pk": 1219
    }, 
    {
        "fields": {
            "index": 0, 
            "question": 452, 
            "tags": []
        }, 
        "model": "core.questionsubpart", 
        "pk": 1220
    }, 
    {
        "fields": {
            "index": 1, 
            "question": 452, 
            "tags": []
        }, 
        "model": "core.questionsubpart", 
        "pk": 1221
    }, 
    {
        "fields": {
            "index": 2, 
            "question": 452, 
            "tags": []
        }, 
        "model": "core.questionsubpart", 
        "pk": 1222
    }, 
    {
        "fields": {
            "index": 3, 
            "question": 452, 
            "tags": []
        }, 
        "model": "core.questionsubpart", 
        "pk": 1223
    }, 
    {
        "fields": {
            "index": 4, 
            "question": 452, 
            "tags": []
        }, 
        "model": "core.questionsubpart", 
        "pk": 1224
    }, 
    {
        "fields": {
            "index": 0, 
            "question": 453, 
            "tags": []
        }, 
        "model": "core.questionsubpart", 
        "pk": 1225
    }, 
    {
        "fields": {
            "index": 0, 
            "question": 454, 
            "tags": []
        }, 
        "model": "core.questionsubpart", 
        "pk": 1226
    }, 
    {
        "fields": {
            "index": 1, 
            "question": 454, 
            "tags": []
        }, 
        "model": "core.questionsubpart", 
        "pk": 1227
    }, 
    {
        "fields": {
            "index": 2, 
            "question": 454, 
            "tags": []
        }, 
        "model": "core.questionsubpart", 
        "pk": 1228
    }, 
    {
        "fields": {
            "index": 3, 
            "question": 454, 
            "tags": []
        }, 
        "model": "core.questionsubpart", 
        "pk": 1229
    }, 
    {
        "fields": {
            "index": 4, 
            "question": 454, 
            "tags": []
        }, 
        "model": "core.questionsubpart", 
        "pk": 1230
    }, 
    {
        "fields": {
            "index": 0, 
            "question": 455, 
            "tags": []
        }, 
        "model": "core.questionsubpart", 
        "pk": 1231
    }, 
    {
        "fields": {
            "index": 1, 
            "question": 455, 
            "tags": []
        }, 
        "model": "core.questionsubpart", 
        "pk": 1232
    }, 
    {
        "fields": {
            "index": 0, 
            "question": 456, 
            "tags": []
        }, 
        "model": "core.questionsubpart", 
        "pk": 1233
    }, 
    {
        "fields": {
            "index": 1, 
            "question": 456, 
            "tags": []
        }, 
        "model": "core.questionsubpart", 
        "pk": 1234
    }, 
    {
        "fields": {
            "index": 2, 
            "question": 456, 
            "tags": []
        }, 
        "model": "core.questionsubpart", 
        "pk": 1235
    }, 
    {
        "fields": {
            "index": 3, 
            "question": 456, 
            "tags": []
        }, 
        "model": "core.questionsubpart", 
        "pk": 1236
    }, 
    {
        "fields": {
            "index": 0, 
            "question": 457, 
            "tags": []
        }, 
        "model": "core.questionsubpart", 
        "pk": 1237
    }, 
    {
        "fields": {
            "index": 1, 
            "question": 457, 
            "tags": []
        }, 
        "model": "core.questionsubpart", 
        "pk": 1238
    }, 
    {
        "fields": {
            "index": 2, 
            "question": 457, 
            "tags": []
        }, 
        "model": "core.questionsubpart", 
        "pk": 1239
    }, 
    {
        "fields": {
            "index": 3, 
            "question": 457, 
            "tags": []
        }, 
        "model": "core.questionsubpart", 
        "pk": 1240
    }, 
    {
        "fields": {
            "index": 0, 
            "question": 458, 
            "tags": []
        }, 
        "model": "core.questionsubpart", 
        "pk": 1241
    }, 
    {
        "fields": {
            "index": 1, 
            "question": 458, 
            "tags": []
        }, 
        "model": "core.questionsubpart", 
        "pk": 1242
    }, 
    {
        "fields": {
            "index": 2, 
            "question": 458, 
            "tags": []
        }, 
        "model": "core.questionsubpart", 
        "pk": 1243
    }, 
    {
        "fields": {
            "index": 3, 
            "question": 458, 
            "tags": []
        }, 
        "model": "core.questionsubpart", 
        "pk": 1244
    }, 
    {
        "fields": {
            "index": 4, 
            "question": 458, 
            "tags": []
        }, 
        "model": "core.questionsubpart", 
        "pk": 1245
    }, 
    {
        "fields": {
            "index": 5, 
            "question": 458, 
            "tags": []
        }, 
        "model": "core.questionsubpart", 
        "pk": 1246
    }, 
    {
        "fields": {
            "index": 0, 
            "question": 459, 
            "tags": []
        }, 
        "model": "core.questionsubpart", 
        "pk": 1247
    }, 
    {
        "fields": {
            "index": 1, 
            "question": 459, 
            "tags": []
        }, 
        "model": "core.questionsubpart", 
        "pk": 1248
    }, 
    {
        "fields": {
            "index": 2, 
            "question": 459, 
            "tags": []
        }, 
        "model": "core.questionsubpart", 
        "pk": 1249
    }, 
    {
        "fields": {
            "index": 0, 
            "question": 460, 
            "tags": []
        }, 
        "model": "core.questionsubpart", 
        "pk": 1250
    }, 
    {
        "fields": {
            "index": 1, 
            "question": 460, 
            "tags": []
        }, 
        "model": "core.questionsubpart", 
        "pk": 1251
    }, 
    {
        "fields": {
            "index": 2, 
            "question": 460, 
            "tags": []
        }, 
        "model": "core.questionsubpart", 
        "pk": 1252
    }, 
    {
        "fields": {
            "index": 0, 
            "question": 461, 
            "tags": []
        }, 
        "model": "core.questionsubpart", 
        "pk": 1253
    }, 
    {
        "fields": {
            "index": 1, 
            "question": 461, 
            "tags": []
        }, 
        "model": "core.questionsubpart", 
        "pk": 1254
    }, 
    {
        "fields": {
            "index": 2, 
            "question": 461, 
            "tags": []
        }, 
        "model": "core.questionsubpart", 
        "pk": 1255
    }, 
    {
        "fields": {
            "index": 0, 
            "question": 462, 
            "tags": []
        }, 
        "model": "core.questionsubpart", 
        "pk": 1256
    }, 
    {
        "fields": {
            "index": 1, 
            "question": 462, 
            "tags": []
        }, 
        "model": "core.questionsubpart", 
        "pk": 1257
    }, 
    {
        "fields": {
            "index": 2, 
            "question": 462, 
            "tags": []
        }, 
        "model": "core.questionsubpart", 
        "pk": 1258
    }, 
    {
        "fields": {
            "index": 3, 
            "question": 462, 
            "tags": []
        }, 
        "model": "core.questionsubpart", 
        "pk": 1259
    }, 
    {
        "fields": {
            "index": 4, 
            "question": 462, 
            "tags": []
        }, 
        "model": "core.questionsubpart", 
        "pk": 1260
    }, 
    {
        "fields": {
            "index": 5, 
            "question": 462, 
            "tags": []
        }, 
        "model": "core.questionsubpart", 
        "pk": 1261
    }, 
    {
        "fields": {
            "index": 6, 
            "question": 462, 
            "tags": []
        }, 
        "model": "core.questionsubpart", 
        "pk": 1262
    }, 
    {
        "fields": {
            "index": 7, 
            "question": 462, 
            "tags": []
        }, 
        "model": "core.questionsubpart", 
        "pk": 1263
    }, 
    {
        "fields": {
            "index": 0, 
            "question": 463, 
            "tags": []
        }, 
        "model": "core.questionsubpart", 
        "pk": 1264
    }, 
    {
        "fields": {
            "index": 0, 
            "question": 464, 
            "tags": []
        }, 
        "model": "core.questionsubpart", 
        "pk": 1265
    }, 
    {
        "fields": {
            "index": 1, 
            "question": 464, 
            "tags": []
        }, 
        "model": "core.questionsubpart", 
        "pk": 1266
    }, 
    {
        "fields": {
            "index": 2, 
            "question": 464, 
            "tags": []
        }, 
        "model": "core.questionsubpart", 
        "pk": 1267
    }, 
    {
        "fields": {
            "index": 0, 
            "question": 465, 
            "tags": []
        }, 
        "model": "core.questionsubpart", 
        "pk": 1268
    }, 
    {
        "fields": {
            "index": 1, 
            "question": 465, 
            "tags": []
        }, 
        "model": "core.questionsubpart", 
        "pk": 1269
    }, 
    {
        "fields": {
            "index": 2, 
            "question": 465, 
            "tags": []
        }, 
        "model": "core.questionsubpart", 
        "pk": 1270
    }, 
    {
        "fields": {
            "index": 3, 
            "question": 465, 
            "tags": []
        }, 
        "model": "core.questionsubpart", 
        "pk": 1271
    }, 
    {
        "fields": {
            "index": 4, 
            "question": 465, 
            "tags": []
        }, 
        "model": "core.questionsubpart", 
        "pk": 1272
    }, 
    {
        "fields": {
            "index": 5, 
            "question": 465, 
            "tags": []
        }, 
        "model": "core.questionsubpart", 
        "pk": 1273
    }, 
    {
        "fields": {
            "index": 0, 
            "question": 466, 
            "tags": []
        }, 
        "model": "core.questionsubpart", 
        "pk": 1274
    }, 
    {
        "fields": {
            "index": 1, 
            "question": 466, 
            "tags": []
        }, 
        "model": "core.questionsubpart", 
        "pk": 1275
    }, 
    {
        "fields": {
            "index": 0, 
            "question": 467, 
            "tags": []
        }, 
        "model": "core.questionsubpart", 
        "pk": 1276
    }, 
    {
        "fields": {
            "index": 1, 
            "question": 467, 
            "tags": []
        }, 
        "model": "core.questionsubpart", 
        "pk": 1277
    }, 
    {
        "fields": {
            "index": 2, 
            "question": 467, 
            "tags": []
        }, 
        "model": "core.questionsubpart", 
        "pk": 1278
    }, 
    {
        "fields": {
            "index": 3, 
            "question": 467, 
            "tags": []
        }, 
        "model": "core.questionsubpart", 
        "pk": 1279
    }, 
    {
        "fields": {
            "index": 4, 
            "question": 467, 
            "tags": []
        }, 
        "model": "core.questionsubpart", 
        "pk": 1280
    }, 
    {
        "fields": {
            "index": 5, 
            "question": 467, 
            "tags": []
        }, 
        "model": "core.questionsubpart", 
        "pk": 1281
    }, 
    {
        "fields": {
            "index": 6, 
            "question": 467, 
            "tags": []
        }, 
        "model": "core.questionsubpart", 
        "pk": 1282
    }, 
    {
        "fields": {
            "index": 7, 
            "question": 467, 
            "tags": []
        }, 
        "model": "core.questionsubpart", 
        "pk": 1283
    }, 
    {
        "fields": {
            "index": 8, 
            "question": 467, 
            "tags": []
        }, 
        "model": "core.questionsubpart", 
        "pk": 1284
    }, 
    {
        "fields": {
            "index": 9, 
            "question": 467, 
            "tags": []
        }, 
        "model": "core.questionsubpart", 
        "pk": 1285
    }, 
    {
        "fields": {
            "index": 10, 
            "question": 467, 
            "tags": []
        }, 
        "model": "core.questionsubpart", 
        "pk": 1286
    }, 
    {
        "fields": {
            "index": 11, 
            "question": 467, 
            "tags": []
        }, 
        "model": "core.questionsubpart", 
        "pk": 1287
    }, 
    {
        "fields": {
            "index": 12, 
            "question": 467, 
            "tags": []
        }, 
        "model": "core.questionsubpart", 
        "pk": 1288
    }, 
    {
        "fields": {
            "index": 13, 
            "question": 467, 
            "tags": []
        }, 
        "model": "core.questionsubpart", 
        "pk": 1289
    }, 
    {
        "fields": {
            "index": 14, 
            "question": 467, 
            "tags": []
        }, 
        "model": "core.questionsubpart", 
        "pk": 1290
    }, 
    {
        "fields": {
            "index": 15, 
            "question": 467, 
            "tags": []
        }, 
        "model": "core.questionsubpart", 
        "pk": 1291
    }, 
    {
        "fields": {
            "index": 16, 
            "question": 467, 
            "tags": []
        }, 
        "model": "core.questionsubpart", 
        "pk": 1292
    }, 
    {
        "fields": {
            "index": 0, 
            "question": 468, 
            "tags": []
        }, 
        "model": "core.questionsubpart", 
        "pk": 1293
    }, 
    {
        "fields": {
            "index": 1, 
            "question": 468, 
            "tags": []
        }, 
        "model": "core.questionsubpart", 
        "pk": 1294
    }, 
    {
        "fields": {
            "index": 0, 
            "question": 469, 
            "tags": []
        }, 
        "model": "core.questionsubpart", 
        "pk": 1295
    }, 
    {
        "fields": {
            "index": 1, 
            "question": 469, 
            "tags": []
        }, 
        "model": "core.questionsubpart", 
        "pk": 1296
    }, 
    {
        "fields": {
            "index": 2, 
            "question": 469, 
            "tags": []
        }, 
        "model": "core.questionsubpart", 
        "pk": 1297
    }, 
    {
        "fields": {
            "index": 3, 
            "question": 469, 
            "tags": []
        }, 
        "model": "core.questionsubpart", 
        "pk": 1298
    }, 
    {
        "fields": {
            "index": 0, 
            "question": 470, 
            "tags": []
        }, 
        "model": "core.questionsubpart", 
        "pk": 1299
    }, 
    {
        "fields": {
            "index": 1, 
            "question": 470, 
            "tags": []
        }, 
        "model": "core.questionsubpart", 
        "pk": 1300
    }, 
    {
        "fields": {
            "index": 2, 
            "question": 470, 
            "tags": []
        }, 
        "model": "core.questionsubpart", 
        "pk": 1301
    }, 
    {
        "fields": {
            "index": 3, 
            "question": 470, 
            "tags": []
        }, 
        "model": "core.questionsubpart", 
        "pk": 1302
    }, 
    {
        "fields": {
            "index": 0, 
            "question": 471, 
            "tags": []
        }, 
        "model": "core.questionsubpart", 
        "pk": 1303
    }, 
    {
        "fields": {
            "index": 1, 
            "question": 471, 
            "tags": []
        }, 
        "model": "core.questionsubpart", 
        "pk": 1304
    }, 
    {
        "fields": {
            "index": 2, 
            "question": 471, 
            "tags": []
        }, 
        "model": "core.questionsubpart", 
        "pk": 1305
    }, 
    {
        "fields": {
            "index": 3, 
            "question": 471, 
            "tags": []
        }, 
        "model": "core.questionsubpart", 
        "pk": 1306
    }, 
    {
        "fields": {
            "chapter": 22, 
            "school": 1, 
            "description": "This assignment covers an introduction to Coal, Petroleum, Natural Gas and Limited natural resources.", 
            "number": 1, 
            "standard": 1, 
            "questions": [
                404, 
                405, 
                406, 
                407, 
                408, 
                409, 
                410, 
                411, 
                412, 
                413, 
                414, 
                415
            ], 
            "subject": 2
        }, 
        "model": "core.assignmentquestionslist", 
        "pk": 61
    }, 
    {
        "fields": {
            "chapter": 23, 
            "school": 1, 
            "description": "This assignment covers an introduction to Sexual Reproduction, Reproductive Organs, Fertilisation, Development of Embryo and Asexual Reproduction.", 
            "number": 1, 
            "standard": 1, 
            "questions": [
                416, 
                417, 
                418, 
                419, 
                420, 
                421, 
                422, 
                423, 
                424, 
                425, 
                426
            ], 
            "subject": 2
        }, 
        "model": "core.assignmentquestionslist", 
        "pk": 62
    }, 
    {
        "fields": {
            "chapter": 24, 
            "school": 1, 
            "description": "This assignment covers an introduction to Adolescence and Puberty, Changes at Puberty, Secondary Sexual Characters, Role of Hormones, Reproductive Phase of Life, Sex Determination and Reproductive Health.", 
            "number": 1, 
            "standard": 1, 
            "questions": [
                427, 
                428, 
                429, 
                430, 
                431, 
                432, 
                433, 
                434, 
                435, 
                436
            ], 
            "subject": 2
        }, 
        "model": "core.assignmentquestionslist", 
        "pk": 63
    }, 
    {
        "fields": {
            "chapter": 25, 
            "school": 1, 
            "description": "This assignment covers an introduction to Generation of Force, Change of State of Motion, Change of Shape, Contact Forces, Non-Contact Forces and Pressure.", 
            "number": 1, 
            "standard": 1, 
            "questions": [
                437, 
                438, 
                439, 
                440, 
                441, 
                442
            ], 
            "subject": 2
        }, 
        "model": "core.assignmentquestionslist", 
        "pk": 64
    }, 
    {
        "fields": {
            "chapter": 26, 
            "school": 1, 
            "description": "This assignment covers an introduction to Friction, Factors affecting friction, Necessity of Friction, Ways to Reduce and Increase friction and Fluid Friction.", 
            "number": 1, 
            "standard": 1, 
            "questions": [
                443, 
                444, 
                445, 
                446
            ], 
            "subject": 2
        }, 
        "model": "core.assignmentquestionslist", 
        "pk": 65
    }, 
    {
        "fields": {
            "chapter": 27, 
            "school": 1, 
            "description": "This assignment covers an introduction to Sound, Vibration, Sound produced by Humans, Medium of Propogation, Human ear, Amplitude, Frequency, Audible and Inaudible sounds and Noise.", 
            "number": 1, 
            "standard": 1, 
            "questions": [
                447, 
                448, 
                449, 
                450, 
                451, 
                452
            ], 
            "subject": 2
        }, 
        "model": "core.assignmentquestionslist", 
        "pk": 66
    }, 
    {
        "fields": {
            "chapter": 28, 
            "school": 1, 
            "description": "This assignment covers an introduction to Visibility, Laws of Reflection, Regular and Diffused reflection, Multiple images, Human Eye and the Brialle system.", 
            "number": 1, 
            "standard": 1, 
            "questions": [
                453, 
                454, 
                455, 
                456, 
                457, 
                458, 
                459, 
                460, 
                461, 
                462
            ], 
            "subject": 2
        }, 
        "model": "core.assignmentquestionslist", 
        "pk": 67
    }, 
    {
        "fields": {
            "chapter": 29, 
            "school": 1, 
            "description": "This assignment covers an introduction to The Moon, The Stars, Constellations, The Solar System, The sun, The Planets, Asteroids, Comets and Satellites.", 
            "number": 1, 
            "standard": 1, 
            "questions": [
                463, 
                464, 
                465, 
                466, 
                467, 
                468, 
                469, 
                470, 
                471
            ], 
            "subject": 2
        }, 
        "model": "core.assignmentquestionslist", 
        "pk": 68
    }
]