[
    {
        "fields": {
            "name": "Algebra and Arithmetic Refresher"
        }, 
        "model": "core.chapter", 
        "pk": 3
    }, 
    {
        "fields": {
            "name": "number line"
        }, 
        "model": "core.questiontag", 
        "pk": 14
    }, 
    {
        "fields": {
            "name": "integer operations"
        }, 
        "model": "core.questiontag", 
        "pk": 15
    }, 
    {
        "fields": {
            "name": "properties of integer operations"
        }, 
        "model": "core.questiontag", 
        "pk": 16
    }, 
    {
        "fields": {
            "name": "fractions"
        }, 
        "model": "core.questiontag", 
        "pk": 17
    }, 
    {
        "fields": {
            "name": "decimals"
        }, 
        "model": "core.questiontag", 
        "pk": 18
    }, 
    {
        "fields": {
            "name": "simple equations"
        }, 
        "model": "core.questiontag", 
        "pk": 19
    }, 
    {
        "fields": {
            "name": "ratio and proportion"
        }, 
        "model": "core.questiontag", 
        "pk": 20
    }, 
    {
        "fields": {
            "name": "unitary method"
        }, 
        "model": "core.questiontag", 
        "pk": 21
    }, 
    {
        "fields": {
            "name": "percentages"
        }, 
        "model": "core.questiontag", 
        "pk": 22
    }, 
    {
        "fields": {
            "name": "rational numbers"
        }, 
        "model": "core.questiontag", 
        "pk": 23
    }, 
    {
        "fields": {
            "name": "algebraic expressions"
        }, 
        "model": "core.questiontag", 
        "pk": 24
    }, 
    {
        "fields": {
            "name": "exponents"
        }, 
        "model": "core.questiontag", 
        "pk": 25
    }, 
    {
        "fields": {
            "chapter": 3, 
            "school": 1, 
            "tags": [
                1, 
                14, 
                15
            ], 
            "standard": 1, 
            "subject": 1
        }, 
        "model": "core.question", 
        "pk": 48
    }, 
    {
        "fields": {
            "chapter": 3, 
            "school": 1, 
            "tags": [
                1, 
                14, 
                15
            ], 
            "standard": 1, 
            "subject": 1
        }, 
        "model": "core.question", 
        "pk": 49
    }, 
    {
        "fields": {
            "chapter": 3, 
            "school": 1, 
            "tags": [
                1, 
                15
            ], 
            "standard": 1, 
            "subject": 1
        }, 
        "model": "core.question", 
        "pk": 50
    }, 
    {
        "fields": {
            "chapter": 3, 
            "school": 1, 
            "tags": [
                1, 
                16
            ], 
            "standard": 1, 
            "subject": 1
        }, 
        "model": "core.question", 
        "pk": 51
    }, 
    {
        "fields": {
            "chapter": 3, 
            "school": 1, 
            "tags": [
                4, 
                17
            ], 
            "standard": 1, 
            "subject": 1
        }, 
        "model": "core.question", 
        "pk": 52
    }, 
    {
        "fields": {
            "chapter": 3, 
            "school": 1, 
            "tags": [
                4, 
                17
            ], 
            "standard": 1, 
            "subject": 1
        }, 
        "model": "core.question", 
        "pk": 53
    }, 
    {
        "fields": {
            "chapter": 3, 
            "school": 1, 
            "tags": [
                4, 
                17
            ], 
            "standard": 1, 
            "subject": 1
        }, 
        "model": "core.question", 
        "pk": 54
    }, 
    {
        "fields": {
            "chapter": 3, 
            "school": 1, 
            "tags": [
                4, 
                17
            ], 
            "standard": 1, 
            "subject": 1
        }, 
        "model": "core.question", 
        "pk": 55
    }, 
    {
        "fields": {
            "chapter": 3, 
            "school": 1, 
            "tags": [
                4, 
                17
            ], 
            "standard": 1, 
            "subject": 1
        }, 
        "model": "core.question", 
        "pk": 56
    }, 
    {
        "fields": {
            "chapter": 3, 
            "school": 1, 
            "tags": [
                1, 
                17
            ], 
            "standard": 1, 
            "subject": 1
        }, 
        "model": "core.question", 
        "pk": 57
    }, 
    {
        "fields": {
            "chapter": 3, 
            "school": 1, 
            "tags": [
                1, 
                18
            ], 
            "standard": 1, 
            "subject": 1
        }, 
        "model": "core.question", 
        "pk": 58
    }, 
    {
        "fields": {
            "chapter": 3, 
            "school": 1, 
            "tags": [
                4, 
                18
            ], 
            "standard": 1, 
            "subject": 1
        }, 
        "model": "core.question", 
        "pk": 59
    }, 
    {
        "fields": {
            "chapter": 3, 
            "school": 1, 
            "tags": [
                4, 
                18
            ], 
            "standard": 1, 
            "subject": 1
        }, 
        "model": "core.question", 
        "pk": 60
    }, 
    {
        "fields": {
            "chapter": 3, 
            "school": 1, 
            "tags": [
                1, 
                19
            ], 
            "standard": 1, 
            "subject": 1
        }, 
        "model": "core.question", 
        "pk": 61
    }, 
    {
        "fields": {
            "chapter": 3, 
            "school": 1, 
            "tags": [
                1, 
                19
            ], 
            "standard": 1, 
            "subject": 1
        }, 
        "model": "core.question", 
        "pk": 62
    }, 
    {
        "fields": {
            "chapter": 3, 
            "school": 1, 
            "tags": [
                4, 
                19
            ], 
            "standard": 1, 
            "subject": 1
        }, 
        "model": "core.question", 
        "pk": 63
    }, 
    {
        "fields": {
            "chapter": 3, 
            "school": 1, 
            "tags": [
                4, 
                19
            ], 
            "standard": 1, 
            "subject": 1
        }, 
        "model": "core.question", 
        "pk": 64
    }, 
    {
        "fields": {
            "chapter": 3, 
            "school": 1, 
            "tags": [
                4, 
                19
            ], 
            "standard": 1, 
            "subject": 1
        }, 
        "model": "core.question", 
        "pk": 65
    }, 
    {
        "fields": {
            "chapter": 3, 
            "school": 1, 
            "tags": [
                4, 
                19
            ], 
            "standard": 1, 
            "subject": 1
        }, 
        "model": "core.question", 
        "pk": 66
    }, 
    {
        "fields": {
            "chapter": 3, 
            "school": 1, 
            "tags": [
                4, 
                19
            ], 
            "standard": 1, 
            "subject": 1
        }, 
        "model": "core.question", 
        "pk": 67
    }, 
    {
        "fields": {
            "chapter": 3, 
            "school": 1, 
            "tags": [
                4, 
                19
            ], 
            "standard": 1, 
            "subject": 1
        }, 
        "model": "core.question", 
        "pk": 68
    }, 
    {
        "fields": {
            "chapter": 3, 
            "school": 1, 
            "tags": [
                4, 
                20
            ], 
            "standard": 1, 
            "subject": 1
        }, 
        "model": "core.question", 
        "pk": 69
    }, 
    {
        "fields": {
            "chapter": 3, 
            "school": 1, 
            "tags": [
                1, 
                20
            ], 
            "standard": 1, 
            "subject": 1
        }, 
        "model": "core.question", 
        "pk": 70
    }, 
    {
        "fields": {
            "chapter": 3, 
            "school": 1, 
            "tags": [
                1, 
                20
            ], 
            "standard": 1, 
            "subject": 1
        }, 
        "model": "core.question", 
        "pk": 71
    }, 
    {
        "fields": {
            "chapter": 3, 
            "school": 1, 
            "tags": [
                1, 
                20
            ], 
            "standard": 1, 
            "subject": 1
        }, 
        "model": "core.question", 
        "pk": 72
    }, 
    {
        "fields": {
            "chapter": 3, 
            "school": 1, 
            "tags": [
                4, 
                20, 
                21
            ], 
            "standard": 1, 
            "subject": 1
        }, 
        "model": "core.question", 
        "pk": 73
    }, 
    {
        "fields": {
            "chapter": 3, 
            "school": 1, 
            "tags": [
                4, 
                21
            ], 
            "standard": 1, 
            "subject": 1
        }, 
        "model": "core.question", 
        "pk": 74
    }, 
    {
        "fields": {
            "chapter": 3, 
            "school": 1, 
            "tags": [
                4, 
                21
            ], 
            "standard": 1, 
            "subject": 1
        }, 
        "model": "core.question", 
        "pk": 75
    }, 
    {
        "fields": {
            "chapter": 3, 
            "school": 1, 
            "tags": [
                1, 
                22
            ], 
            "standard": 1, 
            "subject": 1
        }, 
        "model": "core.question", 
        "pk": 76
    }, 
    {
        "fields": {
            "chapter": 3, 
            "school": 1, 
            "tags": [
                1, 
                22
            ], 
            "standard": 1, 
            "subject": 1
        }, 
        "model": "core.question", 
        "pk": 77
    }, 
    {
        "fields": {
            "chapter": 3, 
            "school": 1, 
            "tags": [
                4, 
                22
            ], 
            "standard": 1, 
            "subject": 1
        }, 
        "model": "core.question", 
        "pk": 78
    }, 
    {
        "fields": {
            "chapter": 3, 
            "school": 1, 
            "tags": [
                4, 
                22
            ], 
            "standard": 1, 
            "subject": 1
        }, 
        "model": "core.question", 
        "pk": 79
    }, 
    {
        "fields": {
            "chapter": 3, 
            "school": 1, 
            "tags": [
                4, 
                22
            ], 
            "standard": 1, 
            "subject": 1
        }, 
        "model": "core.question", 
        "pk": 80
    }, 
    {
        "fields": {
            "chapter": 3, 
            "school": 1, 
            "tags": [
                4, 
                22
            ], 
            "standard": 1, 
            "subject": 1
        }, 
        "model": "core.question", 
        "pk": 81
    }, 
    {
        "fields": {
            "chapter": 3, 
            "school": 1, 
            "tags": [
                1, 
                23
            ], 
            "standard": 1, 
            "subject": 1
        }, 
        "model": "core.question", 
        "pk": 82
    }, 
    {
        "fields": {
            "chapter": 3, 
            "school": 1, 
            "tags": [
                1, 
                23
            ], 
            "standard": 1, 
            "subject": 1
        }, 
        "model": "core.question", 
        "pk": 83
    }, 
    {
        "fields": {
            "chapter": 3, 
            "school": 1, 
            "tags": [
                1, 
                24
            ], 
            "standard": 1, 
            "subject": 1
        }, 
        "model": "core.question", 
        "pk": 84
    }, 
    {
        "fields": {
            "chapter": 3, 
            "school": 1, 
            "tags": [
                1, 
                24
            ], 
            "standard": 1, 
            "subject": 1
        }, 
        "model": "core.question", 
        "pk": 85
    }, 
    {
        "fields": {
            "chapter": 3, 
            "school": 1, 
            "tags": [
                1, 
                24
            ], 
            "standard": 1, 
            "subject": 1
        }, 
        "model": "core.question", 
        "pk": 86
    }, 
    {
        "fields": {
            "chapter": 3, 
            "school": 1, 
            "tags": [
                1, 
                24
            ], 
            "standard": 1, 
            "subject": 1
        }, 
        "model": "core.question", 
        "pk": 87
    }, 
    {
        "fields": {
            "chapter": 3, 
            "school": 1, 
            "tags": [
                1, 
                25
            ], 
            "standard": 1, 
            "subject": 1
        }, 
        "model": "core.question", 
        "pk": 88
    }, 
    {
        "fields": {
            "chapter": 3, 
            "school": 1, 
            "tags": [
                1, 
                25
            ], 
            "standard": 1, 
            "subject": 1
        }, 
        "model": "core.question", 
        "pk": 89
    }, 
    {
        "fields": {
            "index": 0,
            "question": 48,
            "tags": []
        },
        "model": "core.questionsubpart",
        "pk": 115
    },
    {
        "fields": {
            "index": 1,
            "question": 48,
            "tags": []
        },
        "model": "core.questionsubpart",
        "pk": 116
    },
    {
        "fields": {
            "index": 2,
            "question": 48,
            "tags": []
        },
        "model": "core.questionsubpart",
        "pk": 117
    },
    {
        "fields": {
            "index": 0,
            "question": 49,
            "tags": []
        },
        "model": "core.questionsubpart",
        "pk": 118
    },
    {
        "fields": {
            "index": 1,
            "question": 49,
            "tags": []
        },
        "model": "core.questionsubpart",
        "pk": 119
    },
    {
        "fields": {
            "index": 2,
            "question": 49,
            "tags": []
        },
        "model": "core.questionsubpart",
        "pk": 120
    },
    {
        "fields": {
            "index": 0,
            "question": 50,
            "tags": []
        },
        "model": "core.questionsubpart",
        "pk": 121
    },
    {
        "fields": {
            "index": 1,
            "question": 50,
            "tags": []
        },
        "model": "core.questionsubpart",
        "pk": 122
    },
    {
        "fields": {
            "index": 2,
            "question": 50,
            "tags": []
        },
        "model": "core.questionsubpart",
        "pk": 123
    },
    {
        "fields": {
            "index": 3,
            "question": 50,
            "tags": []
        },
        "model": "core.questionsubpart",
        "pk": 124
    },
    {
        "fields": {
            "index": 4,
            "question": 50,
            "tags": []
        },
        "model": "core.questionsubpart",
        "pk": 125
    },
    {
        "fields": {
            "index": 5,
            "question": 50,
            "tags": []
        },
        "model": "core.questionsubpart",
        "pk": 126
    },
    {
        "fields": {
            "index": 6,
            "question": 50,
            "tags": []
        },
        "model": "core.questionsubpart",
        "pk": 127
    },
    {
        "fields": {
            "index": 7,
            "question": 50,
            "tags": []
        },
        "model": "core.questionsubpart",
        "pk": 128
    },
    {
        "fields": {
            "index": 8,
            "question": 50,
            "tags": []
        },
        "model": "core.questionsubpart",
        "pk": 129
    },
    {
        "fields": {
            "index": 9,
            "question": 50,
            "tags": []
        },
        "model": "core.questionsubpart",
        "pk": 130
    },
    {
        "fields": {
            "index": 10,
            "question": 50,
            "tags": []
        },
        "model": "core.questionsubpart",
        "pk": 131
    },
    {
        "fields": {
            "index": 11,
            "question": 50,
            "tags": []
        },
        "model": "core.questionsubpart",
        "pk": 132
    },
    {
        "fields": {
            "index": 12,
            "question": 50,
            "tags": []
        },
        "model": "core.questionsubpart",
        "pk": 133
    },
    {
        "fields": {
            "index": 13,
            "question": 50,
            "tags": []
        },
        "model": "core.questionsubpart",
        "pk": 134
    },
    {
        "fields": {
            "index": 0,
            "question": 51,
            "tags": []
        },
        "model": "core.questionsubpart",
        "pk": 135
    },
    {
        "fields": {
            "index": 1,
            "question": 51,
            "tags": []
        },
        "model": "core.questionsubpart",
        "pk": 136
    },
    {
        "fields": {
            "index": 2,
            "question": 51,
            "tags": []
        },
        "model": "core.questionsubpart",
        "pk": 137
    },
    {
        "fields": {
            "index": 3,
            "question": 51,
            "tags": []
        },
        "model": "core.questionsubpart",
        "pk": 138
    },
    {
        "fields": {
            "index": 4,
            "question": 51,
            "tags": []
        },
        "model": "core.questionsubpart",
        "pk": 139
    },
    {
        "fields": {
            "index": 5,
            "question": 51,
            "tags": []
        },
        "model": "core.questionsubpart",
        "pk": 140
    },
    {
        "fields": {
            "index": 6,
            "question": 51,
            "tags": []
        },
        "model": "core.questionsubpart",
        "pk": 141
    },
    {
        "fields": {
            "index": 7,
            "question": 51,
            "tags": []
        },
        "model": "core.questionsubpart",
        "pk": 142
    },
    {
        "fields": {
            "index": 8,
            "question": 51,
            "tags": []
        },
        "model": "core.questionsubpart",
        "pk": 143
    },
    {
        "fields": {
            "index": 9,
            "question": 51,
            "tags": []
        },
        "model": "core.questionsubpart",
        "pk": 144
    },
    {
        "fields": {
            "index": 10,
            "question": 51,
            "tags": []
        },
        "model": "core.questionsubpart",
        "pk": 145
    },
    {
        "fields": {
            "index": 11,
            "question": 51,
            "tags": []
        },
        "model": "core.questionsubpart",
        "pk": 146
    },
    {
        "fields": {
            "index": 12,
            "question": 51,
            "tags": []
        },
        "model": "core.questionsubpart",
        "pk": 147
    },
    {
        "fields": {
            "index": 13,
            "question": 51,
            "tags": []
        },
        "model": "core.questionsubpart",
        "pk": 148
    },
    {
        "fields": {
            "index": 14,
            "question": 51,
            "tags": []
        },
        "model": "core.questionsubpart",
        "pk": 149
    },
    {
        "fields": {
            "index": 15,
            "question": 51,
            "tags": []
        },
        "model": "core.questionsubpart",
        "pk": 150
    },
    {
        "fields": {
            "index": 16,
            "question": 51,
            "tags": []
        },
        "model": "core.questionsubpart",
        "pk": 151
    },
    {
        "fields": {
            "index": 0,
            "question": 52,
            "tags": []
        },
        "model": "core.questionsubpart",
        "pk": 152
    },
    {
        "fields": {
            "index": 0,
            "question": 53,
            "tags": []
        },
        "model": "core.questionsubpart",
        "pk": 153
    },
    {
        "fields": {
            "index": 0,
            "question": 54,
            "tags": []
        },
        "model": "core.questionsubpart",
        "pk": 154
    },
    {
        "fields": {
            "index": 0,
            "question": 55,
            "tags": []
        },
        "model": "core.questionsubpart",
        "pk": 155
    },
    {
        "fields": {
            "index": 1,
            "question": 55,
            "tags": []
        },
        "model": "core.questionsubpart",
        "pk": 156
    },
    {
        "fields": {
            "index": 0,
            "question": 56,
            "tags": []
        },
        "model": "core.questionsubpart",
        "pk": 157
    },
    {
        "fields": {
            "index": 0,
            "question": 57,
            "tags": []
        },
        "model": "core.questionsubpart",
        "pk": 158
    },
    {
        "fields": {
            "index": 1,
            "question": 57,
            "tags": []
        },
        "model": "core.questionsubpart",
        "pk": 159
    },
    {
        "fields": {
            "index": 2,
            "question": 57,
            "tags": []
        },
        "model": "core.questionsubpart",
        "pk": 160
    },
    {
        "fields": {
            "index": 3,
            "question": 57,
            "tags": []
        },
        "model": "core.questionsubpart",
        "pk": 161
    },
    {
        "fields": {
            "index": 4,
            "question": 57,
            "tags": []
        },
        "model": "core.questionsubpart",
        "pk": 162
    },
    {
        "fields": {
            "index": 5,
            "question": 57,
            "tags": []
        },
        "model": "core.questionsubpart",
        "pk": 163
    },
    {
        "fields": {
            "index": 6,
            "question": 57,
            "tags": []
        },
        "model": "core.questionsubpart",
        "pk": 164
    },
    {
        "fields": {
            "index": 7,
            "question": 57,
            "tags": []
        },
        "model": "core.questionsubpart",
        "pk": 165
    },
    {
        "fields": {
            "index": 8,
            "question": 57,
            "tags": []
        },
        "model": "core.questionsubpart",
        "pk": 166
    },
    {
        "fields": {
            "index": 9,
            "question": 57,
            "tags": []
        },
        "model": "core.questionsubpart",
        "pk": 167
    },
    {
        "fields": {
            "index": 10,
            "question": 57,
            "tags": []
        },
        "model": "core.questionsubpart",
        "pk": 168
    },
    {
        "fields": {
            "index": 11,
            "question": 57,
            "tags": []
        },
        "model": "core.questionsubpart",
        "pk": 169
    },
    {
        "fields": {
            "index": 0,
            "question": 58,
            "tags": []
        },
        "model": "core.questionsubpart",
        "pk": 170
    },
    {
        "fields": {
            "index": 1,
            "question": 58,
            "tags": []
        },
        "model": "core.questionsubpart",
        "pk": 171
    },
    {
        "fields": {
            "index": 2,
            "question": 58,
            "tags": []
        },
        "model": "core.questionsubpart",
        "pk": 172
    },
    {
        "fields": {
            "index": 3,
            "question": 58,
            "tags": []
        },
        "model": "core.questionsubpart",
        "pk": 173
    },
    {
        "fields": {
            "index": 4,
            "question": 58,
            "tags": []
        },
        "model": "core.questionsubpart",
        "pk": 174
    },
    {
        "fields": {
            "index": 5,
            "question": 58,
            "tags": []
        },
        "model": "core.questionsubpart",
        "pk": 175
    },
    {
        "fields": {
            "index": 6,
            "question": 58,
            "tags": []
        },
        "model": "core.questionsubpart",
        "pk": 176
    },
    {
        "fields": {
            "index": 7,
            "question": 58,
            "tags": []
        },
        "model": "core.questionsubpart",
        "pk": 177
    },
    {
        "fields": {
            "index": 8,
            "question": 58,
            "tags": []
        },
        "model": "core.questionsubpart",
        "pk": 178
    },
    {
        "fields": {
            "index": 0,
            "question": 59,
            "tags": []
        },
        "model": "core.questionsubpart",
        "pk": 179
    },
    {
        "fields": {
            "index": 0,
            "question": 60,
            "tags": []
        },
        "model": "core.questionsubpart",
        "pk": 180
    },
    {
        "fields": {
            "index": 0,
            "question": 61,
            "tags": []
        },
        "model": "core.questionsubpart",
        "pk": 181
    },
    {
        "fields": {
            "index": 0,
            "question": 62,
            "tags": []
        },
        "model": "core.questionsubpart",
        "pk": 182
    },
    {
        "fields": {
            "index": 1,
            "question": 62,
            "tags": []
        },
        "model": "core.questionsubpart",
        "pk": 183
    },
    {
        "fields": {
            "index": 2,
            "question": 62,
            "tags": []
        },
        "model": "core.questionsubpart",
        "pk": 184
    },
    {
        "fields": {
            "index": 3,
            "question": 62,
            "tags": []
        },
        "model": "core.questionsubpart",
        "pk": 185
    },
    {
        "fields": {
            "index": 4,
            "question": 62,
            "tags": []
        },
        "model": "core.questionsubpart",
        "pk": 186
    },
    {
        "fields": {
            "index": 5,
            "question": 62,
            "tags": []
        },
        "model": "core.questionsubpart",
        "pk": 187
    },
    {
        "fields": {
            "index": 6,
            "question": 62,
            "tags": []
        },
        "model": "core.questionsubpart",
        "pk": 188
    },
    {
        "fields": {
            "index": 7,
            "question": 62,
            "tags": []
        },
        "model": "core.questionsubpart",
        "pk": 189
    },
    {
        "fields": {
            "index": 8,
            "question": 62,
            "tags": []
        },
        "model": "core.questionsubpart",
        "pk": 190
    },
    {
        "fields": {
            "index": 9,
            "question": 62,
            "tags": []
        },
        "model": "core.questionsubpart",
        "pk": 191
    },
    {
        "fields": {
            "index": 10,
            "question": 62,
            "tags": []
        },
        "model": "core.questionsubpart",
        "pk": 192
    },
    {
        "fields": {
            "index": 11,
            "question": 62,
            "tags": []
        },
        "model": "core.questionsubpart",
        "pk": 193
    },
    {
        "fields": {
            "index": 0,
            "question": 63,
            "tags": []
        },
        "model": "core.questionsubpart",
        "pk": 194
    },
    {
        "fields": {
            "index": 0,
            "question": 64,
            "tags": []
        },
        "model": "core.questionsubpart",
        "pk": 195
    },
    {
        "fields": {
            "index": 0,
            "question": 65,
            "tags": []
        },
        "model": "core.questionsubpart",
        "pk": 196
    },
    {
        "fields": {
            "index": 0,
            "question": 66,
            "tags": []
        },
        "model": "core.questionsubpart",
        "pk": 197
    },
    {
        "fields": {
            "index": 0,
            "question": 67,
            "tags": []
        },
        "model": "core.questionsubpart",
        "pk": 198
    },
    {
        "fields": {
            "index": 0,
            "question": 68,
            "tags": []
        },
        "model": "core.questionsubpart",
        "pk": 199
    },
    {
        "fields": {
            "index": 0,
            "question": 69,
            "tags": []
        },
        "model": "core.questionsubpart",
        "pk": 200
    },
    {
        "fields": {
            "index": 0,
            "question": 70,
            "tags": []
        },
        "model": "core.questionsubpart",
        "pk": 201
    },
    {
        "fields": {
            "index": 0,
            "question": 71,
            "tags": []
        },
        "model": "core.questionsubpart",
        "pk": 202
    },
    {
        "fields": {
            "index": 0,
            "question": 72,
            "tags": []
        },
        "model": "core.questionsubpart",
        "pk": 203
    },
    {
        "fields": {
            "index": 0,
            "question": 73,
            "tags": []
        },
        "model": "core.questionsubpart",
        "pk": 204
    },
    {
        "fields": {
            "index": 0,
            "question": 74,
            "tags": []
        },
        "model": "core.questionsubpart",
        "pk": 205
    },
    {
        "fields": {
            "index": 0,
            "question": 75,
            "tags": []
        },
        "model": "core.questionsubpart",
        "pk": 206
    },
    {
        "fields": {
            "index": 0,
            "question": 76,
            "tags": []
        },
        "model": "core.questionsubpart",
        "pk": 207
    },
    {
        "fields": {
            "index": 1,
            "question": 76,
            "tags": []
        },
        "model": "core.questionsubpart",
        "pk": 208
    },
    {
        "fields": {
            "index": 2,
            "question": 76,
            "tags": []
        },
        "model": "core.questionsubpart",
        "pk": 209
    },
    {
        "fields": {
            "index": 3,
            "question": 76,
            "tags": []
        },
        "model": "core.questionsubpart",
        "pk": 210
    },
    {
        "fields": {
            "index": 4,
            "question": 76,
            "tags": []
        },
        "model": "core.questionsubpart",
        "pk": 211
    },
    {
        "fields": {
            "index": 5,
            "question": 76,
            "tags": []
        },
        "model": "core.questionsubpart",
        "pk": 212
    },
    {
        "fields": {
            "index": 6,
            "question": 76,
            "tags": []
        },
        "model": "core.questionsubpart",
        "pk": 213
    },
    {
        "fields": {
            "index": 7,
            "question": 76,
            "tags": []
        },
        "model": "core.questionsubpart",
        "pk": 214
    },
    {
        "fields": {
            "index": 0,
            "question": 77,
            "tags": []
        },
        "model": "core.questionsubpart",
        "pk": 215
    },
    {
        "fields": {
            "index": 1,
            "question": 77,
            "tags": []
        },
        "model": "core.questionsubpart",
        "pk": 216
    },
    {
        "fields": {
            "index": 2,
            "question": 77,
            "tags": []
        },
        "model": "core.questionsubpart",
        "pk": 217
    },
    {
        "fields": {
            "index": 3,
            "question": 77,
            "tags": []
        },
        "model": "core.questionsubpart",
        "pk": 218
    },
    {
        "fields": {
            "index": 4,
            "question": 77,
            "tags": []
        },
        "model": "core.questionsubpart",
        "pk": 219
    },
    {
        "fields": {
            "index": 0,
            "question": 78,
            "tags": []
        },
        "model": "core.questionsubpart",
        "pk": 220
    },
    {
        "fields": {
            "index": 0,
            "question": 79,
            "tags": []
        },
        "model": "core.questionsubpart",
        "pk": 221
    },
    {
        "fields": {
            "index": 0,
            "question": 80,
            "tags": []
        },
        "model": "core.questionsubpart",
        "pk": 222
    },
    {
        "fields": {
            "index": 0,
            "question": 81,
            "tags": []
        },
        "model": "core.questionsubpart",
        "pk": 223
    },
    {
        "fields": {
            "index": 0,
            "question": 82,
            "tags": []
        },
        "model": "core.questionsubpart",
        "pk": 224
    },
    {
        "fields": {
            "index": 1,
            "question": 82,
            "tags": []
        },
        "model": "core.questionsubpart",
        "pk": 225
    },
    {
        "fields": {
            "index": 2,
            "question": 82,
            "tags": []
        },
        "model": "core.questionsubpart",
        "pk": 226
    },
    {
        "fields": {
            "index": 0,
            "question": 83,
            "tags": []
        },
        "model": "core.questionsubpart",
        "pk": 227
    },
    {
        "fields": {
            "index": 1,
            "question": 83,
            "tags": []
        },
        "model": "core.questionsubpart",
        "pk": 228
    },
    {
        "fields": {
            "index": 0,
            "question": 84,
            "tags": []
        },
        "model": "core.questionsubpart",
        "pk": 229
    },
    {
        "fields": {
            "index": 0,
            "question": 85,
            "tags": []
        },
        "model": "core.questionsubpart",
        "pk": 230
    },
    {
        "fields": {
            "index": 1,
            "question": 85,
            "tags": []
        },
        "model": "core.questionsubpart",
        "pk": 231
    },
    {
        "fields": {
            "index": 2,
            "question": 85,
            "tags": []
        },
        "model": "core.questionsubpart",
        "pk": 232
    },
    {
        "fields": {
            "index": 3,
            "question": 85,
            "tags": []
        },
        "model": "core.questionsubpart",
        "pk": 233
    },
    {
        "fields": {
            "index": 4,
            "question": 85,
            "tags": []
        },
        "model": "core.questionsubpart",
        "pk": 234
    },
    {
        "fields": {
            "index": 5,
            "question": 85,
            "tags": []
        },
        "model": "core.questionsubpart",
        "pk": 235
    },
    {
        "fields": {
            "index": 0,
            "question": 86,
            "tags": []
        },
        "model": "core.questionsubpart",
        "pk": 236
    },
    {
        "fields": {
            "index": 1,
            "question": 86,
            "tags": []
        },
        "model": "core.questionsubpart",
        "pk": 237
    },
    {
        "fields": {
            "index": 2,
            "question": 86,
            "tags": []
        },
        "model": "core.questionsubpart",
        "pk": 238
    },
    {
        "fields": {
            "index": 3,
            "question": 86,
            "tags": []
        },
        "model": "core.questionsubpart",
        "pk": 239
    },
    {
        "fields": {
            "index": 4,
            "question": 86,
            "tags": []
        },
        "model": "core.questionsubpart",
        "pk": 240
    },
    {
        "fields": {
            "index": 0,
            "question": 87,
            "tags": []
        },
        "model": "core.questionsubpart",
        "pk": 241
    },
    {
        "fields": {
            "index": 1,
            "question": 87,
            "tags": []
        },
        "model": "core.questionsubpart",
        "pk": 242
    },
    {
        "fields": {
            "index": 2,
            "question": 87,
            "tags": []
        },
        "model": "core.questionsubpart",
        "pk": 243
    },
    {
        "fields": {
            "index": 3,
            "question": 87,
            "tags": []
        },
        "model": "core.questionsubpart",
        "pk": 244
    },
    {
        "fields": {
            "index": 4,
            "question": 87,
            "tags": []
        },
        "model": "core.questionsubpart",
        "pk": 245
    },
    {
        "fields": {
            "index": 0,
            "question": 88,
            "tags": []
        },
        "model": "core.questionsubpart",
        "pk": 246
    },
    {
        "fields": {
            "index": 1,
            "question": 88,
            "tags": []
        },
        "model": "core.questionsubpart",
        "pk": 247
    },
    {
        "fields": {
            "index": 2,
            "question": 88,
            "tags": []
        },
        "model": "core.questionsubpart",
        "pk": 248
    },
    {
        "fields": {
            "index": 3,
            "question": 88,
            "tags": []
        },
        "model": "core.questionsubpart",
        "pk": 249
    },
    {
        "fields": {
            "index": 4,
            "question": 88,
            "tags": []
        },
        "model": "core.questionsubpart",
        "pk": 250
    },
    {
        "fields": {
            "index": 0,
            "question": 89,
            "tags": []
        },
        "model": "core.questionsubpart",
        "pk": 251
    },
    {
        "fields": {
            "index": 1,
            "question": 89,
            "tags": []
        },
        "model": "core.questionsubpart",
        "pk": 252
    },
    {
        "fields": {
            "index": 2,
            "question": 89,
            "tags": []
        },
        "model": "core.questionsubpart",
        "pk": 253
    },
    {
        "fields": {
            "index": 3,
            "question": 89,
            "tags": []
        },
        "model": "core.questionsubpart",
        "pk": 254
    },
    {
        "fields": {
            "index": 4,
            "question": 89,
            "tags": []
        },
        "model": "core.questionsubpart",
        "pk": 255
    },
    {
        "fields": {
            "index": 5,
            "question": 89,
            "tags": []
        },
        "model": "core.questionsubpart",
        "pk": 256
    },
    {
        "fields": {
            "index": 6,
            "question": 89,
            "tags": []
        },
        "model": "core.questionsubpart",
        "pk": 257
    },
    {
        "fields": {
            "index": 7,
            "question": 89,
            "tags": []
        },
        "model": "core.questionsubpart",
        "pk": 258
    },
    {
        "fields": {
            "index": 8,
            "question": 89,
            "tags": []
        },
        "model": "core.questionsubpart",
        "pk": 259
    },
    {
        "fields": {
            "index": 9,
            "question": 89,
            "tags": []
        },
        "model": "core.questionsubpart",
        "pk": 260
    },
    {
        "fields": {
            "index": 10,
            "question": 89,
            "tags": []
        },
        "model": "core.questionsubpart",
        "pk": 261
    },
    {
        "fields": {
            "index": 11,
            "question": 89,
            "tags": []
        },
        "model": "core.questionsubpart",
        "pk": 262
    },
    {
        "fields": {
            "chapter": 3, 
            "school": 1, 
            "description": "This assignment covers Integer Operations, Number Line concepts and Fractions.", 
            "number": 1, 
            "standard": 1, 
            "questions": [
                48, 
                49, 
                50, 
                51, 
                52, 
                53, 
                54, 
                55, 
                56, 
                57
            ], 
            "subject": 1
        }, 
        "model": "core.assignmentquestionslist", 
        "pk": 7
    }, 
    {
        "fields": {
            "chapter": 3, 
            "school": 1, 
            "description": "This assignment covers Decimals and Simple Equations.", 
            "number": 2, 
            "standard": 1, 
            "questions": [
                58, 
                59, 
                60, 
                61, 
                62, 
                63, 
                64, 
                65, 
                66, 
                67, 
                68
            ], 
            "subject": 1
        }, 
        "model": "core.assignmentquestionslist", 
        "pk": 8
    }, 
    {
        "fields": {
            "chapter": 3, 
            "school": 1, 
            "description": "This assignment covers Ratio and Proportion, the Unitary Method and Percentages.", 
            "number": 3, 
            "standard": 1, 
            "questions": [
                69, 
                70, 
                71, 
                72, 
                73, 
                74, 
                75, 
                76, 
                77, 
                78, 
                79, 
                80, 
                81
            ], 
            "subject": 1
        }, 
        "model": "core.assignmentquestionslist", 
        "pk": 9
    }, 
    {
        "fields": {
            "chapter": 3, 
            "school": 1, 
            "description": "This assignment covers Rational Numbers, Algebraic Expressions and Exponents.", 
            "number": 4, 
            "standard": 1, 
            "questions": [
                82, 
                83, 
                84, 
                85, 
                86, 
                87, 
                88, 
                89
            ], 
            "subject": 1
        }, 
        "model": "core.assignmentquestionslist", 
        "pk": 10
    }
]