[
    {
        "fields": {
            "name": "Real Numbers"
        },
        "model": "core.chapter", 
        "pk": 38
    }, 
    {
        "fields": {
            "name": "euclid's division lemma"
        },
        "model": "core.questiontag", 
        "pk": 217
    }, 
    {
        "fields": {
            "name": "the fundamental theorem of arithmetic"
        },
        "model": "core.questiontag", 
        "pk": 218
    }, 
    {
        "fields": {
            "name": "revisiting irrational numbers"
        },
        "model": "core.questiontag", 
        "pk": 219
    }, 
    {
        "fields": {
            "name": "decimal expansions of rational numbers"
        },
        "model": "core.questiontag", 
        "pk": 220
    }, 
    {
        "fields": {
            "name": "volume of a combination of solids"
        },
        "model": "core.questiontag", 
        "pk": 221
    }, 
    {
        "fields": {
            "name": "conversion of solid from one shape to another"
        },
        "model": "core.questiontag", 
        "pk": 222
    }, 
    {
        "fields": {
            "name": "basics of polynomials"
        },
        "model": "core.questiontag", 
        "pk": 223
    }, 
    {
        "fields": {
            "name": "relating coefficient and zeroes of polynomial"
        },
        "model": "core.questiontag", 
        "pk": 224
    }, 
    {
        "fields": {
            "chapter": 38,
            "school": 1, 
            "tags": [
                1, 
                217
            ],
            "standard": 3, 
            "subject": 1
        },
        "model": "core.question", 
        "pk": 532
    }, 
    {
        "fields": {
            "chapter": 38,
            "school": 1, 
            "tags": [
                4, 
                217
            ],
            "standard": 3, 
            "subject": 1
        },
        "model": "core.question", 
        "pk": 533
    }, 
    {
        "fields": {
            "chapter": 38,
            "school": 1, 
            "tags": [
                1, 
                218
            ],
            "standard": 3, 
            "subject": 1
        },
        "model": "core.question", 
        "pk": 534
    }, 
    {
        "fields": {
            "chapter": 38,
            "school": 1, 
            "tags": [
                4, 
                218
            ],
            "standard": 3, 
            "subject": 1
        },
        "model": "core.question", 
        "pk": 535
    }, 
    {
        "fields": {
            "chapter": 38,
            "school": 1, 
            "tags": [
                1, 
                219
            ],
            "standard": 3, 
            "subject": 1
        },
        "model": "core.question", 
        "pk": 536
    }, 
    {
        "fields": {
            "chapter": 38,
            "school": 1, 
            "tags": [
                4, 
                219
            ],
            "standard": 3, 
            "subject": 1
        },
        "model": "core.question", 
        "pk": 537
    }, 
    {
        "fields": {
            "chapter": 38,
            "school": 1, 
            "tags": [
                4,
                6, 
                219
            ],
            "standard": 3, 
            "subject": 1
        },
        "model": "core.question", 
        "pk": 538
    }, 
    {
        "fields": {
            "chapter": 38,
            "school": 1, 
            "tags": [
                1, 
                220
            ],
            "standard": 3, 
            "subject": 1
        },
        "model": "core.question", 
        "pk": 539
    }, 
    {
        "fields": {
            "chapter": 38,
            "school": 1, 
            "tags": [
                1, 
                220
            ],
            "standard": 3, 
            "subject": 1
        },
        "model": "core.question", 
        "pk": 540
    }, 
    {
        "fields": {
            "chapter": 38,
            "school": 1, 
            "tags": [
                4, 
                220
            ],
            "standard": 3, 
            "subject": 1
        },
        "model": "core.question", 
        "pk": 541
    }, 
    {
        "fields": {
            "chapter": 20,
            "school": 1, 
            "tags": [
                1, 
                221
            ],
            "standard": 3, 
            "subject": 1
        },
        "model": "core.question", 
        "pk": 542
    }, 
    {
        "fields": {
            "chapter": 20,
            "school": 1, 
            "tags": [
                4, 
                221
            ],
            "standard": 3, 
            "subject": 1
        },
        "model": "core.question", 
        "pk": 543
    }, 
    {
        "fields": {
            "chapter": 20,
            "school": 1, 
            "tags": [
                4,
                6, 
                221
            ],
            "standard": 3, 
            "subject": 1
        },
        "model": "core.question", 
        "pk": 544
    }, 
    {
        "fields": {
            "chapter": 20,
            "school": 1, 
            "tags": [
                1, 
                222
            ],
            "standard": 3, 
            "subject": 1
        },
        "model": "core.question", 
        "pk": 545
    }, 
    {
        "fields": {
            "chapter": 20,
            "school": 1, 
            "tags": [
                4, 
                222
            ],
            "standard": 3, 
            "subject": 1
        },
        "model": "core.question", 
        "pk": 546
    }, 
    {
        "fields": {
            "chapter": 20,
            "school": 1, 
            "tags": [
                1,
                6, 
                222
            ],
            "standard": 3, 
            "subject": 1
        },
        "model": "core.question", 
        "pk": 547
    }, 
    {
        "fields": {
            "chapter": 18,
            "school": 1, 
            "tags": [
                1, 
                223
            ],
            "standard": 3, 
            "subject": 1
        },
        "model": "core.question", 
        "pk": 548
    }, 
    {
        "fields": {
            "chapter": 18,
            "school": 1, 
            "tags": [
                1, 
                223
            ],
            "standard": 3, 
            "subject": 1
        },
        "model": "core.question", 
        "pk": 549
    }, 
    {
        "fields": {
            "chapter": 18,
            "school": 1, 
            "tags": [
                1, 
                224
            ],
            "standard": 3, 
            "subject": 1
        },
        "model": "core.question", 
        "pk": 550
    }, 
    {
        "fields": {
            "chapter": 18,
            "school": 1, 
            "tags": [
                1, 
                224
            ],
            "standard": 3, 
            "subject": 1
        },
        "model": "core.question", 
        "pk": 551
    }, 
    {
        "fields": {
            "chapter": 18,
            "school": 1, 
            "tags": [
                1,
                6, 
                224
            ],
            "standard": 3, 
            "subject": 1
        },
        "model": "core.question", 
        "pk": 552
    }, 
    {
        "fields": {
            "index": 0,
            "question": 532, 
            "tags": []
        },
        "model": "core.questionsubpart", 
        "pk": 1433
    }, 
    {
        "fields": {
            "index": 1,
            "question": 532, 
            "tags": []
        },
        "model": "core.questionsubpart", 
        "pk": 1434
    }, 
    {
        "fields": {
            "index": 0,
            "question": 533, 
            "tags": []
        },
        "model": "core.questionsubpart", 
        "pk": 1435
    }, 
    {
        "fields": {
            "index": 1,
            "question": 533, 
            "tags": []
        },
        "model": "core.questionsubpart", 
        "pk": 1436
    }, 
    {
        "fields": {
            "index": 0,
            "question": 534, 
            "tags": []
        },
        "model": "core.questionsubpart", 
        "pk": 1437
    }, 
    {
        "fields": {
            "index": 1,
            "question": 534, 
            "tags": []
        },
        "model": "core.questionsubpart", 
        "pk": 1438
    }, 
    {
        "fields": {
            "index": 2,
            "question": 534, 
            "tags": []
        },
        "model": "core.questionsubpart", 
        "pk": 1439
    }, 
    {
        "fields": {
            "index": 0,
            "question": 535, 
            "tags": []
        },
        "model": "core.questionsubpart", 
        "pk": 1440
    }, 
    {
        "fields": {
            "index": 1,
            "question": 535, 
            "tags": []
        },
        "model": "core.questionsubpart", 
        "pk": 1441
    }, 
    {
        "fields": {
            "index": 0,
            "question": 536, 
            "tags": []
        },
        "model": "core.questionsubpart", 
        "pk": 1442
    }, 
    {
        "fields": {
            "index": 1,
            "question": 536, 
            "tags": []
        },
        "model": "core.questionsubpart", 
        "pk": 1443
    }, 
    {
        "fields": {
            "index": 0,
            "question": 537, 
            "tags": []
        },
        "model": "core.questionsubpart", 
        "pk": 1444
    }, 
    {
        "fields": {
            "index": 1,
            "question": 537, 
            "tags": []
        },
        "model": "core.questionsubpart", 
        "pk": 1445
    }, 
    {
        "fields": {
            "index": 0,
            "question": 538, 
            "tags": []
        },
        "model": "core.questionsubpart", 
        "pk": 1446
    }, 
    {
        "fields": {
            "index": 0,
            "question": 539, 
            "tags": []
        },
        "model": "core.questionsubpart", 
        "pk": 1447
    }, 
    {
        "fields": {
            "index": 0,
            "question": 540, 
            "tags": []
        },
        "model": "core.questionsubpart", 
        "pk": 1448
    }, 
    {
        "fields": {
            "index": 1,
            "question": 540, 
            "tags": []
        },
        "model": "core.questionsubpart", 
        "pk": 1449
    }, 
    {
        "fields": {
            "index": 0,
            "question": 541, 
            "tags": []
        },
        "model": "core.questionsubpart", 
        "pk": 1450
    }, 
    {
        "fields": {
            "index": 1,
            "question": 541, 
            "tags": []
        },
        "model": "core.questionsubpart", 
        "pk": 1451
    }, 
    {
        "fields": {
            "index": 0,
            "question": 542, 
            "tags": []
        },
        "model": "core.questionsubpart", 
        "pk": 1452
    }, 
    {
        "fields": {
            "index": 1,
            "question": 542, 
            "tags": []
        },
        "model": "core.questionsubpart", 
        "pk": 1453
    }, 
    {
        "fields": {
            "index": 0,
            "question": 543, 
            "tags": []
        },
        "model": "core.questionsubpart", 
        "pk": 1454
    }, 
    {
        "fields": {
            "index": 1,
            "question": 543, 
            "tags": []
        },
        "model": "core.questionsubpart", 
        "pk": 1455
    }, 
    {
        "fields": {
            "index": 0,
            "question": 544, 
            "tags": []
        },
        "model": "core.questionsubpart", 
        "pk": 1456
    }, 
    {
        "fields": {
            "index": 1,
            "question": 544, 
            "tags": []
        },
        "model": "core.questionsubpart", 
        "pk": 1457
    }, 
    {
        "fields": {
            "index": 0,
            "question": 545, 
            "tags": []
        },
        "model": "core.questionsubpart", 
        "pk": 1458
    }, 
    {
        "fields": {
            "index": 1,
            "question": 545, 
            "tags": []
        },
        "model": "core.questionsubpart", 
        "pk": 1459
    }, 
    {
        "fields": {
            "index": 2,
            "question": 545, 
            "tags": []
        },
        "model": "core.questionsubpart", 
        "pk": 1460
    }, 
    {
        "fields": {
            "index": 0,
            "question": 546, 
            "tags": []
        },
        "model": "core.questionsubpart", 
        "pk": 1461
    }, 
    {
        "fields": {
            "index": 1,
            "question": 546, 
            "tags": []
        },
        "model": "core.questionsubpart", 
        "pk": 1462
    }, 
    {
        "fields": {
            "index": 0,
            "question": 547, 
            "tags": []
        },
        "model": "core.questionsubpart", 
        "pk": 1463
    }, 
    {
        "fields": {
            "index": 0,
            "question": 548, 
            "tags": []
        },
        "model": "core.questionsubpart", 
        "pk": 1464
    }, 
    {
        "fields": {
            "index": 1,
            "question": 548, 
            "tags": []
        },
        "model": "core.questionsubpart", 
        "pk": 1465
    }, 
    {
        "fields": {
            "index": 2,
            "question": 548, 
            "tags": []
        },
        "model": "core.questionsubpart", 
        "pk": 1466
    }, 
    {
        "fields": {
            "index": 0,
            "question": 549, 
            "tags": []
        },
        "model": "core.questionsubpart", 
        "pk": 1467
    }, 
    {
        "fields": {
            "index": 1,
            "question": 549, 
            "tags": []
        },
        "model": "core.questionsubpart", 
        "pk": 1468
    }, 
    {
        "fields": {
            "index": 2,
            "question": 549, 
            "tags": []
        },
        "model": "core.questionsubpart", 
        "pk": 1469
    }, 
    {
        "fields": {
            "index": 0,
            "question": 550, 
            "tags": []
        },
        "model": "core.questionsubpart", 
        "pk": 1470
    }, 
    {
        "fields": {
            "index": 1,
            "question": 550, 
            "tags": []
        },
        "model": "core.questionsubpart", 
        "pk": 1471
    }, 
    {
        "fields": {
            "index": 0,
            "question": 551, 
            "tags": []
        },
        "model": "core.questionsubpart", 
        "pk": 1472
    }, 
    {
        "fields": {
            "index": 1,
            "question": 551, 
            "tags": []
        },
        "model": "core.questionsubpart", 
        "pk": 1473
    }, 
    {
        "fields": {
            "index": 0,
            "question": 552, 
            "tags": []
        },
        "model": "core.questionsubpart", 
        "pk": 1474
    }, 
    {
        "fields": {
            "index": 1,
            "question": 552, 
            "tags": []
        },
        "model": "core.questionsubpart", 
        "pk": 1475
    }, 
    {
        "fields": {
            "chapter": 38,
            "school": 1,
            "description": "This assignment includes problems related to finding the HCF of given positive integers using Euclid's division lemma.",
            "number": 1,
            "standard": 3, 
            "questions": [
                532, 
                533
            ], 
            "subject": 1
        },
        "model": "core.assignmentquestionslist", 
        "pk": 91
    }, 
    {
        "fields": {
            "chapter": 38,
            "school": 1,
            "description": "This assignment includes problems related to factorising given integers and finding HCF and LCM using factorization.",
            "number": 2,
            "standard": 3, 
            "questions": [
                534, 
                535
            ], 
            "subject": 1
        },
        "model": "core.assignmentquestionslist", 
        "pk": 92
    }, 
    {
        "fields": {
            "chapter": 38,
            "school": 1,
            "description": "This assignment covers a review of irrational numbers.",
            "number": 3,
            "standard": 3, 
            "questions": [
                536,
                537, 
                538
            ], 
            "subject": 1
        },
        "model": "core.assignmentquestionslist", 
        "pk": 93
    }, 
    {
        "fields": {
            "chapter": 38,
            "school": 1,
            "description": "This assignment covers a review of decimal expansions of rational numbers.",
            "number": 4,
            "standard": 3, 
            "questions": [
                539,
                540, 
                541
            ], 
            "subject": 1
        },
        "model": "core.assignmentquestionslist", 
        "pk": 94
    }, 
    {
        "fields": {
            "chapter": 20,
            "school": 1,
            "description": "This assignment covers an introduction to volume of combination of solids. It includes problems related to combining volumes of solids like cylinders, spheres, cones and cuboids.",
            "number": 2,
            "standard": 3, 
            "questions": [
                542,
                543, 
                544
            ], 
            "subject": 1
        },
        "model": "core.assignmentquestionslist", 
        "pk": 95
    }, 
    {
        "fields": {
            "chapter": 20,
            "school": 1,
            "description": "This assignment covers conversion of solid from one shape to another. It includes coversion of shapes like cylinders, spheres, cones and cuboids.",
            "number": 3,
            "standard": 3, 
            "questions": [
                545,
                546, 
                547
            ], 
            "subject": 1
        },
        "model": "core.assignmentquestionslist", 
        "pk": 96
    }, 
    {
        "fields": {
            "chapter": 18,
            "school": 1,
            "description": "This assignment covers basics of polynomials. It includes questions related to definition of a polynomial and zeros of a polynomial.",
            "number": 1,
            "standard": 3, 
            "questions": [
                548, 
                549
            ], 
            "subject": 1
        },
        "model": "core.assignmentquestionslist", 
        "pk": 97
    }, 
    {
        "fields": {
            "chapter": 18,
            "school": 1,
            "description": "This assignment covers questions on relationship between zeroes and coefficients of a polynomial. It includes questions related to sum and product of zeroes of cubic and quadratic equations.",
            "number": 2,
            "standard": 3, 
            "questions": [
                550,
                551, 
                552
            ], 
            "subject": 1
        },
        "model": "core.assignmentquestionslist", 
        "pk": 98
    }
]