[
{
    "fields": {
        "name": "Student"
    },
    "model": "core.group",
    "pk": 1
},
{
    "fields": {
        "name": "Teacher"
    },
    "model": "core.group",
    "pk": 2
},
{
    "fields": {
        "name": "Parent"
    },
    "model": "core.group",
    "pk": 3
},
{
    "fields": {
        "name": "Admin"
    },
    "model": "core.group",
    "pk": 4
},
{
    "fields": {
        "name": "CBSE"
    },
    "model": "core.board",
    "pk": 1
},
{
    "fields": {
        "name": "ICSE"
    },
    "model": "core.board",
    "pk": 2
},
{
    "fields": {
        "number": 8
    },
    "model": "core.standard",
    "pk": 1
},
{
    "fields": {
        "number": 9
    },
    "model": "core.standard",
    "pk": 2
},
{
    "fields": {
        "number": 10
    },
    "model": "core.standard",
    "pk": 3
},
{
    "fields": {
        "name": "Math"
    },
    "model": "core.subject",
    "pk": 1
},
{
    "fields": {
        "name": "Physics"
    },
    "model": "core.subject",
    "pk": 2
},
{
    "fields": {
        "name": "Science"
    },
    "model": "core.subject",
    "pk": 3
},
{
    "fields": {
        "name": "Social Science"
    },
    "model": "core.subject",
    "pk": 4
},
{
    "fields": {
        "name": "Second Language"
    },
    "model": "core.subject",
    "pk": 5
},
{
    "fields": {
        "name": "English"
    },
    "model": "core.subject",
    "pk": 6
},
{
    "fields": {
        "name": "FIT"
    },
    "model": "core.subject",
    "pk": 7
},
{
    "fields": {
        "name": "Geometry"
    },
    "model": "core.chapter",
    "pk": 1
},
{
    "fields": {
        "name": "Algebra"
    },
    "model": "core.chapter",
    "pk": 2
},
{
    "fields": {
        "name": "Static Electricity"
    },
    "model": "core.chapter",
    "pk": 3
},
{
    "fields": {
        "name": "Thermodynamics"
    },
    "model": "core.chapter",
    "pk": 4
},
{
    "fields": {
        "name": "Essay"
    },
    "model": "core.chapter",
    "pk": 5
},
{
    "fields": {
        "name": "Memo"
    },
    "model": "core.chapter",
    "pk": 6
},
{
    "fields": {
        "name": "Poster"
    },
    "model": "core.chapter",
    "pk": 7
},
{
    "fields": {
        "name": "Formal Letter"
    },
    "model": "core.chapter",
    "pk": 8
},
{
    "fields": {
        "name": "Grammar "
    },
    "model": "core.chapter",
    "pk": 9
},
{
    "fields": {
        "name": "OOPS"
    },
    "model": "core.chapter",
    "pk": 10
},
{
    "fields": {
        "name": "Indentation"
    },
    "model": "core.chapter",
    "pk": 11
},
{
    "fields": {
        "name": "Data Types"
    },
    "model": "core.chapter",
    "pk": 12
},
{
    "fields": {
        "name": "History of Programming"
    },
    "model": "core.chapter",
    "pk": 13
},
{
    "fields": {
        "name": "Websites"
    },
    "model": "core.chapter",
    "pk": 14
},
{
    "fields": {
        "name": "Integration"
    },
    "model": "core.chapter",
    "pk": 15
},
{
    "fields": {
        "name": "differentiation "
    },
    "model": "core.chapter",
    "pk": 16
},
{
    "fields": {
        "name": "Permutation and Combination"
    },
    "model": "core.chapter",
    "pk": 17
},
{
    "fields": {
        "name": "Physics"
    },
    "model": "core.chapter",
    "pk": 18
},
{
    "fields": {
        "name": "Chem"
    },
    "model": "core.chapter",
    "pk": 19
},
{
    "fields": {
        "name": "Biology"
    },
    "model": "core.chapter",
    "pk": 20
},
{
    "fields": {
        "name": "Zoology"
    },
    "model": "core.chapter",
    "pk": 21
},
{
    "fields": {
        "name": "Neurology  "
    },
    "model": "core.chapter",
    "pk": 22
},
{
    "fields": {
        "name": "verbs"
    },
    "model": "core.chapter",
    "pk": 23
},
{
    "fields": {
        "name": "adverb"
    },
    "model": "core.chapter",
    "pk": 24
},
{
    "fields": {
        "name": "conjugation"
    },
    "model": "core.chapter",
    "pk": 25
},
{
    "fields": {
        "name": "sentence construction"
    },
    "model": "core.chapter",
    "pk": 26
},
{
    "fields": {
        "name": "pronunciation "
    },
    "model": "core.chapter",
    "pk": 27
},
{
    "fields": {
        "name": "History"
    },
    "model": "core.chapter",
    "pk": 28
},
{
    "fields": {
        "name": "Geography"
    },
    "model": "core.chapter",
    "pk": 29
},
{
    "fields": {
        "name": "Economics"
    },
    "model": "core.chapter",
    "pk": 30
},
{
    "fields": {
        "name": "Politics"
    },
    "model": "core.chapter",
    "pk": 31
},
{
    "fields": {
        "name": "Taxes"
    },
    "model": "core.chapter",
    "pk": 32
},
{
    "fields": {
        "name": "Format"
    },
    "model": "core.questiontag",
    "pk": 1
},
{
    "fields": {
        "name": "Memo Format"
    },
    "model": "core.questiontag",
    "pk": 2
},
{
    "fields": {
        "name": "Poster Format"
    },
    "model": "core.questiontag",
    "pk": 3
},
{
    "fields": {
        "name": "Letter Format"
    },
    "model": "core.questiontag",
    "pk": 4
},
{
    "fields": {
        "name": "Gen Grammar"
    },
    "model": "core.questiontag",
    "pk": 5
},
{
    "fields": {
        "name": "Java"
    },
    "model": "core.questiontag",
    "pk": 6
},
{
    "fields": {
        "name": "Python"
    },
    "model": "core.questiontag",
    "pk": 7
},
{
    "fields": {
        "name": "C++"
    },
    "model": "core.questiontag",
    "pk": 8
},
{
    "fields": {
        "name": "Assembly"
    },
    "model": "core.questiontag",
    "pk": 9
},
{
    "fields": {
        "name": "HTML"
    },
    "model": "core.questiontag",
    "pk": 10
},
{
    "fields": {
        "name": "tag1"
    },
    "model": "core.questiontag",
    "pk": 11
},
{
    "fields": {
        "name": "tag2"
    },
    "model": "core.questiontag",
    "pk": 12
},
{
    "fields": {
        "name": "Similar Triangle "
    },
    "model": "core.questiontag",
    "pk": 13
},
{
    "fields": {
        "name": "example"
    },
    "model": "core.questiontag",
    "pk": 14
},
{
    "fields": {
        "name": "tag3"
    },
    "model": "core.questiontag",
    "pk": 15
},
{
    "fields": {
        "name": "PnC1"
    },
    "model": "core.questiontag",
    "pk": 16
},
{
    "fields": {
        "name": "Thermo"
    },
    "model": "core.questiontag",
    "pk": 17
},
{
    "fields": {
        "name": "Periodic Table"
    },
    "model": "core.questiontag",
    "pk": 18
},
{
    "fields": {
        "name": "DNA-RNA"
    },
    "model": "core.questiontag",
    "pk": 19
},
{
    "fields": {
        "name": "Animal Anotomy"
    },
    "model": "core.questiontag",
    "pk": 20
},
{
    "fields": {
        "name": "CNS"
    },
    "model": "core.questiontag",
    "pk": 21
},
{
    "fields": {
        "name": "actions"
    },
    "model": "core.questiontag",
    "pk": 22
},
{
    "fields": {
        "name": "practice"
    },
    "model": "core.questiontag",
    "pk": 23
},
{
    "fields": {
        "name": "practice1"
    },
    "model": "core.questiontag",
    "pk": 24
},
{
    "fields": {
        "name": "practice 3"
    },
    "model": "core.questiontag",
    "pk": 25
},
{
    "fields": {
        "name": "practice2"
    },
    "model": "core.questiontag",
    "pk": 26
},
{
    "fields": {
        "name": "Wars"
    },
    "model": "core.questiontag",
    "pk": 27
},
{
    "fields": {
        "name": "Floods"
    },
    "model": "core.questiontag",
    "pk": 28
},
{
    "fields": {
        "name": "Money Making"
    },
    "model": "core.questiontag",
    "pk": 29
},
{
    "fields": {
        "name": "Parliament "
    },
    "model": "core.questiontag",
    "pk": 30
},
{
    "fields": {
        "name": "Black Money"
    },
    "model": "core.questiontag",
    "pk": 31
},
{
    "fields": {
        "chapter": 1,
        "school": 1,
        "subject": 1,
        "tags": [],
        "standard": 1
    },
    "model": "core.question",
    "pk": 6
},
{
    "fields": {
        "chapter": 1,
        "school": 1,
        "subject": 1,
        "tags": [],
        "standard": 1
    },
    "model": "core.question",
    "pk": 7
},
{
    "fields": {
        "chapter": 1,
        "school": 1,
        "subject": 1,
        "tags": [],
        "standard": 1
    },
    "model": "core.question",
    "pk": 8
},
{
    "fields": {
        "chapter": 1,
        "school": 1,
        "subject": 1,
        "tags": [],
        "standard": 1
    },
    "model": "core.question",
    "pk": 9
},
{
    "fields": {
        "chapter": 4,
        "school": 1,
        "subject": 2,
        "tags": [],
        "standard": 2
    },
    "model": "core.question",
    "pk": 10
},
{
    "fields": {
        "chapter": 5,
        "school": 1,
        "subject": 6,
        "tags": [
            1
        ],
        "standard": 3
    },
    "model": "core.question",
    "pk": 11
},
{
    "fields": {
        "chapter": 6,
        "school": 1,
        "subject": 6,
        "tags": [
            2
        ],
        "standard": 3
    },
    "model": "core.question",
    "pk": 12
},
{
    "fields": {
        "chapter": 7,
        "school": 1,
        "subject": 6,
        "tags": [
            3
        ],
        "standard": 3
    },
    "model": "core.question",
    "pk": 13
},
{
    "fields": {
        "chapter": 8,
        "school": 1,
        "subject": 6,
        "tags": [
            4
        ],
        "standard": 3
    },
    "model": "core.question",
    "pk": 14
},
{
    "fields": {
        "chapter": 9,
        "school": 1,
        "subject": 6,
        "tags": [
            5
        ],
        "standard": 3
    },
    "model": "core.question",
    "pk": 15
},
{
    "fields": {
        "chapter": 10,
        "school": 1,
        "subject": 7,
        "tags": [
            6
        ],
        "standard": 3
    },
    "model": "core.question",
    "pk": 16
},
{
    "fields": {
        "chapter": 11,
        "school": 1,
        "subject": 7,
        "tags": [
            7
        ],
        "standard": 3
    },
    "model": "core.question",
    "pk": 17
},
{
    "fields": {
        "chapter": 12,
        "school": 1,
        "subject": 7,
        "tags": [
            8
        ],
        "standard": 3
    },
    "model": "core.question",
    "pk": 18
},
{
    "fields": {
        "chapter": 13,
        "school": 1,
        "subject": 7,
        "tags": [
            9
        ],
        "standard": 3
    },
    "model": "core.question",
    "pk": 19
},
{
    "fields": {
        "chapter": 14,
        "school": 1,
        "subject": 7,
        "tags": [
            10
        ],
        "standard": 3
    },
    "model": "core.question",
    "pk": 20
},
{
    "fields": {
        "chapter": 2,
        "school": 1,
        "subject": 1,
        "tags": [
            11
        ],
        "standard": 3
    },
    "model": "core.question",
    "pk": 21
},
{
    "fields": {
        "chapter": 2,
        "school": 1,
        "subject": 1,
        "tags": [
            12
        ],
        "standard": 3
    },
    "model": "core.question",
    "pk": 22
},
{
    "fields": {
        "chapter": 1,
        "school": 1,
        "subject": 1,
        "tags": [
            13
        ],
        "standard": 3
    },
    "model": "core.question",
    "pk": 23
},
{
    "fields": {
        "chapter": 15,
        "school": 1,
        "subject": 1,
        "tags": [
            14
        ],
        "standard": 3
    },
    "model": "core.question",
    "pk": 24
},
{
    "fields": {
        "chapter": 16,
        "school": 1,
        "subject": 1,
        "tags": [
            15
        ],
        "standard": 3
    },
    "model": "core.question",
    "pk": 25
},
{
    "fields": {
        "chapter": 17,
        "school": 1,
        "subject": 1,
        "tags": [
            16
        ],
        "standard": 3
    },
    "model": "core.question",
    "pk": 26
},
{
    "fields": {
        "chapter": 18,
        "school": 1,
        "subject": 3,
        "tags": [
            17
        ],
        "standard": 3
    },
    "model": "core.question",
    "pk": 27
},
{
    "fields": {
        "chapter": 19,
        "school": 1,
        "subject": 3,
        "tags": [
            18
        ],
        "standard": 3
    },
    "model": "core.question",
    "pk": 28
},
{
    "fields": {
        "chapter": 20,
        "school": 1,
        "subject": 3,
        "tags": [
            19
        ],
        "standard": 3
    },
    "model": "core.question",
    "pk": 29
},
{
    "fields": {
        "chapter": 21,
        "school": 1,
        "subject": 3,
        "tags": [
            20
        ],
        "standard": 3
    },
    "model": "core.question",
    "pk": 30
},
{
    "fields": {
        "chapter": 22,
        "school": 1,
        "subject": 3,
        "tags": [
            21
        ],
        "standard": 3
    },
    "model": "core.question",
    "pk": 31
},
{
    "fields": {
        "chapter": 23,
        "school": 1,
        "subject": 5,
        "tags": [
            22
        ],
        "standard": 3
    },
    "model": "core.question",
    "pk": 32
},
{
    "fields": {
        "chapter": 24,
        "school": 1,
        "subject": 5,
        "tags": [
            23
        ],
        "standard": 3
    },
    "model": "core.question",
    "pk": 33
},
{
    "fields": {
        "chapter": 25,
        "school": 1,
        "subject": 5,
        "tags": [
            24
        ],
        "standard": 3
    },
    "model": "core.question",
    "pk": 34
},
{
    "fields": {
        "chapter": 26,
        "school": 1,
        "subject": 5,
        "tags": [
            25
        ],
        "standard": 3
    },
    "model": "core.question",
    "pk": 35
},
{
    "fields": {
        "chapter": 27,
        "school": 1,
        "subject": 5,
        "tags": [
            26
        ],
        "standard": 3
    },
    "model": "core.question",
    "pk": 36
},
{
    "fields": {
        "chapter": 28,
        "school": 1,
        "subject": 4,
        "tags": [
            27
        ],
        "standard": 3
    },
    "model": "core.question",
    "pk": 37
},
{
    "fields": {
        "chapter": 29,
        "school": 1,
        "subject": 4,
        "tags": [
            28
        ],
        "standard": 3
    },
    "model": "core.question",
    "pk": 38
},
{
    "fields": {
        "chapter": 30,
        "school": 1,
        "subject": 4,
        "tags": [
            29
        ],
        "standard": 3
    },
    "model": "core.question",
    "pk": 39
},
{
    "fields": {
        "chapter": 31,
        "school": 1,
        "subject": 4,
        "tags": [
            30
        ],
        "standard": 3
    },
    "model": "core.question",
    "pk": 40
},
{
    "fields": {
        "chapter": 32,
        "school": 1,
        "subject": 4,
        "tags": [
            31
        ],
        "standard": 3
    },
    "model": "core.question",
    "pk": 41
},
{
    "fields": {
        "school": 1,
        "description": "Test AQL Description 1",
        "number": 1,
        "standard": 1,
        "questions": [
            6,
            8
        ],
        "subject": 1
    },
    "model": "core.assignmentquestionslist",
    "pk": 1
},
{
    "fields": {
        "school": 1,
        "description": "Test AQL Description 2",
        "number": 1,
        "standard": 1,
        "questions": [
            6,
            7,
            8,
            9
        ],
        "subject": 1
    },
    "model": "core.assignmentquestionslist",
    "pk": 2
},
{
    "fields": {
        "school": 1,
        "description": "Test AQL Description 3",
        "number": 1,
        "standard": 2,
        "questions": [
            10
        ],
        "subject": 2
    },
    "model": "core.assignmentquestionslist",
    "pk": 3
},
{
    "fields": {
        "school": 1,
        "description": "Solve!",
        "number": 1,
        "standard": 3,
        "questions": [
            11
        ],
        "subject": 6
    },
    "model": "core.assignmentquestionslist",
    "pk": 4
},
{
    "fields": {
        "school": 1,
        "description": "Solve",
        "number": 1,
        "standard": 3,
        "questions": [
            12
        ],
        "subject": 6
    },
    "model": "core.assignmentquestionslist",
    "pk": 5
},
{
    "fields": {
        "school": 1,
        "description": "Solve!",
        "number": 1,
        "standard": 3,
        "questions": [
            13
        ],
        "subject": 6
    },
    "model": "core.assignmentquestionslist",
    "pk": 6
},
{
    "fields": {
        "school": 1,
        "description": "Solve!",
        "number": 1,
        "standard": 3,
        "questions": [
            14
        ],
        "subject": 6
    },
    "model": "core.assignmentquestionslist",
    "pk": 7
},
{
    "fields": {
        "school": 1,
        "description": "Solve!",
        "number": 1,
        "standard": 3,
        "questions": [
            15
        ],
        "subject": 6
    },
    "model": "core.assignmentquestionslist",
    "pk": 8
},
{
    "fields": {
        "school": 1,
        "description": "Solve!",
        "number": 1,
        "standard": 3,
        "questions": [
            16
        ],
        "subject": 7
    },
    "model": "core.assignmentquestionslist",
    "pk": 9
},
{
    "fields": {
        "school": 1,
        "description": "Solve!",
        "number": 1,
        "standard": 3,
        "questions": [
            17
        ],
        "subject": 7
    },
    "model": "core.assignmentquestionslist",
    "pk": 10
},
{
    "fields": {
        "school": 1,
        "description": "Solve!",
        "number": 1,
        "standard": 3,
        "questions": [
            18
        ],
        "subject": 7
    },
    "model": "core.assignmentquestionslist",
    "pk": 11
},
{
    "fields": {
        "school": 1,
        "description": "Solve!",
        "number": 1,
        "standard": 3,
        "questions": [
            19
        ],
        "subject": 7
    },
    "model": "core.assignmentquestionslist",
    "pk": 12
},
{
    "fields": {
        "school": 1,
        "description": "Solve!",
        "number": 1,
        "standard": 3,
        "questions": [
            20
        ],
        "subject": 7
    },
    "model": "core.assignmentquestionslist",
    "pk": 13
},
{
    "fields": {
        "school": 1,
        "description": "Solve some math\r\n",
        "number": 1,
        "standard": 3,
        "questions": [
            21,
            22
        ],
        "subject": 1
    },
    "model": "core.assignmentquestionslist",
    "pk": 14
},
{
    "fields": {
        "school": 1,
        "description": "Solve some more math",
        "number": 1,
        "standard": 3,
        "questions": [
            23
        ],
        "subject": 1
    },
    "model": "core.assignmentquestionslist",
    "pk": 15
},
{
    "fields": {
        "school": 1,
        "description": "even more math",
        "number": 1,
        "standard": 3,
        "questions": [
            24
        ],
        "subject": 1
    },
    "model": "core.assignmentquestionslist",
    "pk": 16
},
{
    "fields": {
        "school": 1,
        "description": "EVEN MORE MATH!",
        "number": 1,
        "standard": 3,
        "questions": [
            25
        ],
        "subject": 1
    },
    "model": "core.assignmentquestionslist",
    "pk": 17
},
{
    "fields": {
        "school": 1,
        "description": "Final bunch of math",
        "number": 1,
        "standard": 3,
        "questions": [
            26
        ],
        "subject": 1
    },
    "model": "core.assignmentquestionslist",
    "pk": 18
},
{
    "fields": {
        "school": 1,
        "description": "science!",
        "number": 1,
        "standard": 3,
        "questions": [
            27
        ],
        "subject": 3
    },
    "model": "core.assignmentquestionslist",
    "pk": 19
},
{
    "fields": {
        "school": 1,
        "description": "science",
        "number": 1,
        "standard": 3,
        "questions": [
            28
        ],
        "subject": 3
    },
    "model": "core.assignmentquestionslist",
    "pk": 20
},
{
    "fields": {
        "school": 1,
        "description": "science",
        "number": 1,
        "standard": 3,
        "questions": [
            29
        ],
        "subject": 3
    },
    "model": "core.assignmentquestionslist",
    "pk": 21
},
{
    "fields": {
        "school": 1,
        "description": "science!",
        "number": 1,
        "standard": 3,
        "questions": [
            30
        ],
        "subject": 3
    },
    "model": "core.assignmentquestionslist",
    "pk": 22
},
{
    "fields": {
        "school": 1,
        "description": "science",
        "number": 1,
        "standard": 3,
        "questions": [
            31
        ],
        "subject": 3
    },
    "model": "core.assignmentquestionslist",
    "pk": 23
},
{
    "fields": {
        "school": 1,
        "description": "solve",
        "number": 1,
        "standard": 3,
        "questions": [
            32
        ],
        "subject": 5
    },
    "model": "core.assignmentquestionslist",
    "pk": 24
},
{
    "fields": {
        "school": 1,
        "description": "solve",
        "number": 1,
        "standard": 3,
        "questions": [
            33
        ],
        "subject": 5
    },
    "model": "core.assignmentquestionslist",
    "pk": 25
},
{
    "fields": {
        "school": 1,
        "description": "solve",
        "number": 1,
        "standard": 3,
        "questions": [
            34
        ],
        "subject": 5
    },
    "model": "core.assignmentquestionslist",
    "pk": 26
},
{
    "fields": {
        "school": 1,
        "description": "solve",
        "number": 1,
        "standard": 3,
        "questions": [
            35
        ],
        "subject": 5
    },
    "model": "core.assignmentquestionslist",
    "pk": 27
},
{
    "fields": {
        "school": 1,
        "description": "solve",
        "number": 1,
        "standard": 3,
        "questions": [
            36
        ],
        "subject": 5
    },
    "model": "core.assignmentquestionslist",
    "pk": 28
},
{
    "fields": {
        "school": 1,
        "description": "solve",
        "number": 1,
        "standard": 3,
        "questions": [
            37
        ],
        "subject": 4
    },
    "model": "core.assignmentquestionslist",
    "pk": 29
},
{
    "fields": {
        "school": 1,
        "description": "solve",
        "number": 1,
        "standard": 3,
        "questions": [
            38
        ],
        "subject": 4
    },
    "model": "core.assignmentquestionslist",
    "pk": 30
},
{
    "fields": {
        "school": 1,
        "description": "solve\r\n",
        "number": 1,
        "standard": 3,
        "questions": [
            39
        ],
        "subject": 4
    },
    "model": "core.assignmentquestionslist",
    "pk": 31
},
{
    "fields": {
        "school": 1,
        "description": "solve\r\n",
        "number": 1,
        "standard": 3,
        "questions": [
            40
        ],
        "subject": 4
    },
    "model": "core.assignmentquestionslist",
    "pk": 32
},
{
    "fields": {
        "school": 1,
        "description": "solve\r\n",
        "number": 1,
        "standard": 3,
        "questions": [
            41
        ],
        "subject": 4
    },
    "model": "core.assignmentquestionslist",
    "pk": 33
},
{
    "fields": {
        "assigned": "2015-10-23T22:08:56Z",
        "assignmentQuestionsList": 1,
        "subjectRoom": 3,
        "average": null,
        "due": "2015-11-22T23:08:56Z"
    },
    "model": "core.assignment",
    "pk": 1
},
{
    "fields": {
        "assigned": "2015-06-05T13:44:55Z",
        "assignmentQuestionsList": 3,
        "subjectRoom": 2,
        "average": 0.3,
        "due": "2015-06-12T11:00:00Z"
    },
    "model": "core.assignment",
    "pk": 2
},
{
    "fields": {
        "assigned": "2015-06-05T19:42:08Z",
        "assignmentQuestionsList": 3,
        "subjectRoom": 2,
        "average": 0.4,
        "due": "2015-06-17T19:42:11Z"
    },
    "model": "core.assignment",
    "pk": 3
},
{
    "fields": {
        "assigned": "2015-06-05T17:00:00Z",
        "assignmentQuestionsList": 3,
        "subjectRoom": 2,
        "average": 0.5,
        "due": "2015-06-17T19:43:06Z"
    },
    "model": "core.assignment",
    "pk": 4
},
{
    "fields": {
        "assigned": "2015-06-05T19:43:33Z",
        "assignmentQuestionsList": 2,
        "subjectRoom": 3,
        "average": 0.6,
        "due": "2015-06-10T19:43:41Z"
    },
    "model": "core.assignment",
    "pk": 5
},
{
    "fields": {
        "assigned": "2015-06-05T19:44:00Z",
        "assignmentQuestionsList": 2,
        "subjectRoom": 3,
        "average": 0.77,
        "due": "2015-06-30T19:44:04Z"
    },
    "model": "core.assignment",
    "pk": 6
},
{
    "fields": {
        "assigned": "2015-06-06T19:44:21Z",
        "assignmentQuestionsList": 1,
        "subjectRoom": 3,
        "average": 0.4,
        "due": "2015-06-18T19:44:25Z"
    },
    "model": "core.assignment",
    "pk": 7
},
{
    "fields": {
        "assigned": "2015-06-19T19:23:47Z",
        "assignmentQuestionsList": 1,
        "subjectRoom": 3,
        "average": 0.3,
        "due": "2015-06-19T19:23:49Z"
    },
    "model": "core.assignment",
    "pk": 8
},
{
    "fields": {
        "assigned": "2015-07-13T05:31:05Z",
        "assignmentQuestionsList": 14,
        "subjectRoom": 4,
        "average": 0.87,
        "due": "2015-07-14T05:31:04Z"
    },
    "model": "core.assignment",
    "pk": 9
},
{
    "fields": {
        "assigned": "2015-07-13T05:32:34Z",
        "assignmentQuestionsList": 15,
        "subjectRoom": 4,
        "average": 0.83,
        "due": "2015-07-15T05:32:39Z"
    },
    "model": "core.assignment",
    "pk": 10
},
{
    "fields": {
        "assigned": "2015-07-13T05:33:02Z",
        "assignmentQuestionsList": 16,
        "subjectRoom": 4,
        "average": 0.85,
        "due": "2015-07-16T05:33:20Z"
    },
    "model": "core.assignment",
    "pk": 11
},
{
    "fields": {
        "assigned": "2015-07-13T05:33:31Z",
        "assignmentQuestionsList": 17,
        "subjectRoom": 4,
        "average": 0.89,
        "due": "2015-07-18T05:33:39Z"
    },
    "model": "core.assignment",
    "pk": 12
},
{
    "fields": {
        "assigned": "2015-07-13T05:33:56Z",
        "assignmentQuestionsList": 18,
        "subjectRoom": 4,
        "average": 0.11,
        "due": "2015-07-31T05:34:00Z"
    },
    "model": "core.assignment",
    "pk": 13
},
{
    "fields": {
        "assigned": "2015-07-13T05:34:26Z",
        "assignmentQuestionsList": 19,
        "subjectRoom": 5,
        "average": 0.99,
        "due": "2015-07-14T05:34:29Z"
    },
    "model": "core.assignment",
    "pk": 14
},
{
    "fields": {
        "assigned": "2015-07-13T05:34:45Z",
        "assignmentQuestionsList": 20,
        "subjectRoom": 5,
        "average": 0.84,
        "due": "2015-07-23T05:34:50Z"
    },
    "model": "core.assignment",
    "pk": 15
},
{
    "fields": {
        "assigned": "2015-07-13T05:35:14Z",
        "assignmentQuestionsList": 21,
        "subjectRoom": 5,
        "average": 0.81,
        "due": "2015-07-20T05:35:17Z"
    },
    "model": "core.assignment",
    "pk": 16
},
{
    "fields": {
        "assigned": "2015-07-13T05:35:33Z",
        "assignmentQuestionsList": 22,
        "subjectRoom": 5,
        "average": 0.77,
        "due": "2015-07-16T05:35:50Z"
    },
    "model": "core.assignment",
    "pk": 17
},
{
    "fields": {
        "assigned": "2015-07-13T05:36:03Z",
        "assignmentQuestionsList": 23,
        "subjectRoom": 5,
        "average": 0.91,
        "due": "2015-07-20T05:36:10Z"
    },
    "model": "core.assignment",
    "pk": 18
},
{
    "fields": {
        "assigned": "2015-07-13T05:36:29Z",
        "assignmentQuestionsList": 29,
        "subjectRoom": 6,
        "average": 0.89,
        "due": "2015-07-16T05:36:54Z"
    },
    "model": "core.assignment",
    "pk": 19
},
{
    "fields": {
        "assigned": "2015-07-13T05:37:13Z",
        "assignmentQuestionsList": 30,
        "subjectRoom": 6,
        "average": 0.82,
        "due": "2015-07-23T05:37:16Z"
    },
    "model": "core.assignment",
    "pk": 20
},
{
    "fields": {
        "assigned": "2015-07-13T05:37:29Z",
        "assignmentQuestionsList": 31,
        "subjectRoom": 6,
        "average": 0.88,
        "due": "2015-07-17T05:37:33Z"
    },
    "model": "core.assignment",
    "pk": 21
},
{
    "fields": {
        "assigned": "2015-07-13T05:37:48Z",
        "assignmentQuestionsList": 32,
        "subjectRoom": 6,
        "average": 0.94,
        "due": "2015-07-20T05:37:52Z"
    },
    "model": "core.assignment",
    "pk": 22
},
{
    "fields": {
        "assigned": "2015-07-13T05:38:03Z",
        "assignmentQuestionsList": 33,
        "subjectRoom": 6,
        "average": 0.14,
        "due": "2015-07-25T05:38:06Z"
    },
    "model": "core.assignment",
    "pk": 23
},
{
    "fields": {
        "assigned": "2015-07-13T05:38:23Z",
        "assignmentQuestionsList": 4,
        "subjectRoom": 7,
        "average": 0.86,
        "due": "2015-07-27T05:38:32Z"
    },
    "model": "core.assignment",
    "pk": 24
},
{
    "fields": {
        "assigned": "2015-07-13T05:38:52Z",
        "assignmentQuestionsList": 5,
        "subjectRoom": 7,
        "average": 0.93,
        "due": "2015-07-16T05:39:03Z"
    },
    "model": "core.assignment",
    "pk": 25
},
{
    "fields": {
        "assigned": "2015-07-13T05:39:19Z",
        "assignmentQuestionsList": 6,
        "subjectRoom": 7,
        "average": 0.96,
        "due": "2015-07-27T05:39:24Z"
    },
    "model": "core.assignment",
    "pk": 26
},
{
    "fields": {
        "assigned": "2015-07-13T05:39:36Z",
        "assignmentQuestionsList": 7,
        "subjectRoom": 7,
        "average": 0.86,
        "due": "2015-07-20T05:39:41Z"
    },
    "model": "core.assignment",
    "pk": 27
},
{
    "fields": {
        "assigned": "2015-07-13T05:39:56Z",
        "assignmentQuestionsList": 8,
        "subjectRoom": 7,
        "average": 0.87,
        "due": "2015-07-18T05:40:00Z"
    },
    "model": "core.assignment",
    "pk": 28
},
{
    "fields": {
        "assigned": "2015-07-13T05:40:15Z",
        "assignmentQuestionsList": 24,
        "subjectRoom": 8,
        "average": 0.97,
        "due": "2015-07-21T05:40:18Z"
    },
    "model": "core.assignment",
    "pk": 29
},
{
    "fields": {
        "assigned": "2015-07-13T05:40:37Z",
        "assignmentQuestionsList": 25,
        "subjectRoom": 8,
        "average": 0.84,
        "due": "2015-07-26T05:40:41Z"
    },
    "model": "core.assignment",
    "pk": 30
},
{
    "fields": {
        "assigned": "2015-07-13T05:40:56Z",
        "assignmentQuestionsList": 26,
        "subjectRoom": 8,
        "average": 0.92,
        "due": "2015-07-17T05:40:59Z"
    },
    "model": "core.assignment",
    "pk": 31
},
{
    "fields": {
        "assigned": "2015-07-13T05:41:12Z",
        "assignmentQuestionsList": 27,
        "subjectRoom": 8,
        "average": 0.88,
        "due": "2015-07-19T05:41:19Z"
    },
    "model": "core.assignment",
    "pk": 32
},
{
    "fields": {
        "assigned": "2015-07-13T05:41:35Z",
        "assignmentQuestionsList": 28,
        "subjectRoom": 8,
        "average": 0.75,
        "due": "2015-07-19T05:41:38Z"
    },
    "model": "core.assignment",
    "pk": 33
},
{
    "fields": {
        "assigned": "2015-07-13T05:42:05Z",
        "assignmentQuestionsList": 9,
        "subjectRoom": 9,
        "average": 0.67,
        "due": "2015-07-20T05:42:14Z"
    },
    "model": "core.assignment",
    "pk": 34
},
{
    "fields": {
        "assigned": "2015-07-13T05:42:27Z",
        "assignmentQuestionsList": 10,
        "subjectRoom": 9,
        "average": 0.89,
        "due": "2015-07-14T05:42:30Z"
    },
    "model": "core.assignment",
    "pk": 35
},
{
    "fields": {
        "assigned": "2015-07-13T05:42:46Z",
        "assignmentQuestionsList": 11,
        "subjectRoom": 9,
        "average": 0.91,
        "due": "2015-07-22T05:42:49Z"
    },
    "model": "core.assignment",
    "pk": 36
},
{
    "fields": {
        "assigned": "2015-07-13T05:42:59Z",
        "assignmentQuestionsList": 12,
        "subjectRoom": 9,
        "average": 0.85,
        "due": "2015-07-24T05:43:04Z"
    },
    "model": "core.assignment",
    "pk": 37
},
{
    "fields": {
        "assigned": "2015-07-13T05:43:21Z",
        "assignmentQuestionsList": 13,
        "subjectRoom": 9,
        "average": 0.98,
        "due": "2015-07-20T05:43:24Z"
    },
    "model": "core.assignment",
    "pk": 38
},
{
    "fields": {
        "timestamp": "2015-06-09T05:53:33Z",
        "message": "school-wide announcement 1",
        "object_id": 1,
        "content_type": [
            "core",
            "school"
        ]
    },
    "model": "core.announcement",
    "pk": 7
},
{
    "fields": {
        "timestamp": "2015-06-09T05:54:36Z",
        "message": "school-wide announcement 2",
        "object_id": 1,
        "content_type": [
            "core",
            "school"
        ]
    },
    "model": "core.announcement",
    "pk": 8
},
{
    "fields": {
        "timestamp": "2015-06-09T06:02:23Z",
        "message": "classroom announcement",
        "object_id": 1,
        "content_type": [
            "core",
            "classroom"
        ]
    },
    "model": "core.announcement",
    "pk": 9
},
{
    "fields": {
        "timestamp": "2015-12-09T06:02:23Z",
        "message": "subjectroom announcement",
        "object_id": 1,
        "content_type": [
            "core",
            "subjectroom"
        ]
    },
    "model": "core.announcement",
    "pk": 10
},
{
    "fields": {
        "username": "testAdmin1",
        "first_name": "test",
        "last_name": "admin",
        "is_active": true,
        "is_superuser": false,
        "is_staff": false,
        "last_login": "2015-06-09T06:33:10Z",
        "groups": [],
        "user_permissions": [],
        "password": "pbkdf2_sha256$12000$1EGwKwmWrX4P$o2VREldg/8R7febwlDj7qLilInGIsAJS1G9EUXxiVwU=",
        "email": "test.admin@gmail.com",
        "date_joined": "2014-01-17T16:22:14Z"
    },
    "model": "auth.user",
    "pk": 11
},
{
    "fields": {
        "username": "testTeacher1",
        "first_name": "test",
        "last_name": "teacher",
        "is_active": true,
        "is_superuser": false,
        "is_staff": false,
        "last_login": "2015-07-10T12:09:46Z",
        "groups": [],
        "user_permissions": [],
        "password": "pbkdf2_sha256$20000$R5GVnZhppfyk$CTiwYhTWOAsL077v7YfA+w5wbj8vbJlTHLwocX2jRsU=",
        "email": "test.teacher@gmail.com",
        "date_joined": "2014-01-20T23:26:28Z"
    },
    "model": "auth.user",
    "pk": 12
},
{
    "fields": {
        "username": "testStudent1",
        "first_name": "test",
        "last_name": "student",
        "is_active": true,
        "is_superuser": false,
        "is_staff": false,
        "last_login": "2015-07-10T12:05:10Z",
        "groups": [],
        "user_permissions": [],
        "password": "pbkdf2_sha256$20000$h90lc28duB8c$o+rudzB6kt0CYI3kO7oswbylxN+62QYtbxXgljN/+pY=",
        "email": "test.student@gmail.com",
        "date_joined": "2014-01-20T23:26:56Z"
    },
    "model": "auth.user",
    "pk": 13
},
{
    "fields": {
        "username": "testParent1",
        "first_name": "test",
        "last_name": "parent",
        "is_active": true,
        "is_superuser": false,
        "is_staff": false,
        "last_login": "2015-06-09T06:30:49Z",
        "groups": [],
        "user_permissions": [],
        "password": "pbkdf2_sha256$12000$TSQxBSH1RceH$mCOlDPiOZTGA+/ZNfdj3QtPxaEIxnxeZ28DdSqrn3nE=",
        "email": "test.parent@gmail.com",
        "date_joined": "2014-01-20T23:27:34Z"
    },
    "model": "auth.user",
    "pk": 14
},
{
    "fields": {
        "username": "testTeacher2",
        "first_name": "test",
        "last_name": "teacher",
        "is_active": true,
        "is_superuser": false,
        "is_staff": false,
        "last_login": "2015-06-04T07:40:18Z",
        "groups": [],
        "user_permissions": [],
        "password": "pbkdf2_sha256$12000$YQLkjJYQ7KBR$O3ImW1YSLZjI9orlGPs92Z2bEBh53ON5SxroUZazmvc=",
        "email": "test.teacher2@gmail.com",
        "date_joined": "2014-10-02T12:04:48Z"
    },
    "model": "auth.user",
    "pk": 15
},
{
    "fields": {
        "username": "testTeacher3",
        "first_name": "test",
        "last_name": "teacher",
        "is_active": true,
        "is_superuser": false,
        "is_staff": false,
        "last_login": "2015-06-04T07:36:52Z",
        "groups": [],
        "user_permissions": [],
        "password": "pbkdf2_sha256$12000$Y8Y1zVu3s26h$xUYIoT39kqxZ7u4EPb1kPq1xJbu2ESPZ3c4hznCGSvs=",
        "email": "test.teacher3@gmail.com",
        "date_joined": "2014-10-02T12:05:33Z"
    },
    "model": "auth.user",
    "pk": 16
},
{
    "fields": {
        "username": "testTeacher4",
        "first_name": "test",
        "last_name": "teacher",
        "is_active": true,
        "is_superuser": false,
        "is_staff": false,
        "last_login": "2015-06-04T07:40:02Z",
        "groups": [],
        "user_permissions": [],
        "password": "pbkdf2_sha256$12000$wHmPwneiB9QP$BUJS91brig+dVyQIQgzUMxa/K4ONG1LwGcMsCuuFLxk=",
        "email": "test.teacher4@gmail.com",
        "date_joined": "2014-10-02T12:06:07Z"
    },
    "model": "auth.user",
    "pk": 17
},
{
    "fields": {
        "username": "testStudent2",
        "first_name": "test",
        "last_name": "student",
        "is_active": true,
        "is_superuser": false,
        "is_staff": false,
        "last_login": "2014-10-02T13:35:26Z",
        "groups": [],
        "user_permissions": [],
        "password": "pbkdf2_sha256$12000$TYlpi7dAhClz$BkIupnV+fsj6D0xHfAnu9oxMFD0voVBCCMZ8SmvLNHU=",
        "email": "test.student2@gmail.com",
        "date_joined": "2014-10-02T12:13:24Z"
    },
    "model": "auth.user",
    "pk": 18
},
{
    "fields": {
        "username": "testStudent3",
        "first_name": "test",
        "last_name": "student",
        "is_active": true,
        "is_superuser": false,
        "is_staff": false,
        "last_login": "2014-10-02T13:34:45Z",
        "groups": [],
        "user_permissions": [],
        "password": "pbkdf2_sha256$12000$djSl2kMvlHA5$3Hqj/7nKt0T7zmUlI1kKx+Osc+dA0k9o32O1eXlxTGg=",
        "email": "test.student3@gmail.com",
        "date_joined": "2014-10-02T12:41:25Z"
    },
    "model": "auth.user",
    "pk": 19
},
{
    "fields": {
        "username": "root",
        "first_name": "",
        "last_name": "",
        "is_active": true,
        "is_superuser": true,
        "is_staff": true,
        "last_login": "2015-07-15T04:07:37Z",
        "groups": [],
        "user_permissions": [],
        "password": "pbkdf2_sha256$20000$CHF9YWOQ0g2V$03n5ToyRbngjpVIY3Qrzn1AZIWjfi7IrKlP0Em2Utv4=",
        "email": "root@hwcentral.in",
        "date_joined": "2015-06-02T11:07:49Z"
    },
    "model": "auth.user",
    "pk": 20
},
{
    "fields": {
        "username": "testStudent5",
        "first_name": "test",
        "last_name": "student",
        "is_active": true,
        "is_superuser": false,
        "is_staff": false,
        "last_login": "2015-06-09T02:52:25Z",
        "groups": [],
        "user_permissions": [],
        "password": "pbkdf2_sha256$12000$zWa4bpzxNzp3$iVfsNfum3g+yCZVk7A8HJvbTaGOtBHVcQmPyjaUd5hY=",
        "email": "test.student5@gmail.com",
        "date_joined": "2015-06-09T02:52:25Z"
    },
    "model": "auth.user",
    "pk": 21
},
{
    "fields": {
        "username": "testStudent4",
        "first_name": "test",
        "last_name": "student",
        "is_active": true,
        "is_superuser": false,
        "is_staff": false,
        "last_login": "2015-06-09T03:00:36Z",
        "groups": [],
        "user_permissions": [],
        "password": "pbkdf2_sha256$12000$9h9ASKfXkEjG$Qa8vjlVOU+moLJROphR9BCjd14sSZnN25hHUFAXEzHQ=",
        "email": "test.student4@gmail.com",
        "date_joined": "2015-06-09T03:00:36Z"
    },
    "model": "auth.user",
    "pk": 22
},
{
    "fields": {
        "username": "testStudent6",
        "first_name": "test",
        "last_name": "student",
        "is_active": true,
        "is_superuser": false,
        "is_staff": false,
        "last_login": "2015-06-09T03:01:36Z",
        "groups": [],
        "user_permissions": [],
        "password": "pbkdf2_sha256$12000$KVVoXzyNxiIe$S3JdaKHzhf7mIzOruHBd64ZTMUsDo5/RLjvvebTiUFQ=",
        "email": "test.student6@gmail.com",
        "date_joined": "2015-06-09T03:01:36Z"
    },
    "model": "auth.user",
    "pk": 23
},
{
    "fields": {
        "username": "testStudent7",
        "first_name": "test",
        "last_name": "student",
        "is_active": true,
        "is_superuser": false,
        "is_staff": false,
        "last_login": "2015-06-09T03:01:56Z",
        "groups": [],
        "user_permissions": [],
        "password": "pbkdf2_sha256$12000$9Qwpp6ETUtRP$BE0BSRIeULIjwNlq4UrMtJvwhLeyaD3JO0zmxr9MXK4=",
        "email": "test.student7@gmail.com",
        "date_joined": "2015-06-09T03:01:56Z"
    },
    "model": "auth.user",
    "pk": 24
},
{
    "fields": {
        "username": "testStudent8",
        "first_name": "test",
        "last_name": "student",
        "is_active": true,
        "is_superuser": false,
        "is_staff": false,
        "last_login": "2015-06-09T03:02:16Z",
        "groups": [],
        "user_permissions": [],
        "password": "pbkdf2_sha256$12000$VMVNGbs7iMGD$m0EIlNDqVa4feEc5PsxsaelGVGEME5og65DqXT5XZ/w=",
        "email": "test.student8@gmail.com",
        "date_joined": "2015-06-09T03:02:16Z"
    },
    "model": "auth.user",
    "pk": 25
},
{
    "fields": {
        "username": "student_1",
        "first_name": "",
        "last_name": "",
        "is_active": true,
        "is_superuser": false,
        "is_staff": false,
        "last_login": "2015-07-13T10:00:50Z",
        "groups": [],
        "user_permissions": [],
        "password": "pbkdf2_sha256$20000$nqxrVAuvDdcj$IZ+kpv4GD9Z0YtDOJZ+0PQCLzRNPQhxbIO6u+1oeSEY=",
        "email": "",
        "date_joined": "2015-07-13T05:14:27Z"
    },
    "model": "auth.user",
    "pk": 26
},
{
    "fields": {
        "username": "student_2",
        "first_name": "",
        "last_name": "",
        "is_active": true,
        "is_superuser": false,
        "is_staff": false,
        "last_login": null,
        "groups": [],
        "user_permissions": [],
        "password": "pbkdf2_sha256$20000$P1sy9ppumEsT$hKUofUiRqdZkukrJdKttTXWYgGJoebEnD2R1USHMdVg=",
        "email": "",
        "date_joined": "2015-07-13T05:14:50Z"
    },
    "model": "auth.user",
    "pk": 27
},
{
    "fields": {
        "username": "student_3",
        "first_name": "",
        "last_name": "",
        "is_active": true,
        "is_superuser": false,
        "is_staff": false,
        "last_login": null,
        "groups": [],
        "user_permissions": [],
        "password": "pbkdf2_sha256$20000$goSHWCqI5QR0$wIXOHVFw6R5UlTyXcEIZA2q1iNbcj+Xd/GqechtB0/w=",
        "email": "",
        "date_joined": "2015-07-13T05:15:09Z"
    },
    "model": "auth.user",
    "pk": 28
},
{
    "fields": {
        "username": "student_4",
        "first_name": "",
        "last_name": "",
        "is_active": true,
        "is_superuser": false,
        "is_staff": false,
        "last_login": null,
        "groups": [],
        "user_permissions": [],
        "password": "pbkdf2_sha256$20000$MHOEg9Rs1ImZ$Gzq0wDZ+FoWccTZ9yUspLj31sgdfelfkNqRJfckdr3M=",
        "email": "",
        "date_joined": "2015-07-13T05:16:06Z"
    },
    "model": "auth.user",
    "pk": 29
},
{
    "fields": {
        "username": "student_5",
        "first_name": "",
        "last_name": "",
        "is_active": true,
        "is_superuser": false,
        "is_staff": false,
        "last_login": null,
        "groups": [],
        "user_permissions": [],
        "password": "pbkdf2_sha256$20000$HW8b1kP9r4oo$oTiBv+zU7UEJ8qK07lRBnvpZS7ACjUi8I2BzvLBnjS0=",
        "email": "",
        "date_joined": "2015-07-13T05:16:23Z"
    },
    "model": "auth.user",
    "pk": 30
},
{
    "fields": {
        "username": "student_6",
        "first_name": "",
        "last_name": "",
        "is_active": true,
        "is_superuser": false,
        "is_staff": false,
        "last_login": null,
        "groups": [],
        "user_permissions": [],
        "password": "pbkdf2_sha256$20000$CrkBYmdpwp5T$qyRcafthwmywj8WfxDxTp3LLcbbfr1JN85zOIFPg2Vw=",
        "email": "",
        "date_joined": "2015-07-13T05:16:36Z"
    },
    "model": "auth.user",
    "pk": 31
},
{
    "fields": {
        "username": "student_7",
        "first_name": "",
        "last_name": "",
        "is_active": true,
        "is_superuser": false,
        "is_staff": false,
        "last_login": null,
        "groups": [],
        "user_permissions": [],
        "password": "pbkdf2_sha256$20000$ATHboEhtb8Bn$F1Kb5QdMcjmVs0HatPLx0US3LtSHgfGPh5au/LN1Pos=",
        "email": "",
        "date_joined": "2015-07-13T05:16:51Z"
    },
    "model": "auth.user",
    "pk": 32
},
{
    "fields": {
        "username": "student_8",
        "first_name": "",
        "last_name": "",
        "is_active": true,
        "is_superuser": false,
        "is_staff": false,
        "last_login": null,
        "groups": [],
        "user_permissions": [],
        "password": "pbkdf2_sha256$20000$zyiP2KO8SErY$76RpZBW1um6WB2f27csNzW9r1YT6H/YoCoIXdneNooU=",
        "email": "",
        "date_joined": "2015-07-13T05:17:31Z"
    },
    "model": "auth.user",
    "pk": 33
},
{
    "fields": {
        "username": "student_9",
        "first_name": "",
        "last_name": "",
        "is_active": true,
        "is_superuser": false,
        "is_staff": false,
        "last_login": null,
        "groups": [],
        "user_permissions": [],
        "password": "pbkdf2_sha256$20000$mSF4Xs6JF54X$kYMm4Tq20DUKQNnWxshH1ALsoq4+S2bTLsTSFjuPZms=",
        "email": "",
        "date_joined": "2015-07-13T05:17:49Z"
    },
    "model": "auth.user",
    "pk": 34
},
{
    "fields": {
        "username": "student_10",
        "first_name": "",
        "last_name": "",
        "is_active": true,
        "is_superuser": false,
        "is_staff": false,
        "last_login": null,
        "groups": [],
        "user_permissions": [],
        "password": "pbkdf2_sha256$20000$1Xcr1ovS3NX6$DSMGLWPdcDmChCbMY3qbMlXXYrH+t2BnXBMah+sAwvs=",
        "email": "",
        "date_joined": "2015-07-13T05:18:02Z"
    },
    "model": "auth.user",
    "pk": 35
},
{
    "fields": {
        "username": "student_11",
        "first_name": "",
        "last_name": "",
        "is_active": true,
        "is_superuser": false,
        "is_staff": false,
        "last_login": null,
        "groups": [],
        "user_permissions": [],
        "password": "pbkdf2_sha256$20000$l3JBG40JL5hR$pxor4xFkvEcN7Ajmc4GsUNNDbt+h2Op4u1Fj6Ta0Iwk=",
        "email": "",
        "date_joined": "2015-07-13T05:18:17Z"
    },
    "model": "auth.user",
    "pk": 36
},
{
    "fields": {
        "username": "teacher_1",
        "first_name": "",
        "last_name": "",
        "is_active": true,
        "is_superuser": false,
        "is_staff": false,
        "last_login": null,
        "groups": [],
        "user_permissions": [],
        "password": "pbkdf2_sha256$20000$wDmRCOmfTtdJ$oc5SkoeYdH0DEiw/AJeeJqlcurLjsKTQZzqexHSfD3U=",
        "email": "",
        "date_joined": "2015-07-13T05:20:08Z"
    },
    "model": "auth.user",
    "pk": 37
},
{
    "fields": {
        "username": "subjectteacher_1",
        "first_name": "",
        "last_name": "",
        "is_active": true,
        "is_superuser": false,
        "is_staff": false,
        "last_login": null,
        "groups": [],
        "user_permissions": [],
        "password": "pbkdf2_sha256$20000$Fh0AdN79FYNd$G9PAlwQAFCVQouWo6YXqQwLRllTcyZZenZru8g2q7qE=",
        "email": "",
        "date_joined": "2015-07-13T05:23:45Z"
    },
    "model": "auth.user",
    "pk": 38
},
{
    "fields": {
        "username": "subjectteacher_2",
        "first_name": "",
        "last_name": "",
        "is_active": true,
        "is_superuser": false,
        "is_staff": false,
        "last_login": null,
        "groups": [],
        "user_permissions": [],
        "password": "pbkdf2_sha256$20000$GZCa88YvvP5M$qR85WqfT7PjHOG33gf2zakMkUb3gydCSe35NRO6uv7Y=",
        "email": "",
        "date_joined": "2015-07-13T05:23:59Z"
    },
    "model": "auth.user",
    "pk": 39
},
{
    "fields": {
        "username": "subjectteacher_3",
        "first_name": "",
        "last_name": "",
        "is_active": true,
        "is_superuser": false,
        "is_staff": false,
        "last_login": null,
        "groups": [],
        "user_permissions": [],
        "password": "pbkdf2_sha256$20000$0wkqg45MRT4k$vbRTciAcjQDFh85jZS8j5u5EuEup7zQch1eFJEPcx+Q=",
        "email": "",
        "date_joined": "2015-07-13T05:24:15Z"
    },
    "model": "auth.user",
    "pk": 40
},
{
    "fields": {
        "username": "subjectteacher_4",
        "first_name": "",
        "last_name": "",
        "is_active": true,
        "is_superuser": false,
        "is_staff": false,
        "last_login": null,
        "groups": [],
        "user_permissions": [],
        "password": "pbkdf2_sha256$20000$p0DugkyZIoZ1$FgICi7CQ5sVo3AEEGly7lVgZ6me0BjxL5gUcOkNxE88=",
        "email": "",
        "date_joined": "2015-07-13T05:24:37Z"
    },
    "model": "auth.user",
    "pk": 41
},
{
    "fields": {
        "username": "subjectteacher_5",
        "first_name": "",
        "last_name": "",
        "is_active": true,
        "is_superuser": false,
        "is_staff": false,
        "last_login": null,
        "groups": [],
        "user_permissions": [],
        "password": "pbkdf2_sha256$20000$N2YoTDXtYkzR$OiEoq9UBetnwm5pjqBo3WIMdnsjhhFkt+KpF/dgCXJo=",
        "email": "",
        "date_joined": "2015-07-13T05:25:06Z"
    },
    "model": "auth.user",
    "pk": 42
},
{
    "fields": {
        "username": "subjectteacher_6",
        "first_name": "",
        "last_name": "",
        "is_active": true,
        "is_superuser": false,
        "is_staff": false,
        "last_login": null,
        "groups": [],
        "user_permissions": [],
        "password": "pbkdf2_sha256$20000$BkvKYY3MbKW1$6dyWV1RnKWxEJZoVWg5sDGIEqIP4PK0eDERmpUH2KZE=",
        "email": "",
        "date_joined": "2015-07-13T05:25:27Z"
    },
    "model": "auth.user",
    "pk": 43
},
{
    "fields": {
        "username": "hrishikesh",
        "first_name": "lord",
        "last_name": "king",
        "is_active": true,
        "is_superuser": false,
        "is_staff": true,
        "last_login": null,
        "groups": [],
        "user_permissions": [],
        "password": "pbkdf2_sha256$20000$sUzO37iS7cPp$+Y0llOUFDouMdO/cWAIkHnDDUk3bARn9WpUjZC0NiMo=",
        "email": "hrishikeshrao94@gmail.com",
        "date_joined": "2015-07-14T03:59:58Z"
    },
    "model": "auth.user",
    "pk": 44
},
{
    "fields": {
        "completion": 1.0,
        "assignment": 3,
        "timestamp": "2015-06-09T05:01:59Z",
        "student": [
            "testStudent1"
        ],
        "marks": 0.45
    },
    "model": "core.submission",
    "pk": 1
},
{
    "fields": {
        "completion": 1.0,
        "assignment": 3,
        "timestamp": "2015-06-09T04:51:23Z",
        "student": [
            "testStudent6"
        ],
        "marks": 0.19
    },
    "model": "core.submission",
    "pk": 2
},
{
    "fields": {
        "completion": 0.5,
        "assignment": 3,
        "timestamp": "2015-06-09T04:51:53Z",
        "student": [
            "testStudent8"
        ],
        "marks": 0.36
    },
    "model": "core.submission",
    "pk": 3
},
{
    "fields": {
        "completion": 1.0,
        "assignment": 4,
        "timestamp": "2015-06-09T04:59:31Z",
        "student": [
            "testStudent1"
        ],
        "marks": 0.57
    },
    "model": "core.submission",
    "pk": 4
},
{
    "fields": {
        "completion": 0.0,
        "assignment": 4,
        "timestamp": "2015-06-09T04:56:45Z",
        "student": [
            "testStudent7"
        ],
        "marks": 0.0
    },
    "model": "core.submission",
    "pk": 5
},
{
    "fields": {
        "completion": 1.0,
        "assignment": 6,
        "timestamp": "2015-06-19T19:20:20Z",
        "student": [
            "testStudent6"
        ],
        "marks": 0.95
    },
    "model": "core.submission",
    "pk": 6
},
{
    "fields": {
        "completion": 0.9,
        "assignment": 3,
        "timestamp": "2015-06-22T06:17:09Z",
        "student": [
            "testStudent3"
        ],
        "marks": 0.75
    },
    "model": "core.submission",
    "pk": 7
},
{
    "fields": {
        "completion": 1.0,
        "assignment": 9,
        "timestamp": "2015-07-13T05:45:04Z",
        "student": [
            "student_1"
        ],
        "marks": 0.45
    },
    "model": "core.submission",
    "pk": 8
},
{
    "fields": {
        "completion": 1.0,
        "assignment": 9,
        "timestamp": "2015-07-13T05:45:19Z",
        "student": [
            "student_10"
        ],
        "marks": 0.55
    },
    "model": "core.submission",
    "pk": 9
},
{
    "fields": {
        "completion": 1.0,
        "assignment": 9,
        "timestamp": "2015-07-13T05:45:46Z",
        "student": [
            "student_11"
        ],
        "marks": 0.44
    },
    "model": "core.submission",
    "pk": 10
},
{
    "fields": {
        "completion": 1.0,
        "assignment": 9,
        "timestamp": "2015-07-13T05:45:58Z",
        "student": [
            "student_2"
        ],
        "marks": 0.44
    },
    "model": "core.submission",
    "pk": 11
},
{
    "fields": {
        "completion": 1.0,
        "assignment": 9,
        "timestamp": "2015-07-13T05:46:15Z",
        "student": [
            "student_3"
        ],
        "marks": 0.6
    },
    "model": "core.submission",
    "pk": 12
},
{
    "fields": {
        "completion": 1.0,
        "assignment": 9,
        "timestamp": "2015-07-13T05:46:26Z",
        "student": [
            "student_4"
        ],
        "marks": 0.98
    },
    "model": "core.submission",
    "pk": 13
},
{
    "fields": {
        "completion": 1.0,
        "assignment": 9,
        "timestamp": "2015-07-13T05:49:57Z",
        "student": [
            "student_5"
        ],
        "marks": 0.6
    },
    "model": "core.submission",
    "pk": 14
},
{
    "fields": {
        "completion": 1.0,
        "assignment": 9,
        "timestamp": "2015-07-13T05:50:17Z",
        "student": [
            "student_6"
        ],
        "marks": 0.87
    },
    "model": "core.submission",
    "pk": 15
},
{
    "fields": {
        "completion": 1.0,
        "assignment": 9,
        "timestamp": "2015-07-13T05:50:31Z",
        "student": [
            "student_7"
        ],
        "marks": 0.67
    },
    "model": "core.submission",
    "pk": 16
},
{
    "fields": {
        "completion": 1.0,
        "assignment": 9,
        "timestamp": "2015-07-13T05:50:43Z",
        "student": [
            "student_8"
        ],
        "marks": 0.2
    },
    "model": "core.submission",
    "pk": 17
},
{
    "fields": {
        "completion": 1.0,
        "assignment": 9,
        "timestamp": "2015-07-13T05:50:56Z",
        "student": [
            "student_9"
        ],
        "marks": 0.87
    },
    "model": "core.submission",
    "pk": 18
},
{
    "fields": {
        "completion": 1.0,
        "assignment": 10,
        "timestamp": "2015-07-13T05:51:06Z",
        "student": [
            "student_1"
        ],
        "marks": 0.1
    },
    "model": "core.submission",
    "pk": 19
},
{
    "fields": {
        "completion": 1.0,
        "assignment": 10,
        "timestamp": "2015-07-13T05:51:19Z",
        "student": [
            "student_2"
        ],
        "marks": 0.43
    },
    "model": "core.submission",
    "pk": 20
},
{
    "fields": {
        "completion": 1.0,
        "assignment": 10,
        "timestamp": "2015-07-13T05:51:36Z",
        "student": [
            "student_3"
        ],
        "marks": 1.0
    },
    "model": "core.submission",
    "pk": 21
},
{
    "fields": {
        "completion": 1.0,
        "assignment": 10,
        "timestamp": "2015-07-13T05:52:34Z",
        "student": [
            "student_4"
        ],
        "marks": 0.32
    },
    "model": "core.submission",
    "pk": 22
},
{
    "fields": {
        "completion": 1.0,
        "assignment": 10,
        "timestamp": "2015-07-13T05:52:55Z",
        "student": [
            "student_5"
        ],
        "marks": 0.55
    },
    "model": "core.submission",
    "pk": 23
},
{
    "fields": {
        "completion": 1.0,
        "assignment": 10,
        "timestamp": "2015-07-13T05:53:13Z",
        "student": [
            "student_6"
        ],
        "marks": 0.43
    },
    "model": "core.submission",
    "pk": 24
},
{
    "fields": {
        "completion": 1.0,
        "assignment": 10,
        "timestamp": "2015-07-13T05:53:33Z",
        "student": [
            "student_7"
        ],
        "marks": 0.54
    },
    "model": "core.submission",
    "pk": 25
},
{
    "fields": {
        "completion": 1.0,
        "assignment": 10,
        "timestamp": "2015-07-13T05:54:34Z",
        "student": [
            "student_8"
        ],
        "marks": 0.5
    },
    "model": "core.submission",
    "pk": 26
},
{
    "fields": {
        "completion": 1.0,
        "assignment": 10,
        "timestamp": "2015-07-13T05:54:46Z",
        "student": [
            "student_9"
        ],
        "marks": 0.45
    },
    "model": "core.submission",
    "pk": 27
},
{
    "fields": {
        "completion": 1.0,
        "assignment": 10,
        "timestamp": "2015-07-13T05:54:58Z",
        "student": [
            "student_10"
        ],
        "marks": 0.54
    },
    "model": "core.submission",
    "pk": 28
},
{
    "fields": {
        "completion": 1.0,
        "assignment": 10,
        "timestamp": "2015-07-13T05:55:08Z",
        "student": [
            "student_11"
        ],
        "marks": 0.54
    },
    "model": "core.submission",
    "pk": 29
},
{
    "fields": {
        "completion": 1.0,
        "assignment": 11,
        "timestamp": "2015-07-13T05:55:26Z",
        "student": [
            "student_1"
        ],
        "marks": 0.87
    },
    "model": "core.submission",
    "pk": 30
},
{
    "fields": {
        "completion": 1.0,
        "assignment": 11,
        "timestamp": "2015-07-13T05:55:37Z",
        "student": [
            "student_10"
        ],
        "marks": 0.99
    },
    "model": "core.submission",
    "pk": 31
},
{
    "fields": {
        "completion": 1.0,
        "assignment": 11,
        "timestamp": "2015-07-13T05:55:47Z",
        "student": [
            "student_11"
        ],
        "marks": 0.34
    },
    "model": "core.submission",
    "pk": 32
},
{
    "fields": {
        "completion": 1.0,
        "assignment": 11,
        "timestamp": "2015-07-13T05:56:00Z",
        "student": [
            "student_2"
        ],
        "marks": 0.44
    },
    "model": "core.submission",
    "pk": 33
},
{
    "fields": {
        "completion": 1.0,
        "assignment": 11,
        "timestamp": "2015-07-13T05:56:36Z",
        "student": [
            "student_3"
        ],
        "marks": 0.44
    },
    "model": "core.submission",
    "pk": 34
},
{
    "fields": {
        "completion": 1.0,
        "assignment": 11,
        "timestamp": "2015-07-13T05:56:49Z",
        "student": [
            "student_4"
        ],
        "marks": 0.1
    },
    "model": "core.submission",
    "pk": 35
},
{
    "fields": {
        "completion": 1.0,
        "assignment": 11,
        "timestamp": "2015-07-13T05:56:59Z",
        "student": [
            "student_4"
        ],
        "marks": 1.0
    },
    "model": "core.submission",
    "pk": 36
},
{
    "fields": {
        "completion": 1.0,
        "assignment": 11,
        "timestamp": "2015-07-13T05:57:10Z",
        "student": [
            "student_6"
        ],
        "marks": 0.47
    },
    "model": "core.submission",
    "pk": 37
},
{
    "fields": {
        "completion": 1.0,
        "assignment": 11,
        "timestamp": "2015-07-13T05:57:23Z",
        "student": [
            "student_7"
        ],
        "marks": 0.29
    },
    "model": "core.submission",
    "pk": 38
},
{
    "fields": {
        "completion": 1.0,
        "assignment": 11,
        "timestamp": "2015-07-13T05:57:33Z",
        "student": [
            "student_8"
        ],
        "marks": 0.43
    },
    "model": "core.submission",
    "pk": 39
},
{
    "fields": {
        "completion": 1.0,
        "assignment": 11,
        "timestamp": "2015-07-13T05:57:43Z",
        "student": [
            "student_9"
        ],
        "marks": 1.0
    },
    "model": "core.submission",
    "pk": 40
},
{
    "fields": {
        "completion": 1.0,
        "assignment": 12,
        "timestamp": "2015-07-13T05:57:56Z",
        "student": [
            "student_1"
        ],
        "marks": 1.0
    },
    "model": "core.submission",
    "pk": 41
},
{
    "fields": {
        "completion": 1.0,
        "assignment": 12,
        "timestamp": "2015-07-13T05:58:15Z",
        "student": [
            "student_10"
        ],
        "marks": 0.02
    },
    "model": "core.submission",
    "pk": 42
},
{
    "fields": {
        "completion": 1.0,
        "assignment": 12,
        "timestamp": "2015-07-13T05:58:30Z",
        "student": [
            "student_11"
        ],
        "marks": 0.42
    },
    "model": "core.submission",
    "pk": 43
},
{
    "fields": {
        "completion": 1.0,
        "assignment": 12,
        "timestamp": "2015-07-13T05:58:44Z",
        "student": [
            "student_2"
        ],
        "marks": 0.87
    },
    "model": "core.submission",
    "pk": 44
},
{
    "fields": {
        "completion": 1.0,
        "assignment": 12,
        "timestamp": "2015-07-13T05:59:05Z",
        "student": [
            "student_3"
        ],
        "marks": 0.33
    },
    "model": "core.submission",
    "pk": 45
},
{
    "fields": {
        "completion": 1.0,
        "assignment": 12,
        "timestamp": "2015-07-13T05:59:18Z",
        "student": [
            "student_4"
        ],
        "marks": 0.64
    },
    "model": "core.submission",
    "pk": 46
},
{
    "fields": {
        "completion": 1.0,
        "assignment": 12,
        "timestamp": "2015-07-13T05:59:19Z",
        "student": [
            "student_4"
        ],
        "marks": 0.64
    },
    "model": "core.submission",
    "pk": 47
},
{
    "fields": {
        "completion": 1.0,
        "assignment": 12,
        "timestamp": "2015-07-13T06:00:02Z",
        "student": [
            "student_5"
        ],
        "marks": 0.73
    },
    "model": "core.submission",
    "pk": 48
},
{
    "fields": {
        "completion": 1.0,
        "assignment": 12,
        "timestamp": "2015-07-13T06:00:14Z",
        "student": [
            "student_6"
        ],
        "marks": 0.17
    },
    "model": "core.submission",
    "pk": 49
},
{
    "fields": {
        "completion": 1.0,
        "assignment": 12,
        "timestamp": "2015-07-13T06:00:24Z",
        "student": [
            "student_7"
        ],
        "marks": 1.0
    },
    "model": "core.submission",
    "pk": 50
},
{
    "fields": {
        "completion": 1.0,
        "assignment": 12,
        "timestamp": "2015-07-13T06:00:38Z",
        "student": [
            "student_8"
        ],
        "marks": 0.29
    },
    "model": "core.submission",
    "pk": 51
},
{
    "fields": {
        "completion": 1.0,
        "assignment": 12,
        "timestamp": "2015-07-13T06:00:58Z",
        "student": [
            "student_9"
        ],
        "marks": 0.83
    },
    "model": "core.submission",
    "pk": 52
},
{
    "fields": {
        "completion": 1.0,
        "assignment": 13,
        "timestamp": "2015-07-13T06:01:09Z",
        "student": [
            "student_1"
        ],
        "marks": 0.5
    },
    "model": "core.submission",
    "pk": 53
},
{
    "fields": {
        "completion": 1.0,
        "assignment": 13,
        "timestamp": "2015-07-13T06:01:19Z",
        "student": [
            "student_10"
        ],
        "marks": 0.59
    },
    "model": "core.submission",
    "pk": 54
},
{
    "fields": {
        "completion": 1.0,
        "assignment": 13,
        "timestamp": "2015-07-13T06:01:31Z",
        "student": [
            "student_11"
        ],
        "marks": 0.73
    },
    "model": "core.submission",
    "pk": 55
},
{
    "fields": {
        "completion": 1.0,
        "assignment": 13,
        "timestamp": "2015-07-13T06:01:41Z",
        "student": [
            "student_2"
        ],
        "marks": 0.52
    },
    "model": "core.submission",
    "pk": 56
},
{
    "fields": {
        "completion": 1.0,
        "assignment": 13,
        "timestamp": "2015-07-13T06:01:52Z",
        "student": [
            "student_3"
        ],
        "marks": 0.41
    },
    "model": "core.submission",
    "pk": 57
},
{
    "fields": {
        "completion": 1.0,
        "assignment": 13,
        "timestamp": "2015-07-13T06:02:13Z",
        "student": [
            "student_4"
        ],
        "marks": 0.14
    },
    "model": "core.submission",
    "pk": 58
},
{
    "fields": {
        "completion": 1.0,
        "assignment": 13,
        "timestamp": "2015-07-13T06:07:45Z",
        "student": [
            "student_5"
        ],
        "marks": 0.59
    },
    "model": "core.submission",
    "pk": 59
},
{
    "fields": {
        "completion": 1.0,
        "assignment": 13,
        "timestamp": "2015-07-13T06:08:00Z",
        "student": [
            "student_6"
        ],
        "marks": 0.53
    },
    "model": "core.submission",
    "pk": 60
},
{
    "fields": {
        "completion": 1.0,
        "assignment": 13,
        "timestamp": "2015-07-13T06:09:40Z",
        "student": [
            "student_7"
        ],
        "marks": 0.94
    },
    "model": "core.submission",
    "pk": 61
},
{
    "fields": {
        "completion": 1.0,
        "assignment": 13,
        "timestamp": "2015-07-13T06:10:52Z",
        "student": [
            "student_8"
        ],
        "marks": 0.53
    },
    "model": "core.submission",
    "pk": 62
},
{
    "fields": {
        "completion": 1.0,
        "assignment": 13,
        "timestamp": "2015-07-13T06:11:07Z",
        "student": [
            "student_9"
        ],
        "marks": 0.83
    },
    "model": "core.submission",
    "pk": 63
},
{
    "fields": {
        "completion": 1.0,
        "assignment": 14,
        "timestamp": "2015-07-13T06:12:57Z",
        "student": [
            "student_1"
        ],
        "marks": 0.87
    },
    "model": "core.submission",
    "pk": 64
},
{
    "fields": {
        "completion": 1.0,
        "assignment": 14,
        "timestamp": "2015-07-13T06:13:14Z",
        "student": [
            "student_10"
        ],
        "marks": 0.88
    },
    "model": "core.submission",
    "pk": 65
},
{
    "fields": {
        "completion": 1.0,
        "assignment": 14,
        "timestamp": "2015-07-13T06:13:27Z",
        "student": [
            "student_11"
        ],
        "marks": 0.95
    },
    "model": "core.submission",
    "pk": 66
},
{
    "fields": {
        "completion": 1.0,
        "assignment": 14,
        "timestamp": "2015-07-13T06:13:38Z",
        "student": [
            "student_2"
        ],
        "marks": 0.88
    },
    "model": "core.submission",
    "pk": 67
},
{
    "fields": {
        "completion": 1.0,
        "assignment": 14,
        "timestamp": "2015-07-13T06:13:49Z",
        "student": [
            "student_3"
        ],
        "marks": 0.75
    },
    "model": "core.submission",
    "pk": 68
},
{
    "fields": {
        "completion": 1.0,
        "assignment": 14,
        "timestamp": "2015-07-13T06:14:02Z",
        "student": [
            "student_4"
        ],
        "marks": 0.78
    },
    "model": "core.submission",
    "pk": 69
},
{
    "fields": {
        "completion": 1.0,
        "assignment": 14,
        "timestamp": "2015-07-13T06:14:13Z",
        "student": [
            "student_5"
        ],
        "marks": 0.84
    },
    "model": "core.submission",
    "pk": 70
},
{
    "fields": {
        "completion": 1.0,
        "assignment": 14,
        "timestamp": "2015-07-13T06:14:29Z",
        "student": [
            "student_6"
        ],
        "marks": 0.79
    },
    "model": "core.submission",
    "pk": 71
},
{
    "fields": {
        "completion": 1.0,
        "assignment": 14,
        "timestamp": "2015-07-13T06:14:42Z",
        "student": [
            "student_7"
        ],
        "marks": 0.84
    },
    "model": "core.submission",
    "pk": 72
},
{
    "fields": {
        "completion": 1.0,
        "assignment": 14,
        "timestamp": "2015-07-13T06:14:53Z",
        "student": [
            "student_8"
        ],
        "marks": 0.89
    },
    "model": "core.submission",
    "pk": 73
},
{
    "fields": {
        "completion": 1.0,
        "assignment": 14,
        "timestamp": "2015-07-13T06:15:11Z",
        "student": [
            "student_9"
        ],
        "marks": 0.92
    },
    "model": "core.submission",
    "pk": 74
},
{
    "fields": {
        "completion": 1.0,
        "assignment": 15,
        "timestamp": "2015-07-13T06:15:22Z",
        "student": [
            "student_1"
        ],
        "marks": 0.96
    },
    "model": "core.submission",
    "pk": 75
},
{
    "fields": {
        "completion": 1.0,
        "assignment": 15,
        "timestamp": "2015-07-13T06:15:31Z",
        "student": [
            "student_10"
        ],
        "marks": 0.87
    },
    "model": "core.submission",
    "pk": 76
},
{
    "fields": {
        "completion": 1.0,
        "assignment": 15,
        "timestamp": "2015-07-13T06:15:41Z",
        "student": [
            "student_11"
        ],
        "marks": 0.93
    },
    "model": "core.submission",
    "pk": 77
},
{
    "fields": {
        "completion": 1.0,
        "assignment": 15,
        "timestamp": "2015-07-13T06:16:24Z",
        "student": [
            "student_2"
        ],
        "marks": 0.76
    },
    "model": "core.submission",
    "pk": 78
},
{
    "fields": {
        "completion": 1.0,
        "assignment": 15,
        "timestamp": "2015-07-13T06:16:37Z",
        "student": [
            "student_3"
        ],
        "marks": 0.93
    },
    "model": "core.submission",
    "pk": 79
},
{
    "fields": {
        "completion": 1.0,
        "assignment": 15,
        "timestamp": "2015-07-13T06:17:02Z",
        "student": [
            "student_4"
        ],
        "marks": 0.79
    },
    "model": "core.submission",
    "pk": 81
},
{
    "fields": {
        "completion": 1.0,
        "assignment": 15,
        "timestamp": "2015-07-13T06:17:15Z",
        "student": [
            "student_5"
        ],
        "marks": 0.84
    },
    "model": "core.submission",
    "pk": 82
},
{
    "fields": {
        "completion": 1.0,
        "assignment": 15,
        "timestamp": "2015-07-13T06:17:25Z",
        "student": [
            "student_6"
        ],
        "marks": 0.87
    },
    "model": "core.submission",
    "pk": 83
},
{
    "fields": {
        "completion": 1.0,
        "assignment": 15,
        "timestamp": "2015-07-13T06:17:36Z",
        "student": [
            "student_7"
        ],
        "marks": 0.89
    },
    "model": "core.submission",
    "pk": 84
},
{
    "fields": {
        "completion": 1.0,
        "assignment": 15,
        "timestamp": "2015-07-13T06:17:47Z",
        "student": [
            "student_8"
        ],
        "marks": 0.7
    },
    "model": "core.submission",
    "pk": 85
},
{
    "fields": {
        "completion": 1.0,
        "assignment": 15,
        "timestamp": "2015-07-13T06:17:58Z",
        "student": [
            "student_9"
        ],
        "marks": 0.13
    },
    "model": "core.submission",
    "pk": 86
},
{
    "fields": {
        "completion": 1.0,
        "assignment": 16,
        "timestamp": "2015-07-13T06:18:08Z",
        "student": [
            "student_1"
        ],
        "marks": 0.91
    },
    "model": "core.submission",
    "pk": 87
},
{
    "fields": {
        "completion": 1.0,
        "assignment": 16,
        "timestamp": "2015-07-13T06:18:21Z",
        "student": [
            "student_10"
        ],
        "marks": 0.84
    },
    "model": "core.submission",
    "pk": 88
},
{
    "fields": {
        "completion": 1.0,
        "assignment": 16,
        "timestamp": "2015-07-13T06:18:32Z",
        "student": [
            "student_11"
        ],
        "marks": 0.88
    },
    "model": "core.submission",
    "pk": 89
},
{
    "fields": {
        "completion": 1.0,
        "assignment": 16,
        "timestamp": "2015-07-13T06:18:45Z",
        "student": [
            "student_2"
        ],
        "marks": 0.25
    },
    "model": "core.submission",
    "pk": 90
},
{
    "fields": {
        "completion": 1.0,
        "assignment": 16,
        "timestamp": "2015-07-13T06:21:42Z",
        "student": [
            "student_3"
        ],
        "marks": 0.85
    },
    "model": "core.submission",
    "pk": 91
},
{
    "fields": {
        "completion": 1.0,
        "assignment": 16,
        "timestamp": "2015-07-13T06:21:53Z",
        "student": [
            "student_4"
        ],
        "marks": 0.83
    },
    "model": "core.submission",
    "pk": 92
},
{
    "fields": {
        "completion": 1.0,
        "assignment": 16,
        "timestamp": "2015-07-13T06:22:03Z",
        "student": [
            "student_5"
        ],
        "marks": 0.67
    },
    "model": "core.submission",
    "pk": 93
},
{
    "fields": {
        "completion": 1.0,
        "assignment": 16,
        "timestamp": "2015-07-13T06:22:16Z",
        "student": [
            "student_6"
        ],
        "marks": 0.58
    },
    "model": "core.submission",
    "pk": 94
},
{
    "fields": {
        "completion": 1.0,
        "assignment": 16,
        "timestamp": "2015-07-13T06:22:29Z",
        "student": [
            "student_7"
        ],
        "marks": 0.83
    },
    "model": "core.submission",
    "pk": 95
},
{
    "fields": {
        "completion": 1.0,
        "assignment": 16,
        "timestamp": "2015-07-13T06:22:41Z",
        "student": [
            "student_8"
        ],
        "marks": 0.62
    },
    "model": "core.submission",
    "pk": 96
},
{
    "fields": {
        "completion": 1.0,
        "assignment": 16,
        "timestamp": "2015-07-13T06:22:52Z",
        "student": [
            "student_9"
        ],
        "marks": 0.88
    },
    "model": "core.submission",
    "pk": 97
},
{
    "fields": {
        "completion": 1.0,
        "assignment": 17,
        "timestamp": "2015-07-13T06:23:04Z",
        "student": [
            "student_1"
        ],
        "marks": 0.92
    },
    "model": "core.submission",
    "pk": 98
},
{
    "fields": {
        "completion": 1.0,
        "assignment": 17,
        "timestamp": "2015-07-13T06:23:14Z",
        "student": [
            "student_10"
        ],
        "marks": 0.57
    },
    "model": "core.submission",
    "pk": 99
},
{
    "fields": {
        "completion": 1.0,
        "assignment": 17,
        "timestamp": "2015-07-13T06:23:24Z",
        "student": [
            "student_11"
        ],
        "marks": 0.68
    },
    "model": "core.submission",
    "pk": 100
},
{
    "fields": {
        "completion": 1.0,
        "assignment": 17,
        "timestamp": "2015-07-13T06:23:36Z",
        "student": [
            "student_2"
        ],
        "marks": 0.74
    },
    "model": "core.submission",
    "pk": 101
},
{
    "fields": {
        "completion": 1.0,
        "assignment": 17,
        "timestamp": "2015-07-13T06:23:46Z",
        "student": [
            "student_3"
        ],
        "marks": 0.83
    },
    "model": "core.submission",
    "pk": 102
},
{
    "fields": {
        "completion": 1.0,
        "assignment": 17,
        "timestamp": "2015-07-13T06:24:08Z",
        "student": [
            "student_4"
        ],
        "marks": 0.46
    },
    "model": "core.submission",
    "pk": 103
},
{
    "fields": {
        "completion": 1.0,
        "assignment": 17,
        "timestamp": "2015-07-13T06:24:51Z",
        "student": [
            "student_5"
        ],
        "marks": 0.89
    },
    "model": "core.submission",
    "pk": 104
},
{
    "fields": {
        "completion": 1.0,
        "assignment": 17,
        "timestamp": "2015-07-13T06:25:02Z",
        "student": [
            "student_6"
        ],
        "marks": 0.76
    },
    "model": "core.submission",
    "pk": 105
},
{
    "fields": {
        "completion": 1.0,
        "assignment": 17,
        "timestamp": "2015-07-13T06:25:13Z",
        "student": [
            "student_7"
        ],
        "marks": 0.79
    },
    "model": "core.submission",
    "pk": 106
},
{
    "fields": {
        "completion": 1.0,
        "assignment": 17,
        "timestamp": "2015-07-13T06:25:21Z",
        "student": [
            "student_8"
        ],
        "marks": 0.79
    },
    "model": "core.submission",
    "pk": 107
},
{
    "fields": {
        "completion": 1.0,
        "assignment": 17,
        "timestamp": "2015-07-13T06:25:31Z",
        "student": [
            "student_9"
        ],
        "marks": 0.63
    },
    "model": "core.submission",
    "pk": 108
},
{
    "fields": {
        "completion": 1.0,
        "assignment": 18,
        "timestamp": "2015-07-13T06:25:40Z",
        "student": [
            "student_1"
        ],
        "marks": 0.99
    },
    "model": "core.submission",
    "pk": 109
},
{
    "fields": {
        "completion": 1.0,
        "assignment": 18,
        "timestamp": "2015-07-13T06:25:49Z",
        "student": [
            "student_10"
        ],
        "marks": 0.74
    },
    "model": "core.submission",
    "pk": 110
},
{
    "fields": {
        "completion": 1.0,
        "assignment": 18,
        "timestamp": "2015-07-13T06:25:59Z",
        "student": [
            "student_11"
        ],
        "marks": 0.56
    },
    "model": "core.submission",
    "pk": 111
},
{
    "fields": {
        "completion": 1.0,
        "assignment": 18,
        "timestamp": "2015-07-13T06:26:09Z",
        "student": [
            "student_2"
        ],
        "marks": 0.34
    },
    "model": "core.submission",
    "pk": 112
},
{
    "fields": {
        "completion": 1.0,
        "assignment": 18,
        "timestamp": "2015-07-13T06:26:20Z",
        "student": [
            "student_3"
        ],
        "marks": 0.93
    },
    "model": "core.submission",
    "pk": 113
},
{
    "fields": {
        "completion": 1.0,
        "assignment": 18,
        "timestamp": "2015-07-13T06:26:47Z",
        "student": [
            "student_4"
        ],
        "marks": 0.97
    },
    "model": "core.submission",
    "pk": 114
},
{
    "fields": {
        "completion": 1.0,
        "assignment": 18,
        "timestamp": "2015-07-13T06:26:58Z",
        "student": [
            "student_5"
        ],
        "marks": 0.84
    },
    "model": "core.submission",
    "pk": 115
},
{
    "fields": {
        "completion": 1.0,
        "assignment": 18,
        "timestamp": "2015-07-13T06:27:10Z",
        "student": [
            "student_6"
        ],
        "marks": 0.92
    },
    "model": "core.submission",
    "pk": 116
},
{
    "fields": {
        "completion": 1.0,
        "assignment": 18,
        "timestamp": "2015-07-13T06:27:21Z",
        "student": [
            "student_7"
        ],
        "marks": 0.57
    },
    "model": "core.submission",
    "pk": 117
},
{
    "fields": {
        "completion": 1.0,
        "assignment": 18,
        "timestamp": "2015-07-13T06:27:34Z",
        "student": [
            "student_8"
        ],
        "marks": 0.94
    },
    "model": "core.submission",
    "pk": 118
},
{
    "fields": {
        "completion": 1.0,
        "assignment": 18,
        "timestamp": "2015-07-13T06:27:43Z",
        "student": [
            "student_9"
        ],
        "marks": 0.88
    },
    "model": "core.submission",
    "pk": 119
},
{
    "fields": {
        "completion": 1.0,
        "assignment": 19,
        "timestamp": "2015-07-13T06:28:48Z",
        "student": [
            "student_1"
        ],
        "marks": 0.53
    },
    "model": "core.submission",
    "pk": 120
},
{
    "fields": {
        "completion": 1.0,
        "assignment": 19,
        "timestamp": "2015-07-13T06:28:59Z",
        "student": [
            "student_10"
        ],
        "marks": 0.43
    },
    "model": "core.submission",
    "pk": 121
},
{
    "fields": {
        "completion": 1.0,
        "assignment": 19,
        "timestamp": "2015-07-13T06:29:10Z",
        "student": [
            "student_11"
        ],
        "marks": 0.53
    },
    "model": "core.submission",
    "pk": 122
},
{
    "fields": {
        "completion": 1.0,
        "assignment": 19,
        "timestamp": "2015-07-13T06:29:19Z",
        "student": [
            "student_2"
        ],
        "marks": 0.53
    },
    "model": "core.submission",
    "pk": 123
},
{
    "fields": {
        "completion": 1.0,
        "assignment": 19,
        "timestamp": "2015-07-13T06:29:32Z",
        "student": [
            "student_3"
        ],
        "marks": 0.87
    },
    "model": "core.submission",
    "pk": 124
},
{
    "fields": {
        "completion": 1.0,
        "assignment": 19,
        "timestamp": "2015-07-13T06:29:44Z",
        "student": [
            "student_4"
        ],
        "marks": 0.31
    },
    "model": "core.submission",
    "pk": 125
},
{
    "fields": {
        "completion": 1.0,
        "assignment": 19,
        "timestamp": "2015-07-13T06:30:08Z",
        "student": [
            "student_5"
        ],
        "marks": 0.21
    },
    "model": "core.submission",
    "pk": 126
},
{
    "fields": {
        "completion": 1.0,
        "assignment": 19,
        "timestamp": "2015-07-13T06:30:19Z",
        "student": [
            "student_6"
        ],
        "marks": 0.12
    },
    "model": "core.submission",
    "pk": 127
},
{
    "fields": {
        "completion": 1.0,
        "assignment": 19,
        "timestamp": "2015-07-13T06:30:32Z",
        "student": [
            "student_7"
        ],
        "marks": 0.5
    },
    "model": "core.submission",
    "pk": 128
},
{
    "fields": {
        "completion": 1.0,
        "assignment": 19,
        "timestamp": "2015-07-13T06:30:46Z",
        "student": [
            "student_8"
        ],
        "marks": 0.91
    },
    "model": "core.submission",
    "pk": 129
},
{
    "fields": {
        "completion": 1.0,
        "assignment": 19,
        "timestamp": "2015-07-13T06:30:56Z",
        "student": [
            "student_9"
        ],
        "marks": 0.73
    },
    "model": "core.submission",
    "pk": 130
},
{
    "fields": {
        "completion": 1.0,
        "assignment": 20,
        "timestamp": "2015-07-13T06:31:05Z",
        "student": [
            "student_1"
        ],
        "marks": 0.74
    },
    "model": "core.submission",
    "pk": 131
},
{
    "fields": {
        "completion": 1.0,
        "assignment": 20,
        "timestamp": "2015-07-13T06:31:16Z",
        "student": [
            "student_10"
        ],
        "marks": 0.46
    },
    "model": "core.submission",
    "pk": 132
},
{
    "fields": {
        "completion": 1.0,
        "assignment": 20,
        "timestamp": "2015-07-13T06:31:25Z",
        "student": [
            "student_11"
        ],
        "marks": 1.0
    },
    "model": "core.submission",
    "pk": 133
},
{
    "fields": {
        "completion": 1.0,
        "assignment": 20,
        "timestamp": "2015-07-13T06:31:36Z",
        "student": [
            "student_2"
        ],
        "marks": 0.53
    },
    "model": "core.submission",
    "pk": 134
},
{
    "fields": {
        "completion": 1.0,
        "assignment": 20,
        "timestamp": "2015-07-13T06:31:51Z",
        "student": [
            "student_3"
        ],
        "marks": 0.63
    },
    "model": "core.submission",
    "pk": 135
},
{
    "fields": {
        "completion": 1.0,
        "assignment": 20,
        "timestamp": "2015-07-13T06:31:59Z",
        "student": [
            "student_4"
        ],
        "marks": 1.0
    },
    "model": "core.submission",
    "pk": 136
},
{
    "fields": {
        "completion": 1.0,
        "assignment": 20,
        "timestamp": "2015-07-13T06:32:09Z",
        "student": [
            "student_5"
        ],
        "marks": 0.82
    },
    "model": "core.submission",
    "pk": 137
},
{
    "fields": {
        "completion": 1.0,
        "assignment": 20,
        "timestamp": "2015-07-13T06:32:40Z",
        "student": [
            "student_6"
        ],
        "marks": 0.28
    },
    "model": "core.submission",
    "pk": 138
},
{
    "fields": {
        "completion": 1.0,
        "assignment": 20,
        "timestamp": "2015-07-13T06:32:56Z",
        "student": [
            "student_7"
        ],
        "marks": 0.72
    },
    "model": "core.submission",
    "pk": 139
},
{
    "fields": {
        "completion": 1.0,
        "assignment": 20,
        "timestamp": "2015-07-13T06:33:10Z",
        "student": [
            "student_8"
        ],
        "marks": 0.62
    },
    "model": "core.submission",
    "pk": 140
},
{
    "fields": {
        "completion": 1.0,
        "assignment": 20,
        "timestamp": "2015-07-13T06:33:29Z",
        "student": [
            "student_9"
        ],
        "marks": 0.39
    },
    "model": "core.submission",
    "pk": 141
},
{
    "fields": {
        "completion": 1.0,
        "assignment": 21,
        "timestamp": "2015-07-13T06:33:58Z",
        "student": [
            "student_1"
        ],
        "marks": 0.5
    },
    "model": "core.submission",
    "pk": 142
},
{
    "fields": {
        "completion": 1.0,
        "assignment": 21,
        "timestamp": "2015-07-13T06:34:11Z",
        "student": [
            "student_10"
        ],
        "marks": 0.41
    },
    "model": "core.submission",
    "pk": 143
},
{
    "fields": {
        "completion": 1.0,
        "assignment": 21,
        "timestamp": "2015-07-13T06:34:22Z",
        "student": [
            "student_11"
        ],
        "marks": 0.93
    },
    "model": "core.submission",
    "pk": 144
},
{
    "fields": {
        "completion": 1.0,
        "assignment": 21,
        "timestamp": "2015-07-13T06:34:33Z",
        "student": [
            "student_2"
        ],
        "marks": 0.38
    },
    "model": "core.submission",
    "pk": 145
},
{
    "fields": {
        "completion": 1.0,
        "assignment": 21,
        "timestamp": "2015-07-13T06:35:11Z",
        "student": [
            "student_3"
        ],
        "marks": 0.82
    },
    "model": "core.submission",
    "pk": 146
},
{
    "fields": {
        "completion": 1.0,
        "assignment": 21,
        "timestamp": "2015-07-13T06:35:04Z",
        "student": [
            "student_5"
        ],
        "marks": 0.63
    },
    "model": "core.submission",
    "pk": 147
},
{
    "fields": {
        "completion": 1.0,
        "assignment": 21,
        "timestamp": "2015-07-13T06:35:22Z",
        "student": [
            "student_4"
        ],
        "marks": 0.52
    },
    "model": "core.submission",
    "pk": 148
},
{
    "fields": {
        "completion": 1.0,
        "assignment": 21,
        "timestamp": "2015-07-13T06:35:34Z",
        "student": [
            "student_6"
        ],
        "marks": 0.68
    },
    "model": "core.submission",
    "pk": 149
},
{
    "fields": {
        "completion": 1.0,
        "assignment": 21,
        "timestamp": "2015-07-13T06:36:03Z",
        "student": [
            "student_7"
        ],
        "marks": 0.84
    },
    "model": "core.submission",
    "pk": 150
},
{
    "fields": {
        "completion": 1.0,
        "assignment": 21,
        "timestamp": "2015-07-13T06:35:58Z",
        "student": [
            "student_9"
        ],
        "marks": 0.62
    },
    "model": "core.submission",
    "pk": 151
},
{
    "fields": {
        "completion": 1.0,
        "assignment": 21,
        "timestamp": "2015-07-13T06:36:17Z",
        "student": [
            "student_8"
        ],
        "marks": 0.53
    },
    "model": "core.submission",
    "pk": 152
},
{
    "fields": {
        "completion": 1.0,
        "assignment": 22,
        "timestamp": "2015-07-13T06:36:30Z",
        "student": [
            "student_1"
        ],
        "marks": 0.63
    },
    "model": "core.submission",
    "pk": 153
},
{
    "fields": {
        "completion": 1.0,
        "assignment": 22,
        "timestamp": "2015-07-13T06:36:41Z",
        "student": [
            "student_10"
        ],
        "marks": 0.78
    },
    "model": "core.submission",
    "pk": 154
},
{
    "fields": {
        "completion": 1.0,
        "assignment": 22,
        "timestamp": "2015-07-13T06:36:51Z",
        "student": [
            "student_11"
        ],
        "marks": 0.62
    },
    "model": "core.submission",
    "pk": 155
},
{
    "fields": {
        "completion": 1.0,
        "assignment": 22,
        "timestamp": "2015-07-13T06:38:38Z",
        "student": [
            "student_2"
        ],
        "marks": 0.75
    },
    "model": "core.submission",
    "pk": 156
},
{
    "fields": {
        "completion": 1.0,
        "assignment": 22,
        "timestamp": "2015-07-13T06:38:50Z",
        "student": [
            "student_3"
        ],
        "marks": 0.53
    },
    "model": "core.submission",
    "pk": 157
},
{
    "fields": {
        "completion": 1.0,
        "assignment": 22,
        "timestamp": "2015-07-13T06:39:01Z",
        "student": [
            "student_4"
        ],
        "marks": 0.74
    },
    "model": "core.submission",
    "pk": 158
},
{
    "fields": {
        "completion": 1.0,
        "assignment": 22,
        "timestamp": "2015-07-13T06:39:11Z",
        "student": [
            "student_5"
        ],
        "marks": 0.99
    },
    "model": "core.submission",
    "pk": 159
},
{
    "fields": {
        "completion": 1.0,
        "assignment": 22,
        "timestamp": "2015-07-13T06:39:22Z",
        "student": [
            "student_6"
        ],
        "marks": 0.23
    },
    "model": "core.submission",
    "pk": 160
},
{
    "fields": {
        "completion": 1.0,
        "assignment": 22,
        "timestamp": "2015-07-13T06:39:33Z",
        "student": [
            "student_7"
        ],
        "marks": 0.75
    },
    "model": "core.submission",
    "pk": 161
},
{
    "fields": {
        "completion": 1.0,
        "assignment": 22,
        "timestamp": "2015-07-13T06:39:45Z",
        "student": [
            "student_8"
        ],
        "marks": 0.2
    },
    "model": "core.submission",
    "pk": 162
},
{
    "fields": {
        "completion": 1.0,
        "assignment": 22,
        "timestamp": "2015-07-13T06:39:54Z",
        "student": [
            "student_9"
        ],
        "marks": 1.0
    },
    "model": "core.submission",
    "pk": 163
},
{
    "fields": {
        "completion": 1.0,
        "assignment": 23,
        "timestamp": "2015-07-13T06:40:01Z",
        "student": [
            "student_1"
        ],
        "marks": 0.0
    },
    "model": "core.submission",
    "pk": 164
},
{
    "fields": {
        "completion": 1.0,
        "assignment": 23,
        "timestamp": "2015-07-13T06:40:11Z",
        "student": [
            "student_10"
        ],
        "marks": 0.1
    },
    "model": "core.submission",
    "pk": 165
},
{
    "fields": {
        "completion": 1.0,
        "assignment": 23,
        "timestamp": "2015-07-13T06:40:20Z",
        "student": [
            "student_11"
        ],
        "marks": 0.46
    },
    "model": "core.submission",
    "pk": 166
},
{
    "fields": {
        "completion": 1.0,
        "assignment": 23,
        "timestamp": "2015-07-13T06:40:38Z",
        "student": [
            "student_2"
        ],
        "marks": 0.83
    },
    "model": "core.submission",
    "pk": 167
},
{
    "fields": {
        "completion": 1.0,
        "assignment": 23,
        "timestamp": "2015-07-13T06:40:55Z",
        "student": [
            "student_3"
        ],
        "marks": 0.43
    },
    "model": "core.submission",
    "pk": 168
},
{
    "fields": {
        "completion": 1.0,
        "assignment": 23,
        "timestamp": "2015-07-13T06:41:06Z",
        "student": [
            "student_4"
        ],
        "marks": 0.46
    },
    "model": "core.submission",
    "pk": 169
},
{
    "fields": {
        "completion": 1.0,
        "assignment": 23,
        "timestamp": "2015-07-13T06:41:16Z",
        "student": [
            "student_4"
        ],
        "marks": 0.52
    },
    "model": "core.submission",
    "pk": 170
},
{
    "fields": {
        "completion": 1.0,
        "assignment": 23,
        "timestamp": "2015-07-13T06:41:53Z",
        "student": [
            "student_6"
        ],
        "marks": 0.52
    },
    "model": "core.submission",
    "pk": 171
},
{
    "fields": {
        "completion": 1.0,
        "assignment": 23,
        "timestamp": "2015-07-13T06:42:07Z",
        "student": [
            "student_7"
        ],
        "marks": 0.84
    },
    "model": "core.submission",
    "pk": 172
},
{
    "fields": {
        "completion": 1.0,
        "assignment": 23,
        "timestamp": "2015-07-13T06:42:21Z",
        "student": [
            "student_8"
        ],
        "marks": 0.19
    },
    "model": "core.submission",
    "pk": 173
},
{
    "fields": {
        "completion": 1.0,
        "assignment": 23,
        "timestamp": "2015-07-13T06:42:34Z",
        "student": [
            "student_9"
        ],
        "marks": 0.78
    },
    "model": "core.submission",
    "pk": 174
},
{
    "fields": {
        "completion": 1.0,
        "assignment": 24,
        "timestamp": "2015-07-13T06:43:42Z",
        "student": [
            "student_1"
        ],
        "marks": 0.86
    },
    "model": "core.submission",
    "pk": 175
},
{
    "fields": {
        "completion": 1.0,
        "assignment": 24,
        "timestamp": "2015-07-13T06:43:57Z",
        "student": [
            "student_10"
        ],
        "marks": 0.88
    },
    "model": "core.submission",
    "pk": 176
},
{
    "fields": {
        "completion": 1.0,
        "assignment": 24,
        "timestamp": "2015-07-13T06:44:12Z",
        "student": [
            "student_11"
        ],
        "marks": 0.83
    },
    "model": "core.submission",
    "pk": 177
},
{
    "fields": {
        "completion": 1.0,
        "assignment": 24,
        "timestamp": "2015-07-13T06:44:55Z",
        "student": [
            "student_2"
        ],
        "marks": 0.74
    },
    "model": "core.submission",
    "pk": 178
},
{
    "fields": {
        "completion": 1.0,
        "assignment": 24,
        "timestamp": "2015-07-13T06:45:10Z",
        "student": [
            "student_3"
        ],
        "marks": 0.82
    },
    "model": "core.submission",
    "pk": 179
},
{
    "fields": {
        "completion": 1.0,
        "assignment": 24,
        "timestamp": "2015-07-13T06:45:32Z",
        "student": [
            "student_4"
        ],
        "marks": 0.92
    },
    "model": "core.submission",
    "pk": 180
},
{
    "fields": {
        "completion": 1.0,
        "assignment": 24,
        "timestamp": "2015-07-13T06:45:44Z",
        "student": [
            "student_5"
        ],
        "marks": 0.89
    },
    "model": "core.submission",
    "pk": 181
},
{
    "fields": {
        "completion": 1.0,
        "assignment": 24,
        "timestamp": "2015-07-13T06:46:02Z",
        "student": [
            "student_6"
        ],
        "marks": 0.13
    },
    "model": "core.submission",
    "pk": 182
},
{
    "fields": {
        "completion": 1.0,
        "assignment": 24,
        "timestamp": "2015-07-13T06:46:53Z",
        "student": [
            "student_7"
        ],
        "marks": 0.23
    },
    "model": "core.submission",
    "pk": 184
},
{
    "fields": {
        "completion": 1.0,
        "assignment": 24,
        "timestamp": "2015-07-13T06:47:08Z",
        "student": [
            "student_8"
        ],
        "marks": 0.67
    },
    "model": "core.submission",
    "pk": 185
},
{
    "fields": {
        "completion": 1.0,
        "assignment": 24,
        "timestamp": "2015-07-13T06:47:24Z",
        "student": [
            "student_9"
        ],
        "marks": 0.91
    },
    "model": "core.submission",
    "pk": 186
},
{
    "fields": {
        "completion": 1.0,
        "assignment": 25,
        "timestamp": "2015-07-13T06:47:36Z",
        "student": [
            "student_1"
        ],
        "marks": 0.7
    },
    "model": "core.submission",
    "pk": 187
},
{
    "fields": {
        "completion": 1.0,
        "assignment": 25,
        "timestamp": "2015-07-13T06:47:57Z",
        "student": [
            "student_10"
        ],
        "marks": 0.45
    },
    "model": "core.submission",
    "pk": 188
},
{
    "fields": {
        "completion": 1.0,
        "assignment": 25,
        "timestamp": "2015-07-13T06:48:14Z",
        "student": [
            "student_11"
        ],
        "marks": 0.69
    },
    "model": "core.submission",
    "pk": 189
},
{
    "fields": {
        "completion": 1.0,
        "assignment": 25,
        "timestamp": "2015-07-13T06:48:24Z",
        "student": [
            "student_2"
        ],
        "marks": 0.54
    },
    "model": "core.submission",
    "pk": 190
},
{
    "fields": {
        "completion": 1.0,
        "assignment": 25,
        "timestamp": "2015-07-13T06:48:34Z",
        "student": [
            "student_3"
        ],
        "marks": 0.99
    },
    "model": "core.submission",
    "pk": 191
},
{
    "fields": {
        "completion": 1.0,
        "assignment": 25,
        "timestamp": "2015-07-13T06:48:56Z",
        "student": [
            "student_4"
        ],
        "marks": 1.0
    },
    "model": "core.submission",
    "pk": 192
},
{
    "fields": {
        "completion": 1.0,
        "assignment": 25,
        "timestamp": "2015-07-13T06:49:09Z",
        "student": [
            "student_5"
        ],
        "marks": 0.72
    },
    "model": "core.submission",
    "pk": 193
},
{
    "fields": {
        "completion": 1.0,
        "assignment": 25,
        "timestamp": "2015-07-13T06:49:22Z",
        "student": [
            "student_6"
        ],
        "marks": 0.01
    },
    "model": "core.submission",
    "pk": 194
},
{
    "fields": {
        "completion": 1.0,
        "assignment": 25,
        "timestamp": "2015-07-13T06:49:33Z",
        "student": [
            "student_7"
        ],
        "marks": 0.37
    },
    "model": "core.submission",
    "pk": 195
},
{
    "fields": {
        "completion": 1.0,
        "assignment": 25,
        "timestamp": "2015-07-13T06:49:46Z",
        "student": [
            "student_8"
        ],
        "marks": 0.13
    },
    "model": "core.submission",
    "pk": 196
},
{
    "fields": {
        "completion": 1.0,
        "assignment": 25,
        "timestamp": "2015-07-13T06:49:59Z",
        "student": [
            "student_9"
        ],
        "marks": 0.95
    },
    "model": "core.submission",
    "pk": 197
},
{
    "fields": {
        "completion": 1.0,
        "assignment": 26,
        "timestamp": "2015-07-13T06:50:09Z",
        "student": [
            "student_1"
        ],
        "marks": 1.0
    },
    "model": "core.submission",
    "pk": 198
},
{
    "fields": {
        "completion": 1.0,
        "assignment": 26,
        "timestamp": "2015-07-13T06:50:26Z",
        "student": [
            "student_10"
        ],
        "marks": 0.68
    },
    "model": "core.submission",
    "pk": 199
},
{
    "fields": {
        "completion": 1.0,
        "assignment": 26,
        "timestamp": "2015-07-13T06:50:37Z",
        "student": [
            "student_11"
        ],
        "marks": 0.77
    },
    "model": "core.submission",
    "pk": 200
},
{
    "fields": {
        "completion": 1.0,
        "assignment": 26,
        "timestamp": "2015-07-13T06:50:53Z",
        "student": [
            "student_2"
        ],
        "marks": 0.79
    },
    "model": "core.submission",
    "pk": 201
},
{
    "fields": {
        "completion": 1.0,
        "assignment": 26,
        "timestamp": "2015-07-13T06:51:06Z",
        "student": [
            "student_3"
        ],
        "marks": 0.87
    },
    "model": "core.submission",
    "pk": 202
},
{
    "fields": {
        "completion": 1.0,
        "assignment": 26,
        "timestamp": "2015-07-13T06:51:24Z",
        "student": [
            "student_4"
        ],
        "marks": 0.57
    },
    "model": "core.submission",
    "pk": 203
},
{
    "fields": {
        "completion": 1.0,
        "assignment": 26,
        "timestamp": "2015-07-13T06:51:42Z",
        "student": [
            "student_5"
        ],
        "marks": 0.69
    },
    "model": "core.submission",
    "pk": 204
},
{
    "fields": {
        "completion": 1.0,
        "assignment": 26,
        "timestamp": "2015-07-13T06:51:53Z",
        "student": [
            "student_6"
        ],
        "marks": 0.31
    },
    "model": "core.submission",
    "pk": 205
},
{
    "fields": {
        "completion": 1.0,
        "assignment": 26,
        "timestamp": "2015-07-13T06:52:04Z",
        "student": [
            "student_7"
        ],
        "marks": 0.15
    },
    "model": "core.submission",
    "pk": 206
},
{
    "fields": {
        "completion": 1.0,
        "assignment": 26,
        "timestamp": "2015-07-13T06:52:16Z",
        "student": [
            "student_8"
        ],
        "marks": 0.45
    },
    "model": "core.submission",
    "pk": 207
},
{
    "fields": {
        "completion": 1.0,
        "assignment": 26,
        "timestamp": "2015-07-13T06:52:27Z",
        "student": [
            "student_9"
        ],
        "marks": 0.98
    },
    "model": "core.submission",
    "pk": 208
},
{
    "fields": {
        "completion": 1.0,
        "assignment": 27,
        "timestamp": "2015-07-13T06:52:46Z",
        "student": [
            "student_1"
        ],
        "marks": 1.0
    },
    "model": "core.submission",
    "pk": 209
},
{
    "fields": {
        "completion": 1.0,
        "assignment": 27,
        "timestamp": "2015-07-13T06:52:57Z",
        "student": [
            "student_10"
        ],
        "marks": 0.56
    },
    "model": "core.submission",
    "pk": 210
},
{
    "fields": {
        "completion": 1.0,
        "assignment": 27,
        "timestamp": "2015-07-13T06:53:08Z",
        "student": [
            "student_11"
        ],
        "marks": 0.75
    },
    "model": "core.submission",
    "pk": 211
},
{
    "fields": {
        "completion": 1.0,
        "assignment": 27,
        "timestamp": "2015-07-13T06:53:20Z",
        "student": [
            "student_2"
        ],
        "marks": 0.59
    },
    "model": "core.submission",
    "pk": 212
},
{
    "fields": {
        "completion": 1.0,
        "assignment": 27,
        "timestamp": "2015-07-13T06:53:32Z",
        "student": [
            "student_3"
        ],
        "marks": 0.17
    },
    "model": "core.submission",
    "pk": 213
},
{
    "fields": {
        "completion": 1.0,
        "assignment": 27,
        "timestamp": "2015-07-13T06:53:45Z",
        "student": [
            "student_4"
        ],
        "marks": 0.28
    },
    "model": "core.submission",
    "pk": 214
},
{
    "fields": {
        "completion": 1.0,
        "assignment": 27,
        "timestamp": "2015-07-13T06:53:54Z",
        "student": [
            "student_5"
        ],
        "marks": 1.0
    },
    "model": "core.submission",
    "pk": 215
},
{
    "fields": {
        "completion": 1.0,
        "assignment": 27,
        "timestamp": "2015-07-13T06:54:08Z",
        "student": [
            "student_6"
        ],
        "marks": 0.44
    },
    "model": "core.submission",
    "pk": 216
},
{
    "fields": {
        "completion": 1.0,
        "assignment": 27,
        "timestamp": "2015-07-13T06:54:19Z",
        "student": [
            "student_7"
        ],
        "marks": 0.88
    },
    "model": "core.submission",
    "pk": 217
},
{
    "fields": {
        "completion": 1.0,
        "assignment": 27,
        "timestamp": "2015-07-13T06:54:28Z",
        "student": [
            "student_8"
        ],
        "marks": 0.99
    },
    "model": "core.submission",
    "pk": 218
},
{
    "fields": {
        "completion": 1.0,
        "assignment": 27,
        "timestamp": "2015-07-13T06:54:41Z",
        "student": [
            "student_9"
        ],
        "marks": 0.71
    },
    "model": "core.submission",
    "pk": 219
},
{
    "fields": {
        "completion": 1.0,
        "assignment": 28,
        "timestamp": "2015-07-13T06:54:53Z",
        "student": [
            "student_1"
        ],
        "marks": 0.93
    },
    "model": "core.submission",
    "pk": 220
},
{
    "fields": {
        "completion": 1.0,
        "assignment": 28,
        "timestamp": "2015-07-13T06:55:04Z",
        "student": [
            "student_10"
        ],
        "marks": 1.0
    },
    "model": "core.submission",
    "pk": 221
},
{
    "fields": {
        "completion": 1.0,
        "assignment": 28,
        "timestamp": "2015-07-13T06:55:24Z",
        "student": [
            "student_11"
        ],
        "marks": 0.76
    },
    "model": "core.submission",
    "pk": 222
},
{
    "fields": {
        "completion": 1.0,
        "assignment": 28,
        "timestamp": "2015-07-13T06:55:39Z",
        "student": [
            "student_2"
        ],
        "marks": 0.77
    },
    "model": "core.submission",
    "pk": 223
},
{
    "fields": {
        "completion": 1.0,
        "assignment": 28,
        "timestamp": "2015-07-13T06:55:54Z",
        "student": [
            "student_3"
        ],
        "marks": 0.5
    },
    "model": "core.submission",
    "pk": 224
},
{
    "fields": {
        "completion": 1.0,
        "assignment": 28,
        "timestamp": "2015-07-13T06:56:06Z",
        "student": [
            "student_4"
        ],
        "marks": 0.57
    },
    "model": "core.submission",
    "pk": 225
},
{
    "fields": {
        "completion": 1.0,
        "assignment": 28,
        "timestamp": "2015-07-13T06:56:22Z",
        "student": [
            "student_5"
        ],
        "marks": 0.24
    },
    "model": "core.submission",
    "pk": 226
},
{
    "fields": {
        "completion": 1.0,
        "assignment": 28,
        "timestamp": "2015-07-13T06:56:41Z",
        "student": [
            "student_6"
        ],
        "marks": 0.56
    },
    "model": "core.submission",
    "pk": 227
},
{
    "fields": {
        "completion": 1.0,
        "assignment": 28,
        "timestamp": "2015-07-13T06:56:54Z",
        "student": [
            "student_7"
        ],
        "marks": 0.29
    },
    "model": "core.submission",
    "pk": 228
},
{
    "fields": {
        "completion": 1.0,
        "assignment": 28,
        "timestamp": "2015-07-13T06:57:06Z",
        "student": [
            "student_8"
        ],
        "marks": 0.49
    },
    "model": "core.submission",
    "pk": 229
},
{
    "fields": {
        "completion": 1.0,
        "assignment": 28,
        "timestamp": "2015-07-13T06:57:14Z",
        "student": [
            "student_9"
        ],
        "marks": 1.0
    },
    "model": "core.submission",
    "pk": 230
},
{
    "fields": {
        "completion": 1.0,
        "assignment": 29,
        "timestamp": "2015-07-13T06:58:25Z",
        "student": [
            "student_1"
        ],
        "marks": 0.94
    },
    "model": "core.submission",
    "pk": 231
},
{
    "fields": {
        "completion": 1.0,
        "assignment": 29,
        "timestamp": "2015-07-13T06:58:42Z",
        "student": [
            "student_10"
        ],
        "marks": 0.35
    },
    "model": "core.submission",
    "pk": 232
},
{
    "fields": {
        "completion": 1.0,
        "assignment": 29,
        "timestamp": "2015-07-13T06:59:02Z",
        "student": [
            "student_11"
        ],
        "marks": 1.0
    },
    "model": "core.submission",
    "pk": 233
},
{
    "fields": {
        "completion": 1.0,
        "assignment": 29,
        "timestamp": "2015-07-13T06:59:13Z",
        "student": [
            "student_2"
        ],
        "marks": 0.52
    },
    "model": "core.submission",
    "pk": 234
},
{
    "fields": {
        "completion": 1.0,
        "assignment": 29,
        "timestamp": "2015-07-13T06:59:26Z",
        "student": [
            "student_3"
        ],
        "marks": 0.1
    },
    "model": "core.submission",
    "pk": 235
},
{
    "fields": {
        "completion": 1.0,
        "assignment": 29,
        "timestamp": "2015-07-13T07:00:14Z",
        "student": [
            "student_4"
        ],
        "marks": 0.63
    },
    "model": "core.submission",
    "pk": 236
},
{
    "fields": {
        "completion": 1.0,
        "assignment": 29,
        "timestamp": "2015-07-13T07:00:29Z",
        "student": [
            "student_5"
        ],
        "marks": 0.91
    },
    "model": "core.submission",
    "pk": 237
},
{
    "fields": {
        "completion": 1.0,
        "assignment": 29,
        "timestamp": "2015-07-13T07:00:44Z",
        "student": [
            "student_6"
        ],
        "marks": 0.52
    },
    "model": "core.submission",
    "pk": 238
},
{
    "fields": {
        "completion": 1.0,
        "assignment": 29,
        "timestamp": "2015-07-13T07:01:00Z",
        "student": [
            "student_7"
        ],
        "marks": 0.35
    },
    "model": "core.submission",
    "pk": 239
},
{
    "fields": {
        "completion": 1.0,
        "assignment": 29,
        "timestamp": "2015-07-13T07:01:51Z",
        "student": [
            "student_8"
        ],
        "marks": 0.99
    },
    "model": "core.submission",
    "pk": 240
},
{
    "fields": {
        "completion": 1.0,
        "assignment": 29,
        "timestamp": "2015-07-13T07:01:37Z",
        "student": [
            "student_9"
        ],
        "marks": 0.74
    },
    "model": "core.submission",
    "pk": 241
},
{
    "fields": {
        "completion": 1.0,
        "assignment": 30,
        "timestamp": "2015-07-13T07:02:02Z",
        "student": [
            "student_1"
        ],
        "marks": 0.22
    },
    "model": "core.submission",
    "pk": 242
},
{
    "fields": {
        "completion": 1.0,
        "assignment": 30,
        "timestamp": "2015-07-13T07:02:24Z",
        "student": [
            "student_10"
        ],
        "marks": 0.99
    },
    "model": "core.submission",
    "pk": 243
},
{
    "fields": {
        "completion": 1.0,
        "assignment": 30,
        "timestamp": "2015-07-13T07:02:35Z",
        "student": [
            "student_11"
        ],
        "marks": 0.52
    },
    "model": "core.submission",
    "pk": 244
},
{
    "fields": {
        "completion": 1.0,
        "assignment": 30,
        "timestamp": "2015-07-13T07:02:46Z",
        "student": [
            "student_2"
        ],
        "marks": 0.21
    },
    "model": "core.submission",
    "pk": 245
},
{
    "fields": {
        "completion": 1.0,
        "assignment": 30,
        "timestamp": "2015-07-13T07:03:29Z",
        "student": [
            "student_3"
        ],
        "marks": 0.36
    },
    "model": "core.submission",
    "pk": 246
},
{
    "fields": {
        "completion": 1.0,
        "assignment": 30,
        "timestamp": "2015-07-13T07:03:48Z",
        "student": [
            "student_4"
        ],
        "marks": 0.67
    },
    "model": "core.submission",
    "pk": 247
},
{
    "fields": {
        "completion": 1.0,
        "assignment": 30,
        "timestamp": "2015-07-13T07:04:19Z",
        "student": [
            "student_5"
        ],
        "marks": 0.67
    },
    "model": "core.submission",
    "pk": 248
},
{
    "fields": {
        "completion": 1.0,
        "assignment": 30,
        "timestamp": "2015-07-13T07:04:33Z",
        "student": [
            "student_6"
        ],
        "marks": 0.37
    },
    "model": "core.submission",
    "pk": 249
},
{
    "fields": {
        "completion": 1.0,
        "assignment": 30,
        "timestamp": "2015-07-13T07:04:44Z",
        "student": [
            "student_7"
        ],
        "marks": 0.63
    },
    "model": "core.submission",
    "pk": 250
},
{
    "fields": {
        "completion": 1.0,
        "assignment": 30,
        "timestamp": "2015-07-13T07:04:54Z",
        "student": [
            "student_8"
        ],
        "marks": 0.84
    },
    "model": "core.submission",
    "pk": 251
},
{
    "fields": {
        "completion": 1.0,
        "assignment": 30,
        "timestamp": "2015-07-13T07:05:06Z",
        "student": [
            "student_9"
        ],
        "marks": 0.83
    },
    "model": "core.submission",
    "pk": 252
},
{
    "fields": {
        "completion": 1.0,
        "assignment": 31,
        "timestamp": "2015-07-13T07:05:16Z",
        "student": [
            "student_1"
        ],
        "marks": 0.63
    },
    "model": "core.submission",
    "pk": 253
},
{
    "fields": {
        "completion": 1.0,
        "assignment": 31,
        "timestamp": "2015-07-13T07:05:30Z",
        "student": [
            "student_10"
        ],
        "marks": 0.86
    },
    "model": "core.submission",
    "pk": 254
},
{
    "fields": {
        "completion": 1.0,
        "assignment": 31,
        "timestamp": "2015-07-13T07:05:56Z",
        "student": [
            "student_11"
        ],
        "marks": 0.78
    },
    "model": "core.submission",
    "pk": 255
},
{
    "fields": {
        "completion": 1.0,
        "assignment": 31,
        "timestamp": "2015-07-13T07:06:31Z",
        "student": [
            "student_2"
        ],
        "marks": 0.53
    },
    "model": "core.submission",
    "pk": 256
},
{
    "fields": {
        "completion": 1.0,
        "assignment": 31,
        "timestamp": "2015-07-13T07:06:52Z",
        "student": [
            "student_3"
        ],
        "marks": 1.0
    },
    "model": "core.submission",
    "pk": 257
},
{
    "fields": {
        "completion": 1.0,
        "assignment": 31,
        "timestamp": "2015-07-13T07:07:20Z",
        "student": [
            "student_4"
        ],
        "marks": 0.07
    },
    "model": "core.submission",
    "pk": 258
},
{
    "fields": {
        "completion": 1.0,
        "assignment": 31,
        "timestamp": "2015-07-13T07:07:15Z",
        "student": [
            "student_5"
        ],
        "marks": 0.36
    },
    "model": "core.submission",
    "pk": 259
},
{
    "fields": {
        "completion": 1.0,
        "assignment": 31,
        "timestamp": "2015-07-13T07:07:32Z",
        "student": [
            "student_6"
        ],
        "marks": 0.52
    },
    "model": "core.submission",
    "pk": 260
},
{
    "fields": {
        "completion": 1.0,
        "assignment": 31,
        "timestamp": "2015-07-13T07:09:03Z",
        "student": [
            "student_7"
        ],
        "marks": 0.78
    },
    "model": "core.submission",
    "pk": 261
},
{
    "fields": {
        "completion": 1.0,
        "assignment": 31,
        "timestamp": "2015-07-13T07:07:58Z",
        "student": [
            "student_8"
        ],
        "marks": 0.99
    },
    "model": "core.submission",
    "pk": 262
},
{
    "fields": {
        "completion": 1.0,
        "assignment": 31,
        "timestamp": "2015-07-13T07:08:09Z",
        "student": [
            "student_9"
        ],
        "marks": 0.75
    },
    "model": "core.submission",
    "pk": 263
},
{
    "fields": {
        "completion": 1.0,
        "assignment": 32,
        "timestamp": "2015-07-13T07:09:30Z",
        "student": [
            "student_1"
        ],
        "marks": 0.1
    },
    "model": "core.submission",
    "pk": 264
},
{
    "fields": {
        "completion": 1.0,
        "assignment": 32,
        "timestamp": "2015-07-13T07:09:40Z",
        "student": [
            "student_10"
        ],
        "marks": 1.0
    },
    "model": "core.submission",
    "pk": 265
},
{
    "fields": {
        "completion": 1.0,
        "assignment": 32,
        "timestamp": "2015-07-13T07:10:00Z",
        "student": [
            "student_11"
        ],
        "marks": 0.64
    },
    "model": "core.submission",
    "pk": 266
},
{
    "fields": {
        "completion": 1.0,
        "assignment": 32,
        "timestamp": "2015-07-13T07:10:13Z",
        "student": [
            "student_2"
        ],
        "marks": 0.75
    },
    "model": "core.submission",
    "pk": 267
},
{
    "fields": {
        "completion": 1.0,
        "assignment": 32,
        "timestamp": "2015-07-13T07:10:42Z",
        "student": [
            "student_3"
        ],
        "marks": 0.64
    },
    "model": "core.submission",
    "pk": 268
},
{
    "fields": {
        "completion": 1.0,
        "assignment": 32,
        "timestamp": "2015-07-13T07:10:36Z",
        "student": [
            "student_4"
        ],
        "marks": 1.0
    },
    "model": "core.submission",
    "pk": 269
},
{
    "fields": {
        "completion": 1.0,
        "assignment": 32,
        "timestamp": "2015-07-13T07:10:54Z",
        "student": [
            "student_5"
        ],
        "marks": 0.99
    },
    "model": "core.submission",
    "pk": 270
},
{
    "fields": {
        "completion": 1.0,
        "assignment": 32,
        "timestamp": "2015-07-13T07:11:20Z",
        "student": [
            "student_6"
        ],
        "marks": 0.58
    },
    "model": "core.submission",
    "pk": 271
},
{
    "fields": {
        "completion": 1.0,
        "assignment": 32,
        "timestamp": "2015-07-13T07:11:48Z",
        "student": [
            "student_7"
        ],
        "marks": 0.85
    },
    "model": "core.submission",
    "pk": 272
},
{
    "fields": {
        "completion": 1.0,
        "assignment": 32,
        "timestamp": "2015-07-13T07:11:42Z",
        "student": [
            "student_8"
        ],
        "marks": 0.53
    },
    "model": "core.submission",
    "pk": 273
},
{
    "fields": {
        "completion": 1.0,
        "assignment": 32,
        "timestamp": "2015-07-13T07:12:00Z",
        "student": [
            "student_9"
        ],
        "marks": 0.99
    },
    "model": "core.submission",
    "pk": 274
},
{
    "fields": {
        "completion": 1.0,
        "assignment": 33,
        "timestamp": "2015-07-13T07:12:10Z",
        "student": [
            "student_1"
        ],
        "marks": 0.8
    },
    "model": "core.submission",
    "pk": 275
},
{
    "fields": {
        "completion": 1.0,
        "assignment": 33,
        "timestamp": "2015-07-13T07:12:22Z",
        "student": [
            "student_10"
        ],
        "marks": 0.37
    },
    "model": "core.submission",
    "pk": 276
},
{
    "fields": {
        "completion": 1.0,
        "assignment": 33,
        "timestamp": "2015-07-13T07:12:31Z",
        "student": [
            "student_11"
        ],
        "marks": 0.84
    },
    "model": "core.submission",
    "pk": 277
},
{
    "fields": {
        "completion": 1.0,
        "assignment": 33,
        "timestamp": "2015-07-13T07:12:44Z",
        "student": [
            "student_2"
        ],
        "marks": 0.65
    },
    "model": "core.submission",
    "pk": 278
},
{
    "fields": {
        "completion": 1.0,
        "assignment": 33,
        "timestamp": "2015-07-13T07:12:53Z",
        "student": [
            "student_3"
        ],
        "marks": 0.53
    },
    "model": "core.submission",
    "pk": 279
},
{
    "fields": {
        "completion": 1.0,
        "assignment": 33,
        "timestamp": "2015-07-13T07:13:04Z",
        "student": [
            "student_4"
        ],
        "marks": 0.75
    },
    "model": "core.submission",
    "pk": 280
},
{
    "fields": {
        "completion": 1.0,
        "assignment": 33,
        "timestamp": "2015-07-13T07:13:13Z",
        "student": [
            "student_5"
        ],
        "marks": 0.21
    },
    "model": "core.submission",
    "pk": 281
},
{
    "fields": {
        "completion": 1.0,
        "assignment": 33,
        "timestamp": "2015-07-13T07:13:24Z",
        "student": [
            "student_6"
        ],
        "marks": 0.94
    },
    "model": "core.submission",
    "pk": 282
},
{
    "fields": {
        "completion": 1.0,
        "assignment": 33,
        "timestamp": "2015-07-13T07:13:35Z",
        "student": [
            "student_7"
        ],
        "marks": 0.46
    },
    "model": "core.submission",
    "pk": 283
},
{
    "fields": {
        "completion": 1.0,
        "assignment": 33,
        "timestamp": "2015-07-13T07:13:48Z",
        "student": [
            "student_8"
        ],
        "marks": 0.52
    },
    "model": "core.submission",
    "pk": 284
},
{
    "fields": {
        "completion": 1.0,
        "assignment": 33,
        "timestamp": "2015-07-13T07:14:01Z",
        "student": [
            "student_9"
        ],
        "marks": 0.05
    },
    "model": "core.submission",
    "pk": 285
},
{
    "fields": {
        "completion": 1.0,
        "assignment": 34,
        "timestamp": "2015-07-13T07:37:01Z",
        "student": [
            "student_1"
        ],
        "marks": 0.67
    },
    "model": "core.submission",
    "pk": 286
},
{
    "fields": {
        "completion": 1.0,
        "assignment": 34,
        "timestamp": "2015-07-13T07:37:15Z",
        "student": [
            "student_10"
        ],
        "marks": 0.92
    },
    "model": "core.submission",
    "pk": 287
},
{
    "fields": {
        "completion": 1.0,
        "assignment": 34,
        "timestamp": "2015-07-13T07:37:26Z",
        "student": [
            "student_11"
        ],
        "marks": 0.18
    },
    "model": "core.submission",
    "pk": 288
},
{
    "fields": {
        "completion": 1.0,
        "assignment": 34,
        "timestamp": "2015-07-13T07:37:36Z",
        "student": [
            "student_2"
        ],
        "marks": 0.99
    },
    "model": "core.submission",
    "pk": 289
},
{
    "fields": {
        "completion": 1.0,
        "assignment": 34,
        "timestamp": "2015-07-13T07:37:52Z",
        "student": [
            "student_3"
        ],
        "marks": 0.45
    },
    "model": "core.submission",
    "pk": 290
},
{
    "fields": {
        "completion": 1.0,
        "assignment": 34,
        "timestamp": "2015-07-13T07:38:02Z",
        "student": [
            "student_4"
        ],
        "marks": 0.56
    },
    "model": "core.submission",
    "pk": 291
},
{
    "fields": {
        "completion": 1.0,
        "assignment": 34,
        "timestamp": "2015-07-13T07:38:12Z",
        "student": [
            "student_5"
        ],
        "marks": 1.0
    },
    "model": "core.submission",
    "pk": 292
},
{
    "fields": {
        "completion": 1.0,
        "assignment": 34,
        "timestamp": "2015-07-13T07:38:57Z",
        "student": [
            "student_6"
        ],
        "marks": 0.76
    },
    "model": "core.submission",
    "pk": 293
},
{
    "fields": {
        "completion": 1.0,
        "assignment": 34,
        "timestamp": "2015-07-13T07:39:10Z",
        "student": [
            "student_7"
        ],
        "marks": 0.83
    },
    "model": "core.submission",
    "pk": 294
},
{
    "fields": {
        "completion": 1.0,
        "assignment": 34,
        "timestamp": "2015-07-13T07:39:21Z",
        "student": [
            "student_8"
        ],
        "marks": 0.19
    },
    "model": "core.submission",
    "pk": 295
},
{
    "fields": {
        "completion": 1.0,
        "assignment": 34,
        "timestamp": "2015-07-13T07:39:52Z",
        "student": [
            "student_9"
        ],
        "marks": 1.0
    },
    "model": "core.submission",
    "pk": 296
},
{
    "fields": {
        "completion": 1.0,
        "assignment": 35,
        "timestamp": "2015-07-13T07:40:03Z",
        "student": [
            "student_1"
        ],
        "marks": 0.65
    },
    "model": "core.submission",
    "pk": 297
},
{
    "fields": {
        "completion": 1.0,
        "assignment": 35,
        "timestamp": "2015-07-13T07:40:15Z",
        "student": [
            "student_10"
        ],
        "marks": 0.13
    },
    "model": "core.submission",
    "pk": 298
},
{
    "fields": {
        "completion": 1.0,
        "assignment": 35,
        "timestamp": "2015-07-13T07:40:31Z",
        "student": [
            "student_11"
        ],
        "marks": 0.77
    },
    "model": "core.submission",
    "pk": 299
},
{
    "fields": {
        "completion": 1.0,
        "assignment": 35,
        "timestamp": "2015-07-13T07:40:46Z",
        "student": [
            "student_2"
        ],
        "marks": 0.25
    },
    "model": "core.submission",
    "pk": 300
},
{
    "fields": {
        "completion": 1.0,
        "assignment": 35,
        "timestamp": "2015-07-13T07:41:44Z",
        "student": [
            "student_3"
        ],
        "marks": 0.34
    },
    "model": "core.submission",
    "pk": 301
},
{
    "fields": {
        "completion": 1.0,
        "assignment": 35,
        "timestamp": "2015-07-13T07:41:58Z",
        "student": [
            "student_4"
        ],
        "marks": 0.45
    },
    "model": "core.submission",
    "pk": 302
},
{
    "fields": {
        "completion": 1.0,
        "assignment": 35,
        "timestamp": "2015-07-13T07:42:10Z",
        "student": [
            "student_5"
        ],
        "marks": 0.72
    },
    "model": "core.submission",
    "pk": 303
},
{
    "fields": {
        "completion": 1.0,
        "assignment": 35,
        "timestamp": "2015-07-13T07:42:19Z",
        "student": [
            "student_6"
        ],
        "marks": 1.0
    },
    "model": "core.submission",
    "pk": 304
},
{
    "fields": {
        "completion": 1.0,
        "assignment": 35,
        "timestamp": "2015-07-13T07:42:35Z",
        "student": [
            "student_7"
        ],
        "marks": 0.94
    },
    "model": "core.submission",
    "pk": 305
},
{
    "fields": {
        "completion": 1.0,
        "assignment": 35,
        "timestamp": "2015-07-13T07:42:45Z",
        "student": [
            "student_8"
        ],
        "marks": 0.95
    },
    "model": "core.submission",
    "pk": 306
},
{
    "fields": {
        "completion": 1.0,
        "assignment": 35,
        "timestamp": "2015-07-13T07:42:58Z",
        "student": [
            "student_9"
        ],
        "marks": 0.01
    },
    "model": "core.submission",
    "pk": 307
},
{
    "fields": {
        "completion": 1.0,
        "assignment": 36,
        "timestamp": "2015-07-13T07:43:08Z",
        "student": [
            "student_1"
        ],
        "marks": 1.0
    },
    "model": "core.submission",
    "pk": 308
},
{
    "fields": {
        "completion": 1.0,
        "assignment": 36,
        "timestamp": "2015-07-13T07:43:22Z",
        "student": [
            "student_10"
        ],
        "marks": 0.54
    },
    "model": "core.submission",
    "pk": 309
},
{
    "fields": {
        "completion": 1.0,
        "assignment": 36,
        "timestamp": "2015-07-13T07:43:31Z",
        "student": [
            "student_11"
        ],
        "marks": 0.93
    },
    "model": "core.submission",
    "pk": 310
},
{
    "fields": {
        "completion": 1.0,
        "assignment": 36,
        "timestamp": "2015-07-13T07:43:55Z",
        "student": [
            "student_2"
        ],
        "marks": 0.83
    },
    "model": "core.submission",
    "pk": 311
},
{
    "fields": {
        "completion": 1.0,
        "assignment": 36,
        "timestamp": "2015-07-13T07:44:05Z",
        "student": [
            "student_3"
        ],
        "marks": 0.34
    },
    "model": "core.submission",
    "pk": 312
},
{
    "fields": {
        "completion": 1.0,
        "assignment": 36,
        "timestamp": "2015-07-13T07:44:22Z",
        "student": [
            "student_4"
        ],
        "marks": 0.58
    },
    "model": "core.submission",
    "pk": 313
},
{
    "fields": {
        "completion": 1.0,
        "assignment": 36,
        "timestamp": "2015-07-13T07:44:33Z",
        "student": [
            "student_5"
        ],
        "marks": 0.88
    },
    "model": "core.submission",
    "pk": 314
},
{
    "fields": {
        "completion": 1.0,
        "assignment": 36,
        "timestamp": "2015-07-13T07:44:43Z",
        "student": [
            "student_6"
        ],
        "marks": 0.16
    },
    "model": "core.submission",
    "pk": 315
},
{
    "fields": {
        "completion": 1.0,
        "assignment": 36,
        "timestamp": "2015-07-13T07:44:54Z",
        "student": [
            "student_7"
        ],
        "marks": 0.99
    },
    "model": "core.submission",
    "pk": 316
},
{
    "fields": {
        "completion": 1.0,
        "assignment": 36,
        "timestamp": "2015-07-13T07:45:07Z",
        "student": [
            "student_8"
        ],
        "marks": 0.83
    },
    "model": "core.submission",
    "pk": 317
},
{
    "fields": {
        "completion": 1.0,
        "assignment": 36,
        "timestamp": "2015-07-13T07:45:17Z",
        "student": [
            "student_9"
        ],
        "marks": 0.24
    },
    "model": "core.submission",
    "pk": 318
},
{
    "fields": {
        "completion": 1.0,
        "assignment": 37,
        "timestamp": "2015-07-13T07:46:06Z",
        "student": [
            "student_1"
        ],
        "marks": 0.81
    },
    "model": "core.submission",
    "pk": 319
},
{
    "fields": {
        "completion": 1.0,
        "assignment": 37,
        "timestamp": "2015-07-13T07:46:20Z",
        "student": [
            "student_10"
        ],
        "marks": 0.67
    },
    "model": "core.submission",
    "pk": 320
},
{
    "fields": {
        "completion": 1.0,
        "assignment": 37,
        "timestamp": "2015-07-13T07:46:35Z",
        "student": [
            "student_11"
        ],
        "marks": 0.24
    },
    "model": "core.submission",
    "pk": 321
},
{
    "fields": {
        "completion": 1.0,
        "assignment": 37,
        "timestamp": "2015-07-13T07:46:46Z",
        "student": [
            "student_2"
        ],
        "marks": 1.0
    },
    "model": "core.submission",
    "pk": 322
},
{
    "fields": {
        "completion": 1.0,
        "assignment": 37,
        "timestamp": "2015-07-13T07:46:57Z",
        "student": [
            "student_3"
        ],
        "marks": 0.55
    },
    "model": "core.submission",
    "pk": 323
},
{
    "fields": {
        "completion": 1.0,
        "assignment": 37,
        "timestamp": "2015-07-13T07:47:44Z",
        "student": [
            "student_4"
        ],
        "marks": 0.43
    },
    "model": "core.submission",
    "pk": 324
},
{
    "fields": {
        "completion": 1.0,
        "assignment": 37,
        "timestamp": "2015-07-13T07:48:02Z",
        "student": [
            "student_5"
        ],
        "marks": 0.73
    },
    "model": "core.submission",
    "pk": 325
},
{
    "fields": {
        "completion": 1.0,
        "assignment": 37,
        "timestamp": "2015-07-13T07:48:16Z",
        "student": [
            "student_6"
        ],
        "marks": 0.61
    },
    "model": "core.submission",
    "pk": 326
},
{
    "fields": {
        "completion": 1.0,
        "assignment": 37,
        "timestamp": "2015-07-13T07:48:25Z",
        "student": [
            "student_7"
        ],
        "marks": 1.0
    },
    "model": "core.submission",
    "pk": 327
},
{
    "fields": {
        "completion": 1.0,
        "assignment": 37,
        "timestamp": "2015-07-13T07:48:36Z",
        "student": [
            "student_8"
        ],
        "marks": 0.45
    },
    "model": "core.submission",
    "pk": 328
},
{
    "fields": {
        "completion": 1.0,
        "assignment": 37,
        "timestamp": "2015-07-13T07:48:47Z",
        "student": [
            "student_9"
        ],
        "marks": 0.82
    },
    "model": "core.submission",
    "pk": 329
},
{
    "fields": {
        "completion": 1.0,
        "assignment": 38,
        "timestamp": "2015-07-13T07:48:59Z",
        "student": [
            "student_1"
        ],
        "marks": 0.43
    },
    "model": "core.submission",
    "pk": 330
},
{
    "fields": {
        "completion": 1.0,
        "assignment": 38,
        "timestamp": "2015-07-13T07:49:10Z",
        "student": [
            "student_10"
        ],
        "marks": 0.14
    },
    "model": "core.submission",
    "pk": 331
},
{
    "fields": {
        "completion": 1.0,
        "assignment": 38,
        "timestamp": "2015-07-13T07:49:22Z",
        "student": [
            "student_11"
        ],
        "marks": 0.18
    },
    "model": "core.submission",
    "pk": 332
},
{
    "fields": {
        "completion": 1.0,
        "assignment": 38,
        "timestamp": "2015-07-13T07:49:32Z",
        "student": [
            "student_2"
        ],
        "marks": 0.71
    },
    "model": "core.submission",
    "pk": 333
},
{
    "fields": {
        "completion": 1.0,
        "assignment": 38,
        "timestamp": "2015-07-13T07:49:42Z",
        "student": [
            "student_3"
        ],
        "marks": 0.73
    },
    "model": "core.submission",
    "pk": 334
},
{
    "fields": {
        "completion": 1.0,
        "assignment": 38,
        "timestamp": "2015-07-13T07:49:51Z",
        "student": [
            "student_4"
        ],
        "marks": 0.88
    },
    "model": "core.submission",
    "pk": 335
},
{
    "fields": {
        "completion": 1.0,
        "assignment": 38,
        "timestamp": "2015-07-13T07:50:02Z",
        "student": [
            "student_5"
        ],
        "marks": 0.62
    },
    "model": "core.submission",
    "pk": 336
},
{
    "fields": {
        "completion": 1.0,
        "assignment": 38,
        "timestamp": "2015-07-13T07:50:15Z",
        "student": [
            "student_6"
        ],
        "marks": 0.99
    },
    "model": "core.submission",
    "pk": 337
},
{
    "fields": {
        "completion": 1.0,
        "assignment": 38,
        "timestamp": "2015-07-13T07:50:26Z",
        "student": [
            "student_7"
        ],
        "marks": 0.55
    },
    "model": "core.submission",
    "pk": 338
},
{
    "fields": {
        "completion": 1.0,
        "assignment": 38,
        "timestamp": "2015-07-13T07:50:42Z",
        "student": [
            "student_8"
        ],
        "marks": 0.92
    },
    "model": "core.submission",
    "pk": 339
},
{
    "fields": {
        "completion": 1.0,
        "assignment": 38,
        "timestamp": "2015-07-13T07:50:54Z",
        "student": [
            "student_9"
        ],
        "marks": 1.0
    },
    "model": "core.submission",
    "pk": 340
},
{
    "fields": {
        "classRoom": 1,
        "students": [
            [
                "testStudent1"
            ]
        ],
        "teacher": [
            "testTeacher1"
        ],
        "subject": 1
    },
    "model": "core.subjectroom",
    "pk": 1
},
{
    "fields": {
        "classRoom": 1,
        "students": [
            [
                "testStudent1"
            ]
        ],
        "teacher": [
            "testTeacher1"
        ],
        "subject": 2
    },
    "model": "core.subjectroom",
    "pk": 2
},
{
    "fields": {
        "classRoom": 3,
        "students": [
            [
                "testStudent3"
            ]
        ],
        "teacher": [
            "testTeacher4"
        ],
        "subject": 1
    },
    "model": "core.subjectroom",
    "pk": 3
},
{
    "fields": {
        "classRoom": 5,
        "students": [
            [
                "student_1"
            ],
            [
                "student_2"
            ],
            [
                "student_3"
            ],
            [
                "student_4"
            ],
            [
                "student_5"
            ],
            [
                "student_6"
            ],
            [
                "student_7"
            ],
            [
                "student_8"
            ],
            [
                "student_9"
            ],
            [
                "student_10"
            ],
            [
                "student_11"
            ]
        ],
        "teacher": [
            "subjectteacher_1"
        ],
        "subject": 1
    },
    "model": "core.subjectroom",
    "pk": 4
},
{
    "fields": {
        "classRoom": 5,
        "students": [
            [
                "student_1"
            ],
            [
                "student_2"
            ],
            [
                "student_3"
            ],
            [
                "student_4"
            ],
            [
                "student_5"
            ],
            [
                "student_6"
            ],
            [
                "student_7"
            ],
            [
                "student_8"
            ],
            [
                "student_9"
            ],
            [
                "student_10"
            ],
            [
                "student_11"
            ]
        ],
        "teacher": [
            "subjectteacher_2"
        ],
        "subject": 3
    },
    "model": "core.subjectroom",
    "pk": 5
},
{
    "fields": {
        "classRoom": 5,
        "students": [
            [
                "student_1"
            ],
            [
                "student_2"
            ],
            [
                "student_3"
            ],
            [
                "student_4"
            ],
            [
                "student_5"
            ],
            [
                "student_6"
            ],
            [
                "student_7"
            ],
            [
                "student_8"
            ],
            [
                "student_9"
            ],
            [
                "student_10"
            ],
            [
                "student_11"
            ]
        ],
        "teacher": [
            "subjectteacher_3"
        ],
        "subject": 4
    },
    "model": "core.subjectroom",
    "pk": 6
},
{
    "fields": {
        "classRoom": 5,
        "students": [
            [
                "student_1"
            ],
            [
                "student_2"
            ],
            [
                "student_3"
            ],
            [
                "student_4"
            ],
            [
                "student_5"
            ],
            [
                "student_6"
            ],
            [
                "student_7"
            ],
            [
                "student_8"
            ],
            [
                "student_9"
            ],
            [
                "student_10"
            ],
            [
                "student_11"
            ]
        ],
        "teacher": [
            "subjectteacher_4"
        ],
        "subject": 6
    },
    "model": "core.subjectroom",
    "pk": 7
},
{
    "fields": {
        "classRoom": 5,
        "students": [
            [
                "student_1"
            ],
            [
                "student_2"
            ],
            [
                "student_3"
            ],
            [
                "student_4"
            ],
            [
                "student_5"
            ],
            [
                "student_6"
            ],
            [
                "student_7"
            ],
            [
                "student_8"
            ],
            [
                "student_9"
            ],
            [
                "student_10"
            ],
            [
                "student_11"
            ]
        ],
        "teacher": [
            "subjectteacher_5"
        ],
        "subject": 5
    },
    "model": "core.subjectroom",
    "pk": 8
},
{
    "fields": {
        "classRoom": 5,
        "students": [
            [
                "student_1"
            ],
            [
                "student_2"
            ],
            [
                "student_3"
            ],
            [
                "student_4"
            ],
            [
                "student_5"
            ],
            [
                "student_6"
            ],
            [
                "student_7"
            ],
            [
                "student_8"
            ],
            [
                "student_9"
            ],
            [
                "student_10"
            ],
            [
                "student_11"
            ]
        ],
        "teacher": [
            "subjectteacher_6"
        ],
        "subject": 7
    },
    "model": "core.subjectroom",
    "pk": 9
},
{
    "fields": {
        "students": [
            [
                "testStudent1"
            ],
            [
                "testStudent6"
            ],
            [
                "testStudent7"
            ],
            [
                "testStudent8"
            ]
        ],
        "division": "A",
        "school": 1,
        "classTeacher": [
            "testTeacher1"
        ],
        "standard": 2
    },
    "model": "core.classroom",
    "pk": 1
},
{
    "fields": {
        "students": [
            [
                "testStudent3"
            ],
            [
                "testStudent4"
            ]
        ],
        "division": "B",
        "school": 1,
        "classTeacher": [
            "testTeacher3"
        ],
        "standard": 1
    },
    "model": "core.classroom",
    "pk": 3
},
{
    "fields": {
        "students": [
            [
                "testStudent2"
            ],
            [
                "testStudent3"
            ],
            [
                "testStudent5"
            ]
        ],
        "division": "B",
        "school": 1,
        "classTeacher": [
            "testTeacher3"
        ],
        "standard": 2
    },
    "model": "core.classroom",
    "pk": 4
},
{
    "fields": {
        "students": [
            [
                "student_1"
            ],
            [
                "student_2"
            ],
            [
                "student_3"
            ],
            [
                "student_4"
            ],
            [
                "student_5"
            ],
            [
                "student_6"
            ],
            [
                "student_7"
            ],
            [
                "student_8"
            ],
            [
                "student_9"
            ],
            [
                "student_10"
            ],
            [
                "student_11"
            ]
        ],
        "division": "A",
        "school": 1,
        "classTeacher": [
            "teacher_1"
        ],
        "standard": 3
    },
    "model": "core.classroom",
    "pk": 5
},
{
    "fields": {
        "school": 1,
        "group": 4
    },
    "model": "core.userinfo",
    "pk": 11
},
{
    "fields": {
        "school": 1,
        "group": 2
    },
    "model": "core.userinfo",
    "pk": 12
},
{
    "fields": {
        "school": 1,
        "group": 1
    },
    "model": "core.userinfo",
    "pk": 13
},
{
    "fields": {
        "school": 1,
        "group": 3
    },
    "model": "core.userinfo",
    "pk": 14
},
{
    "fields": {
        "school": 1,
        "group": 2
    },
    "model": "core.userinfo",
    "pk": 15
},
{
    "fields": {
        "school": 1,
        "group": 2
    },
    "model": "core.userinfo",
    "pk": 16
},
{
    "fields": {
        "school": 1,
        "group": 2
    },
    "model": "core.userinfo",
    "pk": 17
},
{
    "fields": {
        "school": 1,
        "group": 1
    },
    "model": "core.userinfo",
    "pk": 18
},
{
    "fields": {
        "school": 1,
        "group": 1
    },
    "model": "core.userinfo",
    "pk": 19
},
{
    "fields": {
        "school": 1,
        "group": 1
    },
    "model": "core.userinfo",
    "pk": 21
},
{
    "fields": {
        "school": 1,
        "group": 1
    },
    "model": "core.userinfo",
    "pk": 22
},
{
    "fields": {
        "school": 1,
        "group": 1
    },
    "model": "core.userinfo",
    "pk": 23
},
{
    "fields": {
        "school": 1,
        "group": 1
    },
    "model": "core.userinfo",
    "pk": 24
},
{
    "fields": {
        "school": 1,
        "group": 1
    },
    "model": "core.userinfo",
    "pk": 25
},
{
    "fields": {
        "school": 1,
        "group": 1
    },
    "model": "core.userinfo",
    "pk": 26
},
{
    "fields": {
        "school": 1,
        "group": 1
    },
    "model": "core.userinfo",
    "pk": 27
},
{
    "fields": {
        "school": 1,
        "group": 1
    },
    "model": "core.userinfo",
    "pk": 28
},
{
    "fields": {
        "school": 1,
        "group": 1
    },
    "model": "core.userinfo",
    "pk": 29
},
{
    "fields": {
        "school": 1,
        "group": 1
    },
    "model": "core.userinfo",
    "pk": 30
},
{
    "fields": {
        "school": 1,
        "group": 1
    },
    "model": "core.userinfo",
    "pk": 31
},
{
    "fields": {
        "school": 1,
        "group": 1
    },
    "model": "core.userinfo",
    "pk": 32
},
{
    "fields": {
        "school": 1,
        "group": 1
    },
    "model": "core.userinfo",
    "pk": 33
},
{
    "fields": {
        "school": 1,
        "group": 1
    },
    "model": "core.userinfo",
    "pk": 34
},
{
    "fields": {
        "school": 1,
        "group": 1
    },
    "model": "core.userinfo",
    "pk": 35
},
{
    "fields": {
        "school": 1,
        "group": 1
    },
    "model": "core.userinfo",
    "pk": 36
},
{
    "fields": {
        "school": 1,
        "group": 2
    },
    "model": "core.userinfo",
    "pk": 37
},
{
    "fields": {
        "school": 1,
        "group": 2
    },
    "model": "core.userinfo",
    "pk": 38
},
{
    "fields": {
        "school": 1,
        "group": 2
    },
    "model": "core.userinfo",
    "pk": 39
},
{
    "fields": {
        "school": 1,
        "group": 2
    },
    "model": "core.userinfo",
    "pk": 40
},
{
    "fields": {
        "school": 1,
        "group": 2
    },
    "model": "core.userinfo",
    "pk": 41
},
{
    "fields": {
        "school": 1,
        "group": 2
    },
    "model": "core.userinfo",
    "pk": 42
},
{
    "fields": {
        "school": 1,
        "group": 2
    },
    "model": "core.userinfo",
    "pk": 43
},
{
    "fields": {
        "school": 1,
        "group": 4
    },
    "model": "core.userinfo",
    "pk": 44
},
{
    "fields": {
        "admin": [
            "testAdmin1"
        ],
        "name": "TestSchool1",
        "board": 1
    },
    "model": "core.school",
    "pk": 1
},
{
    "fields": {
        "students": [
            [
                "testStudent1"
            ]
        ]
    },
    "model": "core.home",
    "pk": 14
}
]
