[
{
    "pk": 1, 
    "model": "core.group", 
    "fields": {
        "name": "Student"
    }
},
{
    "pk": 2, 
    "model": "core.group", 
    "fields": {
        "name": "Teacher"
    }
},
{
    "pk": 3, 
    "model": "core.group", 
    "fields": {
        "name": "Parent"
    }
},
{
    "pk": 4, 
    "model": "core.group", 
    "fields": {
        "name": "Admin"
    }
},
{
    "pk": 1, 
    "model": "core.board", 
    "fields": {
        "name": "CBSE"
    }
},
{
    "pk": 2, 
    "model": "core.board", 
    "fields": {
        "name": "ICSE"
    }
},
{
    "pk": 1, 
    "model": "core.standard", 
    "fields": {
        "number": 8
    }
},
{
    "pk": 2, 
    "model": "core.standard", 
    "fields": {
        "number": 9
    }
},
{
    "pk": 1, 
    "model": "core.subject", 
    "fields": {
        "name": "Math"
    }
},
{
    "pk": 2, 
    "model": "core.subject", 
    "fields": {
        "name": "Physics"
    }
},
{
    "pk": 1, 
    "model": "core.chapter", 
    "fields": {
        "name": "Geometry"
    }
},
{
    "pk": 2, 
    "model": "core.chapter", 
    "fields": {
        "name": "Algebra"
    }
},
{
    "pk": 3, 
    "model": "core.chapter", 
    "fields": {
        "name": "Static Electricity"
    }
},
{
    "pk": 4, 
    "model": "core.chapter", 
    "fields": {
        "name": "Thermodynamics"
    }
},
{
    "pk": 6, 
    "model": "core.question", 
    "fields": {
        "chapter": 1, 
        "school": 1, 
        "standard": 1, 
        "subChapters": [], 
        "meta": "1.json", 
        "subject": 1
    }
},
{
    "pk": 7, 
    "model": "core.question", 
    "fields": {
        "chapter": 2, 
        "school": 1, 
        "standard": 1, 
        "subChapters": [], 
        "meta": "2.json", 
        "subject": 1
    }
},
{
    "pk": 8, 
    "model": "core.question", 
    "fields": {
        "chapter": 1, 
        "school": 1, 
        "standard": 1, 
        "subChapters": [], 
        "meta": "3.json", 
        "subject": 1
    }
},
{
    "pk": 1, 
    "model": "core.assignment", 
    "fields": {
        "assigned": "2015-10-23T22:08:56Z", 
        "subjectRoom": 3, 
        "meta": "1.json", 
        "due": "2015-11-22T23:08:56Z", 
        "questions": [
            6, 
            7, 
            8
        ]
    }
},
{
    "pk": 11, 
    "model": "auth.user", 
    "fields": {
        "username": "testAdmin1", 
        "first_name": "test", 
        "last_name": "admin", 
        "is_active": true, 
        "is_superuser": false, 
        "is_staff": false, 
        "last_login": "2014-09-21T21:58:00Z", 
        "groups": [], 
        "user_permissions": [], 
        "password": "pbkdf2_sha256$12000$1EGwKwmWrX4P$o2VREldg/8R7febwlDj7qLilInGIsAJS1G9EUXxiVwU=", 
        "email": "test.admin@gmail.com", 
        "date_joined": "2014-01-17T16:22:14Z"
    }
},
{
    "pk": 12, 
    "model": "auth.user", 
    "fields": {
        "username": "testTeacher1", 
        "first_name": "test", 
        "last_name": "teacher", 
        "is_active": true, 
        "is_superuser": false, 
        "is_staff": false, 
        "last_login": "2015-06-01T06:53:43Z", 
        "groups": [], 
        "user_permissions": [], 
        "password": "pbkdf2_sha256$12000$JoKJK60VBvdB$u+kNBOYenXIBR2kC2u0Sutjvi2TC21rmJzlcdxoz7K4=", 
        "email": "test.teacher@gmail.com", 
        "date_joined": "2014-01-20T23:26:28Z"
    }
},
{
    "pk": 13, 
    "model": "auth.user", 
    "fields": {
        "username": "testStudent1", 
        "first_name": "test", 
        "last_name": "student", 
        "is_active": true, 
        "is_superuser": false, 
        "is_staff": false, 
        "last_login": "2015-06-01T07:29:21Z", 
        "groups": [], 
        "user_permissions": [], 
        "password": "pbkdf2_sha256$12000$fRSfnMWo8UAF$YTvcQOk+Tv/EdF/Lonrl4Y4od3KdY9INplL+wbzAq7E=", 
        "email": "test.student@gmail.com", 
        "date_joined": "2014-01-20T23:26:56Z"
    }
},
{
    "pk": 14, 
    "model": "auth.user", 
    "fields": {
        "username": "testParent1", 
        "first_name": "test", 
        "last_name": "parent", 
        "is_active": true, 
        "is_superuser": false, 
        "is_staff": false, 
        "last_login": "2014-01-20T23:34:32Z", 
        "groups": [], 
        "user_permissions": [], 
        "password": "pbkdf2_sha256$12000$TSQxBSH1RceH$mCOlDPiOZTGA+/ZNfdj3QtPxaEIxnxeZ28DdSqrn3nE=", 
        "email": "test.parent@gmail.com", 
        "date_joined": "2014-01-20T23:27:34Z"
    }
},
{
    "pk": 15, 
    "model": "auth.user", 
    "fields": {
        "username": "testTeacher2", 
        "first_name": "test", 
        "last_name": "teacher", 
        "is_active": true, 
        "is_superuser": false, 
        "is_staff": false, 
        "last_login": "2014-10-02T13:33:43Z", 
        "groups": [], 
        "user_permissions": [], 
        "password": "pbkdf2_sha256$12000$YQLkjJYQ7KBR$O3ImW1YSLZjI9orlGPs92Z2bEBh53ON5SxroUZazmvc=", 
        "email": "test.teacher2@gmail.com", 
        "date_joined": "2014-10-02T12:04:48Z"
    }
},
{
    "pk": 16, 
    "model": "auth.user", 
    "fields": {
        "username": "testTeacher3", 
        "first_name": "test", 
        "last_name": "teacher", 
        "is_active": true, 
        "is_superuser": false, 
        "is_staff": false, 
        "last_login": "2014-10-02T13:33:56Z", 
        "groups": [], 
        "user_permissions": [], 
        "password": "pbkdf2_sha256$12000$Y8Y1zVu3s26h$xUYIoT39kqxZ7u4EPb1kPq1xJbu2ESPZ3c4hznCGSvs=", 
        "email": "test.teacher3@gmail.com", 
        "date_joined": "2014-10-02T12:05:33Z"
    }
},
{
    "pk": 17, 
    "model": "auth.user", 
    "fields": {
        "username": "testTeacher4", 
        "first_name": "test", 
        "last_name": "teacher", 
        "is_active": true, 
        "is_superuser": false, 
        "is_staff": false, 
        "last_login": "2014-10-02T13:36:57Z", 
        "groups": [], 
        "user_permissions": [], 
        "password": "pbkdf2_sha256$12000$wHmPwneiB9QP$BUJS91brig+dVyQIQgzUMxa/K4ONG1LwGcMsCuuFLxk=", 
        "email": "test.teacher4@gmail.com", 
        "date_joined": "2014-10-02T12:06:07Z"
    }
},
{
    "pk": 18, 
    "model": "auth.user", 
    "fields": {
        "username": "testStudent2", 
        "first_name": "test", 
        "last_name": "student", 
        "is_active": true, 
        "is_superuser": false, 
        "is_staff": false, 
        "last_login": "2014-10-02T13:35:26Z", 
        "groups": [], 
        "user_permissions": [], 
        "password": "pbkdf2_sha256$12000$TYlpi7dAhClz$BkIupnV+fsj6D0xHfAnu9oxMFD0voVBCCMZ8SmvLNHU=", 
        "email": "test.student2@gmail.com", 
        "date_joined": "2014-10-02T12:13:24Z"
    }
},
{
    "pk": 19, 
    "model": "auth.user", 
    "fields": {
        "username": "testStudent3", 
        "first_name": "test", 
        "last_name": "student", 
        "is_active": true, 
        "is_superuser": false, 
        "is_staff": false, 
        "last_login": "2014-10-02T13:34:45Z", 
        "groups": [], 
        "user_permissions": [], 
        "password": "pbkdf2_sha256$12000$djSl2kMvlHA5$3Hqj/7nKt0T7zmUlI1kKx+Osc+dA0k9o32O1eXlxTGg=", 
        "email": "test.student3@gmail.com", 
        "date_joined": "2014-10-02T12:41:25Z"
    }
},
{
    "pk": 20, 
    "model": "auth.user", 
    "fields": {
        "username": "root", 
        "first_name": "", 
        "last_name": "", 
        "is_active": true, 
        "is_superuser": true, 
        "is_staff": true, 
        "last_login": "2015-06-02T11:08:20Z", 
        "groups": [], 
        "user_permissions": [], 
        "password": "pbkdf2_sha256$12000$jwo87ksugDxg$DxWxA0DDO8CzKsS9T9Tk+hpN9KGOlHhvH9MrbfBJ8jQ=", 
        "email": "root@hwcentral.in", 
        "date_joined": "2015-06-02T11:07:49Z"
    }
},
{
    "pk": 1, 
    "model": "core.subjectroom", 
    "fields": {
        "classRoom": 1, 
        "students": [
            [
                "testStudent1"
            ]
        ], 
        "teacher": [
            "testTeacher1"
        ], 
        "subject": 1
    }
},
{
    "pk": 2, 
    "model": "core.subjectroom", 
    "fields": {
        "classRoom": 1, 
        "students": [
            [
                "testStudent1"
            ]
        ], 
        "teacher": [
            "testTeacher1"
        ], 
        "subject": 2
    }
},
{
    "pk": 3, 
    "model": "core.subjectroom", 
    "fields": {
        "classRoom": 3, 
        "students": [
            [
                "testStudent3"
            ]
        ], 
        "teacher": [
            "testTeacher4"
        ], 
        "subject": 1
    }
},
{
    "pk": 1, 
    "model": "core.classroom", 
    "fields": {
        "students": [
            [
                "testStudent1"
            ]
        ], 
        "division": "A", 
        "school": 1, 
        "classTeacher": [
            "testTeacher1"
        ], 
        "standard": 2
    }
},
{
    "pk": 3, 
    "model": "core.classroom", 
    "fields": {
        "students": [
            [
                "testStudent3"
            ]
        ], 
        "division": "B", 
        "school": 1, 
        "classTeacher": [
            "testTeacher3"
        ], 
        "standard": 1
    }
},
{
    "pk": 4, 
    "model": "core.classroom", 
    "fields": {
        "students": [
            [
                "testStudent2"
            ]
        ], 
        "division": "B", 
        "school": 1, 
        "classTeacher": [
            "testTeacher3"
        ], 
        "standard": 2
    }
},
{
    "pk": 11, 
    "model": "core.userinfo", 
    "fields": {
        "school": 1, 
        "group": 4
    }
},
{
    "pk": 12, 
    "model": "core.userinfo", 
    "fields": {
        "school": 1, 
        "group": 2
    }
},
{
    "pk": 13, 
    "model": "core.userinfo", 
    "fields": {
        "school": 1, 
        "group": 1
    }
},
{
    "pk": 14, 
    "model": "core.userinfo", 
    "fields": {
        "school": 1, 
        "group": 3
    }
},
{
    "pk": 15, 
    "model": "core.userinfo", 
    "fields": {
        "school": 1, 
        "group": 2
    }
},
{
    "pk": 16, 
    "model": "core.userinfo", 
    "fields": {
        "school": 1, 
        "group": 2
    }
},
{
    "pk": 17, 
    "model": "core.userinfo", 
    "fields": {
        "school": 1, 
        "group": 2
    }
},
{
    "pk": 18, 
    "model": "core.userinfo", 
    "fields": {
        "school": 1, 
        "group": 1
    }
},
{
    "pk": 19, 
    "model": "core.userinfo", 
    "fields": {
        "school": 1, 
        "group": 1
    }
},
{
    "pk": 1, 
    "model": "core.school", 
    "fields": {
        "admin": [
            "testAdmin1"
        ], 
        "name": "TestSchool1", 
        "board": 1
    }
},
{
    "pk": 14, 
    "model": "core.home", 
    "fields": {
        "students": [
            [
                "testStudent1"
            ]
        ]
    }
}
]
