[
{
    "fields": {
        "name": "Student"
    },
  "model": "core.group",
  "pk": 1
},
{
    "fields": {
        "name": "Teacher"
    },
  "model": "core.group",
  "pk": 2
},
{
    "fields": {
        "name": "Parent"
    },
  "model": "core.group",
  "pk": 3
},
{
    "fields": {
        "name": "Admin"
    },
  "model": "core.group",
  "pk": 4
},
{
    "fields": {
        "name": "CBSE"
    },
  "model": "core.board",
  "pk": 1
},
{
    "fields": {
        "name": "ICSE"
    },
  "model": "core.board",
  "pk": 2
},
{
    "fields": {
        "number": 8
    },
  "model": "core.standard",
  "pk": 1
},
{
    "fields": {
        "number": 9
    },
  "model": "core.standard",
  "pk": 2
},
{
    "fields": {
        "name": "Math"
    },
  "model": "core.subject",
  "pk": 1
},
{
    "fields": {
        "name": "Physics"
    },
  "model": "core.subject",
  "pk": 2
},
{
    "fields": {
        "name": "Geometry"
    },
  "model": "core.chapter",
  "pk": 1
},
{
    "fields": {
        "name": "Algebra"
    },
  "model": "core.chapter",
  "pk": 2
},
{
    "fields": {
        "name": "Static Electricity"
    },
  "model": "core.chapter",
  "pk": 3
},
{
    "fields": {
        "name": "Thermodynamics"
    },
  "model": "core.chapter",
  "pk": 4
},
{
    "fields": {
      "chapter": 1,
        "name": "Triangles"
    },
  "model": "core.subchapter",
  "pk": 1
},
  {
    "fields": {
      "chapter": 4,
      "name": "Heat Exchangers"
    },
    "model": "core.subchapter",
    "pk": 2
  },
  {
    "fields": {
      "chapter": 1,
      "school": 1,
      "standard": 1,
      "subChapters": [],
      "meta": "1.json",
        "subject": 1
    },
    "model": "core.question",
    "pk": 6
},
{
    "fields": {
      "chapter": 2,
      "school": 1,
      "standard": 1,
      "subChapters": [],
      "meta": "2.json",
        "subject": 1
    },
  "model": "core.question",
  "pk": 7
},
{
    "fields": {
      "chapter": 1,
      "school": 1,
      "standard": 1,
      "subChapters": [],
      "meta": "3.json",
        "subject": 1
    },
  "model": "core.question",
  "pk": 8
},
{
    "fields": {
        "chapter": 1,
      "school": 1,
      "standard": 1,
        "subChapters": [
            1
        ],
      "meta": "4.json",
        "subject": 1
    },
  "model": "core.question",
  "pk": 9
},
  {
    "fields": {
      "chapter": 4,
      "school": 1,
      "standard": 2,
      "subChapters": [
        2
      ],
      "meta": "5.json",
      "subject": 2
    },
    "model": "core.question",
    "pk": 10
  },
  {
    "fields": {
        "questions": [
          6,
            8
        ]
    },
    "model": "core.assignmentquestionslist",
    "pk": 1
},
{
    "fields": {
        "questions": [
          6,
          7,
          8,
          9
        ]
    },
  "model": "core.assignmentquestionslist",
  "pk": 2
},
  {
    "fields": {
      "questions": [
        10
      ]
    },
    "model": "core.assignmentquestionslist",
    "pk": 3
  },
  {
    "fields": {
      "assignmentQuestionsList": 1,
      "subjectRoom": 3,
      "average": null,
      "due": "2015-11-22T23:08:56Z",
      "assigned": "2015-10-23T22:08:56Z",
      "meta": "1.json"
    },
    "model": "core.assignment",
    "pk": 1
  },
  {
    "fields": {
      "assignmentQuestionsList": 3,
      "subjectRoom": 2,
      "average": null,
      "due": "2015-06-12T11:00:00Z",
      "assigned": "2015-06-05T13:44:55Z",
      "meta": "1.json"
    },
    "model": "core.assignment",
    "pk": 2
  },
  {
    "fields": {
      "assignmentQuestionsList": 3,
      "subjectRoom": 2,
      "average": null,
      "due": "2015-06-17T19:42:11Z",
      "assigned": "2015-06-05T19:42:08Z",
      "meta": "1.json"
    },
    "model": "core.assignment",
    "pk": 3
  },
  {
    "fields": {
      "assignmentQuestionsList": 3,
      "subjectRoom": 2,
      "average": null,
      "due": "2015-06-17T19:43:06Z",
      "assigned": "2015-06-05T17:00:00Z",
      "meta": "1.json"
    },
    "model": "core.assignment",
    "pk": 4
  },
  {
    "fields": {
      "assignmentQuestionsList": 2,
      "subjectRoom": 3,
      "average": null,
      "due": "2015-06-10T19:43:41Z",
      "assigned": "2015-06-05T19:43:33Z",
      "meta": "1.json"
    },
    "model": "core.assignment",
    "pk": 5
  },
  {
    "fields": {
      "assignmentQuestionsList": 2,
      "subjectRoom": 3,
      "average": null,
      "due": "2015-06-30T19:44:04Z",
      "assigned": "2015-06-05T19:44:00Z",
      "meta": "1.json"
    },
    "model": "core.assignment",
    "pk": 6
  },
  {
    "fields": {
      "assignmentQuestionsList": 1,
      "subjectRoom": 3,
      "average": null,
      "due": "2015-06-18T19:44:25Z",
      "assigned": "2015-06-06T19:44:21Z",
      "meta": "1.json"
    },
    "model": "core.assignment",
    "pk": 7
  },
  {
    "fields": {
      "assignmentQuestionsList": 1,
      "subjectRoom": 3,
      "average": null,
      "due": "2015-06-19T19:23:49Z",
      "assigned": "2015-06-19T19:23:47Z",
      "meta": "1.json"
    },
    "model": "core.assignment",
    "pk": 8
  },
  {
    "fields": {
      "timestamp": "2015-06-09T05:53:33Z",
      "message": "school-wide announcement 1",
      "object_id": 1,
      "content_type": [
        "core",
        "school"
      ]
    },
    "model": "core.announcement",
    "pk": 7
  },
  {
    "fields": {
      "timestamp": "2015-06-09T05:54:36Z",
      "message": "school-wide announcement 2",
      "object_id": 1,
      "content_type": [
        "core",
        "school"
      ]
    },
    "model": "core.announcement",
    "pk": 8
  },
  {
    "fields": {
      "timestamp": "2015-06-09T06:02:23Z",
      "message": "classroom announcement",
      "object_id": 1,
      "content_type": [
        "core",
        "classroom"
      ]
    },
    "model": "core.announcement",
    "pk": 9
  },
  {
    "fields": {
      "timestamp": "2015-12-09T06:02:23Z",
      "message": "subjectroom announcement",
      "object_id": 1,
      "content_type": [
        "core",
        "subjectroom"
      ]
    },
    "model": "core.announcement",
    "pk": 10
  },
  {
    "fields": {
      "username": "testAdmin1",
      "first_name": "test",
      "last_name": "admin",
        "is_active": true,
        "is_superuser": false,
        "is_staff": false,
      "last_login": "2015-06-09T06:33:10Z",
      "groups": [],
      "user_permissions": [],
      "password": "pbkdf2_sha256$12000$1EGwKwmWrX4P$o2VREldg/8R7febwlDj7qLilInGIsAJS1G9EUXxiVwU=",
      "email": "test.admin@gmail.com",
        "date_joined": "2014-01-17T16:22:14Z"
    },
    "model": "auth.user",
    "pk": 11
},
{
    "fields": {
      "username": "testTeacher1",
      "first_name": "test",
      "last_name": "teacher",
        "is_active": true,
        "is_superuser": false,
        "is_staff": false,
      "last_login": "2015-06-22T10:38:52.454Z",
      "groups": [],
      "user_permissions": [],
      "password": "pbkdf2_sha256$20000$OJe8S9zhtkZJ$MIsP9oIhz/0Nhn26GzYtpjeuVoWv++eAD3O/B32nix0=",
      "email": "test.teacher@gmail.com",
        "date_joined": "2014-01-20T23:26:28Z"
    },
  "model": "auth.user",
  "pk": 12
},
{
    "fields": {
      "username": "testStudent1",
      "first_name": "test",
      "last_name": "student",
        "is_active": true,
        "is_superuser": false,
        "is_staff": false,
      "last_login": "2015-06-22T10:48:56.255Z",
      "groups": [],
      "user_permissions": [],
      "password": "pbkdf2_sha256$20000$h90lc28duB8c$o+rudzB6kt0CYI3kO7oswbylxN+62QYtbxXgljN/+pY=",
      "email": "test.student@gmail.com",
        "date_joined": "2014-01-20T23:26:56Z"
    },
  "model": "auth.user",
  "pk": 13
},
{
    "fields": {
      "username": "testParent1",
      "first_name": "test",
      "last_name": "parent",
        "is_active": true,
        "is_superuser": false,
        "is_staff": false,
      "last_login": "2015-06-09T06:30:49Z",
      "groups": [],
      "user_permissions": [],
      "password": "pbkdf2_sha256$12000$TSQxBSH1RceH$mCOlDPiOZTGA+/ZNfdj3QtPxaEIxnxeZ28DdSqrn3nE=",
      "email": "test.parent@gmail.com",
        "date_joined": "2014-01-20T23:27:34Z"
    },
  "model": "auth.user",
  "pk": 14
},
{
    "fields": {
      "username": "testTeacher2",
      "first_name": "test",
      "last_name": "teacher",
        "is_active": true,
      "is_superuser": false,
      "is_staff": false,
      "last_login": "2015-06-04T07:40:18Z",
      "groups": [],
      "user_permissions": [],
      "password": "pbkdf2_sha256$12000$YQLkjJYQ7KBR$O3ImW1YSLZjI9orlGPs92Z2bEBh53ON5SxroUZazmvc=",
      "email": "test.teacher2@gmail.com",
        "date_joined": "2014-10-02T12:04:48Z"
    },
  "model": "auth.user",
  "pk": 15
},
{
    "fields": {
      "username": "testTeacher3",
      "first_name": "test",
      "last_name": "teacher",
        "is_active": true,
      "is_superuser": false,
      "is_staff": false,
      "last_login": "2015-06-04T07:36:52Z",
      "groups": [],
      "user_permissions": [],
      "password": "pbkdf2_sha256$12000$Y8Y1zVu3s26h$xUYIoT39kqxZ7u4EPb1kPq1xJbu2ESPZ3c4hznCGSvs=",
      "email": "test.teacher3@gmail.com",
        "date_joined": "2014-10-02T12:05:33Z"
    },
  "model": "auth.user",
  "pk": 16
},
{
    "fields": {
      "username": "testTeacher4",
      "first_name": "test",
      "last_name": "teacher",
        "is_active": true,
      "is_superuser": false,
      "is_staff": false,
      "last_login": "2015-06-04T07:40:02Z",
      "groups": [],
      "user_permissions": [],
      "password": "pbkdf2_sha256$12000$wHmPwneiB9QP$BUJS91brig+dVyQIQgzUMxa/K4ONG1LwGcMsCuuFLxk=",
      "email": "test.teacher4@gmail.com",
        "date_joined": "2014-10-02T12:06:07Z"
    },
  "model": "auth.user",
  "pk": 17
},
{
    "fields": {
      "username": "testStudent2",
      "first_name": "test",
      "last_name": "student",
      "is_active": true,
      "is_superuser": false,
      "is_staff": false,
      "last_login": "2014-10-02T13:35:26Z",
      "groups": [],
      "user_permissions": [],
      "password": "pbkdf2_sha256$12000$TYlpi7dAhClz$BkIupnV+fsj6D0xHfAnu9oxMFD0voVBCCMZ8SmvLNHU=",
      "email": "test.student2@gmail.com",
        "date_joined": "2014-10-02T12:13:24Z"
    },
  "model": "auth.user",
  "pk": 18
},
{
    "fields": {
      "username": "testStudent3",
      "first_name": "test",
      "last_name": "student",
      "is_active": true,
      "is_superuser": false,
      "is_staff": false,
      "last_login": "2014-10-02T13:34:45Z",
      "groups": [],
      "user_permissions": [],
      "password": "pbkdf2_sha256$12000$djSl2kMvlHA5$3Hqj/7nKt0T7zmUlI1kKx+Osc+dA0k9o32O1eXlxTGg=",
      "email": "test.student3@gmail.com",
        "date_joined": "2014-10-02T12:41:25Z"
    },
  "model": "auth.user",
  "pk": 19
},
{
    "fields": {
      "username": "root",
      "first_name": "",
      "last_name": "",
        "is_active": true,
        "is_superuser": true,
        "is_staff": true,
      "last_login": "2015-06-23T04:46:51.150Z",
      "groups": [],
      "user_permissions": [],
      "password": "pbkdf2_sha256$20000$CHF9YWOQ0g2V$03n5ToyRbngjpVIY3Qrzn1AZIWjfi7IrKlP0Em2Utv4=",
      "email": "root@hwcentral.in",
        "date_joined": "2015-06-02T11:07:49Z"
    },
  "model": "auth.user",
  "pk": 20
},
  {
    "fields": {
      "username": "testStudent5",
      "first_name": "test",
      "last_name": "student",
      "is_active": true,
      "is_superuser": false,
      "is_staff": false,
      "last_login": "2015-06-09T02:52:25Z",
      "groups": [],
      "user_permissions": [],
      "password": "pbkdf2_sha256$12000$zWa4bpzxNzp3$iVfsNfum3g+yCZVk7A8HJvbTaGOtBHVcQmPyjaUd5hY=",
      "email": "test.student5@gmail.com",
      "date_joined": "2015-06-09T02:52:25Z"
    },
    "model": "auth.user",
    "pk": 21
},
{
    "fields": {
      "username": "testStudent4",
      "first_name": "test",
      "last_name": "student",
        "is_active": true,
        "is_superuser": false,
        "is_staff": false,
        "last_login": "2015-06-09T03:00:36Z",
        "groups": [],
        "user_permissions": [],
        "password": "pbkdf2_sha256$12000$9h9ASKfXkEjG$Qa8vjlVOU+moLJROphR9BCjd14sSZnN25hHUFAXEzHQ=",
      "email": "test.student4@gmail.com",
        "date_joined": "2015-06-09T03:00:36Z"
    },
  "model": "auth.user",
  "pk": 22
},
  {
    "fields": {
      "username": "testStudent6",
      "first_name": "test",
      "last_name": "student",
      "is_active": true,
      "is_superuser": false,
      "is_staff": false,
      "last_login": "2015-06-09T03:01:36Z",
      "groups": [],
      "user_permissions": [],
      "password": "pbkdf2_sha256$12000$KVVoXzyNxiIe$S3JdaKHzhf7mIzOruHBd64ZTMUsDo5/RLjvvebTiUFQ=",
      "email": "test.student6@gmail.com",
      "date_joined": "2015-06-09T03:01:36Z"
    },
    "model": "auth.user",
    "pk": 23
  },
  {
    "fields": {
      "username": "testStudent7",
      "first_name": "test",
      "last_name": "student",
      "is_active": true,
      "is_superuser": false,
      "is_staff": false,
      "last_login": "2015-06-09T03:01:56Z",
      "groups": [],
      "user_permissions": [],
      "password": "pbkdf2_sha256$12000$9Qwpp6ETUtRP$BE0BSRIeULIjwNlq4UrMtJvwhLeyaD3JO0zmxr9MXK4=",
      "email": "test.student7@gmail.com",
      "date_joined": "2015-06-09T03:01:56Z"
    },
    "model": "auth.user",
    "pk": 24
  },
  {
    "fields": {
      "username": "testStudent8",
      "first_name": "test",
      "last_name": "student",
      "is_active": true,
      "is_superuser": false,
      "is_staff": false,
      "last_login": "2015-06-09T03:02:16Z",
      "groups": [],
      "user_permissions": [],
      "password": "pbkdf2_sha256$12000$VMVNGbs7iMGD$m0EIlNDqVa4feEc5PsxsaelGVGEME5og65DqXT5XZ/w=",
      "email": "test.student8@gmail.com",
      "date_joined": "2015-06-09T03:02:16Z"
    },
    "model": "auth.user",
    "pk": 25
  },
  {
    "fields": {
      "completion": 1.0,
      "assignment": 3,
      "marks": 0.45,
      "meta": "1.json",
      "student": [
        "testStudent1"
      ],
      "timestamp": "2015-06-09T05:01:59Z"
    },
    "model": "core.submission",
    "pk": 1
  },
  {
    "fields": {
      "completion": 1.0,
      "assignment": 3,
      "marks": 0.19,
      "meta": "1.json",
      "student": [
        "testStudent6"
      ],
      "timestamp": "2015-06-09T04:51:23Z"
    },
    "model": "core.submission",
    "pk": 2
  },
  {
    "fields": {
      "completion": 0.5,
      "assignment": 3,
      "marks": 0.36,
      "meta": "1.json",
      "student": [
        "testStudent8"
      ],
      "timestamp": "2015-06-09T04:51:53Z"
    },
    "model": "core.submission",
    "pk": 3
  },
  {
    "fields": {
      "completion": 1.0,
      "assignment": 4,
      "marks": 0.57,
      "meta": "1.json",
      "student": [
        "testStudent1"
      ],
      "timestamp": "2015-06-09T04:59:31Z"
    },
    "model": "core.submission",
    "pk": 4
  },
  {
    "fields": {
      "completion": 0.0,
      "assignment": 4,
      "marks": 0.0,
      "meta": "1.json",
      "student": [
        "testStudent7"
      ],
      "timestamp": "2015-06-09T04:56:45Z"
    },
    "model": "core.submission",
    "pk": 5
  },
  {
    "fields": {
      "completion": 1.0,
      "assignment": 6,
      "marks": 0.95,
      "meta": "2.json",
      "student": [
        "testStudent6"
      ],
      "timestamp": "2015-06-19T19:20:20Z"
    },
    "model": "core.submission",
    "pk": 6
  },
  {
    "fields": {
      "completion": 0.9,
      "assignment": 3,
      "marks": 0.75,
      "meta": "2.json",
      "student": [
        "testStudent3"
      ],
      "timestamp": "2015-06-22T06:17:09Z"
    },
    "model": "core.submission",
    "pk": 7
  },
  {
    "fields": {
      "classRoom": 1,
        "students": [
            [
                "testStudent1"
            ]
        ],
        "teacher": [
            "testTeacher1"
        ],
        "subject": 1
    },
    "model": "core.subjectroom",
    "pk": 1
},
{
    "fields": {
      "classRoom": 1,
        "students": [
            [
                "testStudent1"
            ]
        ],
        "teacher": [
            "testTeacher1"
        ],
        "subject": 2
    },
  "model": "core.subjectroom",
  "pk": 2
},
{
    "fields": {
      "classRoom": 3,
        "students": [
            [
                "testStudent3"
            ]
        ],
        "teacher": [
            "testTeacher4"
        ],
        "subject": 1
    },
  "model": "core.subjectroom",
  "pk": 3
},
{
    "fields": {
        "students": [
            [
                "testStudent1"
            ],
            [
              "testStudent6"
            ],
            [
              "testStudent7"
            ],
            [
              "testStudent8"
            ]
        ],
      "division": "A",
      "school": 1,
        "classTeacher": [
            "testTeacher1"
        ],
        "standard": 2
    },
  "model": "core.classroom",
  "pk": 1
},
{
    "fields": {
        "students": [
            [
                "testStudent3"
            ],
            [
              "testStudent4"
            ]
        ],
      "division": "B",
      "school": 1,
        "classTeacher": [
            "testTeacher3"
        ],
        "standard": 1
    },
  "model": "core.classroom",
  "pk": 3
},
{
    "fields": {
        "students": [
            [
                "testStudent2"
            ],
            [
                "testStudent3"
            ],
            [
              "testStudent5"
            ]
        ],
      "division": "B",
      "school": 1,
        "classTeacher": [
            "testTeacher3"
        ],
        "standard": 2
    },
  "model": "core.classroom",
  "pk": 4
},
{
    "fields": {
      "school": 1,
        "group": 4
    },
  "model": "core.userinfo",
  "pk": 11
},
{
    "fields": {
      "school": 1,
        "group": 2
    },
  "model": "core.userinfo",
  "pk": 12
},
{
    "fields": {
      "school": 1,
        "group": 1
    },
  "model": "core.userinfo",
  "pk": 13
},
{
    "fields": {
      "school": 1,
        "group": 3
    },
  "model": "core.userinfo",
  "pk": 14
},
{
    "fields": {
      "school": 1,
        "group": 2
    },
  "model": "core.userinfo",
  "pk": 15
},
{
    "fields": {
      "school": 1,
        "group": 2
    },
  "model": "core.userinfo",
  "pk": 16
},
{
    "fields": {
      "school": 1,
        "group": 2
    },
  "model": "core.userinfo",
  "pk": 17
},
{
    "fields": {
      "school": 1,
        "group": 1
    },
  "model": "core.userinfo",
  "pk": 18
},
{
    "fields": {
      "school": 1,
        "group": 1
    },
  "model": "core.userinfo",
  "pk": 19
},
  {
    "fields": {
      "school": 1,
      "group": 1
    },
    "model": "core.userinfo",
    "pk": 21
  },
  {
    "fields": {
      "school": 1,
      "group": 1
    },
    "model": "core.userinfo",
    "pk": 22
  },
  {
    "fields": {
      "school": 1,
      "group": 1
    },
    "model": "core.userinfo",
    "pk": 23
  },
  {
    "fields": {
      "school": 1,
      "group": 1
    },
    "model": "core.userinfo",
    "pk": 24
  },
  {
    "fields": {
      "school": 1,
        "group": 1
    },
    "model": "core.userinfo",
    "pk": 25
},
{
    "fields": {
        "admin": [
            "testAdmin1"
        ],
      "name": "TestSchool1",
        "board": 1
    },
  "model": "core.school",
  "pk": 1
},
{
    "fields": {
        "students": [
            [
                "testStudent1"
            ]
        ]
    },
  "model": "core.home",
  "pk": 14
}
]
