[
{
    "fields": {
        "name": "Algebraic Expressions"
    },
    "model": "core.chapter",
    "pk": 1
},
{
    "fields": {
        "name": "Mensuration"
    },
    "model": "core.chapter",
    "pk": 2
},
{
    "fields": {
        "name": "conceptual"
    },
    "model": "core.questiontag",
    "pk": 1
},
{
    "fields": {
        "name": "identifying algebraic expressions"
    },
    "model": "core.questiontag",
    "pk": 2
},
{
    "fields": {
        "name": "adding algebraic expressions"
    },
    "model": "core.questiontag",
    "pk": 3
},
{
    "fields": {
        "name": "algebraic identities"
    },
    "model": "core.questiontag",
    "pk": 4
},
{
    "fields": {
        "name": "multiplying algebraic expressions"
    },
    "model": "core.questiontag",
    "pk": 5
},
{
    "fields": {
        "name": "algebraic substitution"
    },
    "model": "core.questiontag",
    "pk": 6
},
{
    "fields": {
        "name": "application"
    },
    "model": "core.questiontag",
    "pk": 7
},
{
    "fields": {
        "name": "logical"
    },
    "model": "core.questiontag",
    "pk": 8
},
{
    "fields": {
        "name": "creating algebraic expressions"
    },
    "model": "core.questiontag",
    "pk": 9
},
{
    "fields": {
        "name": "dividing algebraic expressions"
    },
    "model": "core.questiontag",
    "pk": 10
},
{
    "fields": {
        "name": "area of 2d shapes"
    },
    "model": "core.questiontag",
    "pk": 11
},
{
    "fields": {
        "name": "volume"
    },
    "model": "core.questiontag",
    "pk": 12
},
{
    "fields": {
        "name": "surface area"
    },
    "model": "core.questiontag",
    "pk": 13
},
{
    "fields": {
        "chapter": 1,
        "school": 1,
        "subject": 1,
        "tags": [
            1,
            2
        ],
        "standard": 1
    },
    "model": "core.question",
    "pk": 1
},
{
    "fields": {
        "chapter": 1,
        "school": 1,
        "subject": 1,
        "tags": [
            1,
            2
        ],
        "standard": 1
    },
    "model": "core.question",
    "pk": 2
},
{
    "fields": {
        "chapter": 1,
        "school": 1,
        "subject": 1,
        "tags": [
            1,
            3
        ],
        "standard": 1
    },
    "model": "core.question",
    "pk": 3
},
{
    "fields": {
        "chapter": 1,
        "school": 1,
        "subject": 1,
        "tags": [
            1,
            4
        ],
        "standard": 1
    },
    "model": "core.question",
    "pk": 4
},
{
    "fields": {
        "chapter": 1,
        "school": 1,
        "subject": 1,
        "tags": [
            1,
            5
        ],
        "standard": 1
    },
    "model": "core.question",
    "pk": 5
},
{
    "fields": {
        "chapter": 1,
        "school": 1,
        "subject": 1,
        "tags": [
            1,
            5
        ],
        "standard": 1
    },
    "model": "core.question",
    "pk": 6
},
{
    "fields": {
        "chapter": 1,
        "school": 1,
        "subject": 1,
        "tags": [
            1,
            6
        ],
        "standard": 1
    },
    "model": "core.question",
    "pk": 7
},
{
    "fields": {
        "chapter": 1,
        "school": 1,
        "subject": 1,
        "tags": [
            4,
            7
        ],
        "standard": 1
    },
    "model": "core.question",
    "pk": 8
},
{
    "fields": {
        "chapter": 1,
        "school": 1,
        "subject": 1,
        "tags": [
            4,
            8
        ],
        "standard": 1
    },
    "model": "core.question",
    "pk": 9
},
{
    "fields": {
        "chapter": 1,
        "school": 1,
        "subject": 1,
        "tags": [
            4,
            8
        ],
        "standard": 1
    },
    "model": "core.question",
    "pk": 10
},
{
    "fields": {
        "chapter": 1,
        "school": 1,
        "subject": 1,
        "tags": [
            4,
            8
        ],
        "standard": 1
    },
    "model": "core.question",
    "pk": 11
},
{
    "fields": {
        "chapter": 1,
        "school": 1,
        "subject": 1,
        "tags": [
            7,
            9
        ],
        "standard": 1
    },
    "model": "core.question",
    "pk": 12
},
{
    "fields": {
        "chapter": 1,
        "school": 1,
        "subject": 1,
        "tags": [
            7,
            9
        ],
        "standard": 1
    },
    "model": "core.question",
    "pk": 13
},
{
    "fields": {
        "chapter": 1,
        "school": 1,
        "subject": 1,
        "tags": [
            8
        ],
        "standard": 1
    },
    "model": "core.question",
    "pk": 14
},
{
    "fields": {
        "chapter": 1,
        "school": 1,
        "subject": 1,
        "tags": [
            1,
            10
        ],
        "standard": 1
    },
    "model": "core.question",
    "pk": 15
},
{
    "fields": {
        "chapter": 1,
        "school": 1,
        "subject": 1,
        "tags": [
            4,
            7,
            10
        ],
        "standard": 1
    },
    "model": "core.question",
    "pk": 16
},
{
    "fields": {
        "chapter": 2,
        "school": 1,
        "subject": 1,
        "tags": [
            1,
            11
        ],
        "standard": 1
    },
    "model": "core.question",
    "pk": 17
},
{
    "fields": {
        "chapter": 2,
        "school": 1,
        "subject": 1,
        "tags": [
            1,
            12,
            13
        ],
        "standard": 1
    },
    "model": "core.question",
    "pk": 18
},
{
    "fields": {
        "chapter": 2,
        "school": 1,
        "subject": 1,
        "tags": [
            7,
            12
        ],
        "standard": 1
    },
    "model": "core.question",
    "pk": 19
},
{
    "fields": {
        "chapter": 2,
        "school": 1,
        "subject": 1,
        "tags": [
            7,
            12
        ],
        "standard": 1
    },
    "model": "core.question",
    "pk": 20
},
{
    "fields": {
        "chapter": 2,
        "school": 1,
        "subject": 1,
        "tags": [
            7,
            11
        ],
        "standard": 1
    },
    "model": "core.question",
    "pk": 21
},
{
    "fields": {
        "chapter": 2,
        "school": 1,
        "subject": 1,
        "tags": [
            7,
            11
        ],
        "standard": 1
    },
    "model": "core.question",
    "pk": 22
},
{
    "fields": {
        "chapter": 2,
        "school": 1,
        "subject": 1,
        "tags": [
            7,
            11
        ],
        "standard": 1
    },
    "model": "core.question",
    "pk": 23
},
{
    "fields": {
        "chapter": 2,
        "school": 1,
        "subject": 1,
        "tags": [
            7,
            12
        ],
        "standard": 1
    },
    "model": "core.question",
    "pk": 24
},
{
    "fields": {
        "chapter": 2,
        "school": 1,
        "subject": 1,
        "tags": [
            1,
            12
        ],
        "standard": 1
    },
    "model": "core.question",
    "pk": 25
},
{
    "fields": {
        "chapter": 2,
        "school": 1,
        "subject": 1,
        "tags": [
            1,
            12
        ],
        "standard": 1
    },
    "model": "core.question",
    "pk": 26
},
{
    "fields": {
        "chapter": 2,
        "school": 1,
        "subject": 1,
        "tags": [
            1,
            12
        ],
        "standard": 1
    },
    "model": "core.question",
    "pk": 27
},
{
    "fields": {
        "chapter": 2,
        "school": 1,
        "subject": 1,
        "tags": [
            7,
            13
        ],
        "standard": 1
    },
    "model": "core.question",
    "pk": 28
},
{
    "fields": {
        "chapter": 2,
        "school": 1,
        "subject": 1,
        "tags": [
            7,
            13
        ],
        "standard": 1
    },
    "model": "core.question",
    "pk": 29
},
{
    "fields": {
        "chapter": 2,
        "school": 1,
        "subject": 1,
        "tags": [
            1,
            13
        ],
        "standard": 1
    },
    "model": "core.question",
    "pk": 30
},
{
    "fields": {
        "chapter": 2,
        "school": 1,
        "subject": 1,
        "tags": [
            8,
            13
        ],
        "standard": 1
    },
    "model": "core.question",
    "pk": 31
},
{
    "fields": {
        "chapter": 2,
        "school": 1,
        "subject": 1,
        "tags": [
            8,
            13
        ],
        "standard": 1
    },
    "model": "core.question",
    "pk": 32
},
{
    "fields": {
        "chapter": 2,
        "school": 1,
        "subject": 1,
        "tags": [
            7,
            13
        ],
        "standard": 1
    },
    "model": "core.question",
    "pk": 33
},
{
    "fields": {
        "chapter": 2,
        "school": 1,
        "subject": 1,
        "tags": [
            7,
            13
        ],
        "standard": 1
    },
    "model": "core.question",
    "pk": 34
},
{
    "fields": {
        "chapter": 2,
        "school": 1,
        "subject": 1,
        "tags": [
            7,
            12
        ],
        "standard": 1
    },
    "model": "core.question",
    "pk": 35
},
{
    "fields": {
        "chapter": 2,
        "school": 1,
        "subject": 1,
        "tags": [
            7,
            12
        ],
        "standard": 1
    },
    "model": "core.question",
    "pk": 36
},
{
    "fields": {
        "chapter": 2,
        "school": 1,
        "subject": 1,
        "tags": [
            7,
            12
        ],
        "standard": 1
    },
    "model": "core.question",
    "pk": 37
},
{
    "fields": {
        "chapter": 2,
        "school": 1,
        "subject": 1,
        "tags": [
            7,
            12
        ],
        "standard": 1
    },
    "model": "core.question",
    "pk": 38
},
{
    "fields": {
        "chapter": 2,
        "school": 1,
        "subject": 1,
        "tags": [
            1,
            12
        ],
        "standard": 1
    },
    "model": "core.question",
    "pk": 39
},
{
    "fields": {
        "chapter": 2,
        "school": 1,
        "subject": 1,
        "tags": [
            8,
            12
        ],
        "standard": 1
    },
    "model": "core.question",
    "pk": 40
},
{
    "fields": {
        "chapter": 2,
        "school": 1,
        "subject": 1,
        "tags": [
            7,
            12
        ],
        "standard": 1
    },
    "model": "core.question",
    "pk": 41
},
{
    "fields": {
        "chapter": 2,
        "school": 1,
        "subject": 1,
        "tags": [
            8,
            12,
            13
        ],
        "standard": 1
    },
    "model": "core.question",
    "pk": 42
},
{
    "fields": {
        "chapter": 2,
        "school": 1,
        "subject": 1,
        "tags": [
            7,
            12
        ],
        "standard": 1
    },
    "model": "core.question",
    "pk": 43
},
{
    "fields": {
        "chapter": 2,
        "school": 1,
        "subject": 1,
        "tags": [
            7,
            11,
            12
        ],
        "standard": 1
    },
    "model": "core.question",
    "pk": 44
},
{
    "fields": {
        "chapter": 2,
        "school": 1,
        "subject": 1,
        "tags": [
            7,
            12,
            13
        ],
        "standard": 1
    },
    "model": "core.question",
    "pk": 45
},
{
    "fields": {
        "chapter": 2,
        "school": 1,
        "subject": 1,
        "tags": [
            8,
            13
        ],
        "standard": 1
    },
    "model": "core.question",
    "pk": 46
},
{
    "fields": {
        "school": 1,
        "description": "This assignment covers an introduction to algebraic expressions, including types of polynomials, like terms, simplification and multiplication of polynomials and standard algebraic identities.",
        "number": 1,
        "standard": 1,
        "questions": [
            1,
            2,
            3,
            4,
            5,
            6,
            7,
            8,
            9,
            10,
            11,
            12,
            13,
            14,
            15,
            16
        ],
        "subject": 1
    },
    "model": "core.assignmentquestionslist",
    "pk": 1
},
{
    "fields": {
        "school": 1,
        "description": "This assignment covers basic mensuration concepts such as area of 2-dimensional shapes and volumes and surface areas of 3-dimensional objects.",
        "number": 1,
        "standard": 1,
        "questions": [
            17,
            18,
            19,
            20,
            21,
            22,
            23,
            24,
            25,
            26,
            27,
            28,
            29,
            30,
            31,
            32,
            33,
            34,
            35,
            36,
            37,
            38,
            39,
            40,
            41,
            42,
            43,
            44,
            45,
            46
        ],
        "subject": 1
    },
    "model": "core.assignmentquestionslist",
    "pk": 2
}
]
