[
{
    "fields": {
        "name": "Student"
    },
    "model": "core.group",
    "pk": 1
},
{
    "fields": {
        "name": "Teacher"
    },
    "model": "core.group",
    "pk": 2
},
{
    "fields": {
        "name": "Parent"
    },
    "model": "core.group",
    "pk": 3
},
{
    "fields": {
        "name": "Admin"
    },
    "model": "core.group",
    "pk": 4
},
{
    "fields": {
        "name": "CBSE"
    },
    "model": "core.board",
    "pk": 1
},
{
    "fields": {
        "number": 8
    },
    "model": "core.standard",
    "pk": 1
},
{
    "fields": {
        "name": "Math"
    },
    "model": "core.subject",
    "pk": 1
},
{
    "fields": {
        "name": "Algebraic Expressions"
    },
    "model": "core.chapter",
    "pk": 1
},
{
    "fields": {
        "name": "Mensuration"
    },
    "model": "core.chapter",
    "pk": 2
},
{
    "fields": {
        "name": "Algebra and Arithmetic Refresher"
    },
    "model": "core.chapter",
    "pk": 3
},
{
    "fields": {
        "name": "conceptual"
    },
    "model": "core.questiontag",
    "pk": 1
},
{
    "fields": {
        "name": "identifying algebraic expressions"
    },
    "model": "core.questiontag",
    "pk": 2
},
{
    "fields": {
        "name": "adding algebraic expressions"
    },
    "model": "core.questiontag",
    "pk": 3
},
{
    "fields": {
        "name": "multiplying algebraic expressions"
    },
    "model": "core.questiontag",
    "pk": 4
},
{
    "fields": {
        "name": "application"
    },
    "model": "core.questiontag",
    "pk": 5
},
{
    "fields": {
        "name": "creating algebraic expressions"
    },
    "model": "core.questiontag",
    "pk": 6
},
{
    "fields": {
        "name": "logical"
    },
    "model": "core.questiontag",
    "pk": 7
},
{
    "fields": {
        "name": "algebraic identities"
    },
    "model": "core.questiontag",
    "pk": 8
},
{
    "fields": {
        "name": "algebraic substitution"
    },
    "model": "core.questiontag",
    "pk": 9
},
{
    "fields": {
        "name": "dividing algebraic expressions"
    },
    "model": "core.questiontag",
    "pk": 10
},
{
    "fields": {
        "name": "area of 2d shapes"
    },
    "model": "core.questiontag",
    "pk": 11
},
{
    "fields": {
        "name": "surface area"
    },
    "model": "core.questiontag",
    "pk": 12
},
{
    "fields": {
        "name": "volume"
    },
    "model": "core.questiontag",
    "pk": 13
},
{
    "fields": {
        "name": "number line"
    },
    "model": "core.questiontag",
    "pk": 14
},
{
    "fields": {
        "name": "interger operations"
    },
    "model": "core.questiontag",
    "pk": 15
},
{
    "fields": {
        "name": " properties of interger operations"
    },
    "model": "core.questiontag",
    "pk": 16
},
{
    "fields": {
        "name": "fractions"
    },
    "model": "core.questiontag",
    "pk": 17
},
{
    "fields": {
        "name": "decimals"
    },
    "model": "core.questiontag",
    "pk": 18
},
{
    "fields": {
        "name": "simple equations"
    },
    "model": "core.questiontag",
    "pk": 19
},
{
    "fields": {
        "name": "ratio and proportion"
    },
    "model": "core.questiontag",
    "pk": 20
},
{
    "fields": {
        "name": "unitary method"
    },
    "model": "core.questiontag",
    "pk": 21
},
{
    "fields": {
        "name": "percentages"
    },
    "model": "core.questiontag",
    "pk": 22
},
{
    "fields": {
        "name": "rational numbers"
    },
    "model": "core.questiontag",
    "pk": 23
},
{
    "fields": {
        "name": "algebraic expressions"
    },
    "model": "core.questiontag",
    "pk": 24
},
{
    "fields": {
        "name": "exponents"
    },
    "model": "core.questiontag",
    "pk": 25
},
{
    "fields": {
        "chapter": 1,
        "school": 1,
        "subject": 1,
        "tags": [
            1,
            2
        ],
        "standard": 1
    },
    "model": "core.question",
    "pk": 1
},
{
    "fields": {
        "chapter": 1,
        "school": 1,
        "subject": 1,
        "tags": [
            1,
            2
        ],
        "standard": 1
    },
    "model": "core.question",
    "pk": 2
},
{
    "fields": {
        "chapter": 1,
        "school": 1,
        "subject": 1,
        "tags": [
            1,
            3
        ],
        "standard": 1
    },
    "model": "core.question",
    "pk": 3
},
{
    "fields": {
        "chapter": 1,
        "school": 1,
        "subject": 1,
        "tags": [
            1,
            4
        ],
        "standard": 1
    },
    "model": "core.question",
    "pk": 4
},
{
    "fields": {
        "chapter": 1,
        "school": 1,
        "subject": 1,
        "tags": [
            5,
            6
        ],
        "standard": 1
    },
    "model": "core.question",
    "pk": 5
},
{
    "fields": {
        "chapter": 1,
        "school": 1,
        "subject": 1,
        "tags": [
            5,
            6
        ],
        "standard": 1
    },
    "model": "core.question",
    "pk": 6
},
{
    "fields": {
        "chapter": 1,
        "school": 1,
        "subject": 1,
        "tags": [
            7
        ],
        "standard": 1
    },
    "model": "core.question",
    "pk": 7
},
{
    "fields": {
        "chapter": 1,
        "school": 1,
        "subject": 1,
        "tags": [
            1,
            8
        ],
        "standard": 1
    },
    "model": "core.question",
    "pk": 8
},
{
    "fields": {
        "chapter": 1,
        "school": 1,
        "subject": 1,
        "tags": [
            1,
            4
        ],
        "standard": 1
    },
    "model": "core.question",
    "pk": 9
},
{
    "fields": {
        "chapter": 1,
        "school": 1,
        "subject": 1,
        "tags": [
            1,
            9
        ],
        "standard": 1
    },
    "model": "core.question",
    "pk": 10
},
{
    "fields": {
        "chapter": 1,
        "school": 1,
        "subject": 1,
        "tags": [
            5,
            8
        ],
        "standard": 1
    },
    "model": "core.question",
    "pk": 11
},
{
    "fields": {
        "chapter": 1,
        "school": 1,
        "subject": 1,
        "tags": [
            7,
            8
        ],
        "standard": 1
    },
    "model": "core.question",
    "pk": 12
},
{
    "fields": {
        "chapter": 1,
        "school": 1,
        "subject": 1,
        "tags": [
            7,
            8
        ],
        "standard": 1
    },
    "model": "core.question",
    "pk": 13
},
{
    "fields": {
        "chapter": 1,
        "school": 1,
        "subject": 1,
        "tags": [
            7,
            8
        ],
        "standard": 1
    },
    "model": "core.question",
    "pk": 14
},
{
    "fields": {
        "chapter": 1,
        "school": 1,
        "subject": 1,
        "tags": [
            1,
            10
        ],
        "standard": 1
    },
    "model": "core.question",
    "pk": 15
},
{
    "fields": {
        "chapter": 1,
        "school": 1,
        "subject": 1,
        "tags": [
            5,
            8,
            10
        ],
        "standard": 1
    },
    "model": "core.question",
    "pk": 16
},
{
    "fields": {
        "chapter": 2,
        "school": 1,
        "subject": 1,
        "tags": [
            1,
            11
        ],
        "standard": 1
    },
    "model": "core.question",
    "pk": 17
},
{
    "fields": {
        "chapter": 2,
        "school": 1,
        "subject": 1,
        "tags": [
            5,
            11
        ],
        "standard": 1
    },
    "model": "core.question",
    "pk": 18
},
{
    "fields": {
        "chapter": 2,
        "school": 1,
        "subject": 1,
        "tags": [
            5,
            11
        ],
        "standard": 1
    },
    "model": "core.question",
    "pk": 19
},
{
    "fields": {
        "chapter": 2,
        "school": 1,
        "subject": 1,
        "tags": [
            5,
            11
        ],
        "standard": 1
    },
    "model": "core.question",
    "pk": 20
},
{
    "fields": {
        "chapter": 2,
        "school": 1,
        "subject": 1,
        "tags": [
            5,
            12
        ],
        "standard": 1
    },
    "model": "core.question",
    "pk": 21
},
{
    "fields": {
        "chapter": 2,
        "school": 1,
        "subject": 1,
        "tags": [
            5,
            12
        ],
        "standard": 1
    },
    "model": "core.question",
    "pk": 22
},
{
    "fields": {
        "chapter": 2,
        "school": 1,
        "subject": 1,
        "tags": [
            1,
            12
        ],
        "standard": 1
    },
    "model": "core.question",
    "pk": 23
},
{
    "fields": {
        "chapter": 2,
        "school": 1,
        "subject": 1,
        "tags": [
            7,
            12
        ],
        "standard": 1
    },
    "model": "core.question",
    "pk": 24
},
{
    "fields": {
        "chapter": 2,
        "school": 1,
        "subject": 1,
        "tags": [
            7,
            12
        ],
        "standard": 1
    },
    "model": "core.question",
    "pk": 25
},
{
    "fields": {
        "chapter": 2,
        "school": 1,
        "subject": 1,
        "tags": [
            5,
            12
        ],
        "standard": 1
    },
    "model": "core.question",
    "pk": 26
},
{
    "fields": {
        "chapter": 2,
        "school": 1,
        "subject": 1,
        "tags": [
            5,
            13
        ],
        "standard": 1
    },
    "model": "core.question",
    "pk": 27
},
{
    "fields": {
        "chapter": 2,
        "school": 1,
        "subject": 1,
        "tags": [
            5,
            13
        ],
        "standard": 1
    },
    "model": "core.question",
    "pk": 28
},
{
    "fields": {
        "chapter": 2,
        "school": 1,
        "subject": 1,
        "tags": [
            5,
            13
        ],
        "standard": 1
    },
    "model": "core.question",
    "pk": 29
},
{
    "fields": {
        "chapter": 2,
        "school": 1,
        "subject": 1,
        "tags": [
            1,
            13
        ],
        "standard": 1
    },
    "model": "core.question",
    "pk": 30
},
{
    "fields": {
        "chapter": 2,
        "school": 1,
        "subject": 1,
        "tags": [
            1,
            13
        ],
        "standard": 1
    },
    "model": "core.question",
    "pk": 31
},
{
    "fields": {
        "chapter": 2,
        "school": 1,
        "subject": 1,
        "tags": [
            1,
            13
        ],
        "standard": 1
    },
    "model": "core.question",
    "pk": 32
},
{
    "fields": {
        "chapter": 2,
        "school": 1,
        "subject": 1,
        "tags": [
            5,
            13
        ],
        "standard": 1
    },
    "model": "core.question",
    "pk": 33
},
{
    "fields": {
        "chapter": 2,
        "school": 1,
        "subject": 1,
        "tags": [
            5,
            13
        ],
        "standard": 1
    },
    "model": "core.question",
    "pk": 34
},
{
    "fields": {
        "chapter": 2,
        "school": 1,
        "subject": 1,
        "tags": [
            1,
            13
        ],
        "standard": 1
    },
    "model": "core.question",
    "pk": 35
},
{
    "fields": {
        "chapter": 2,
        "school": 1,
        "subject": 1,
        "tags": [
            1,
            12,
            13
        ],
        "standard": 1
    },
    "model": "core.question",
    "pk": 36
},
{
    "fields": {
        "chapter": 2,
        "school": 1,
        "subject": 1,
        "tags": [
            5,
            12
        ],
        "standard": 1
    },
    "model": "core.question",
    "pk": 37
},
{
    "fields": {
        "chapter": 2,
        "school": 1,
        "subject": 1,
        "tags": [
            5,
            13
        ],
        "standard": 1
    },
    "model": "core.question",
    "pk": 38
},
{
    "fields": {
        "chapter": 2,
        "school": 1,
        "subject": 1,
        "tags": [
            5,
            13
        ],
        "standard": 1
    },
    "model": "core.question",
    "pk": 39
},
{
    "fields": {
        "chapter": 2,
        "school": 1,
        "subject": 1,
        "tags": [
            7,
            13
        ],
        "standard": 1
    },
    "model": "core.question",
    "pk": 40
},
{
    "fields": {
        "chapter": 2,
        "school": 1,
        "subject": 1,
        "tags": [
            5,
            13
        ],
        "standard": 1
    },
    "model": "core.question",
    "pk": 41
},
{
    "fields": {
        "chapter": 2,
        "school": 1,
        "subject": 1,
        "tags": [
            7,
            12,
            13
        ],
        "standard": 1
    },
    "model": "core.question",
    "pk": 42
},
{
    "fields": {
        "chapter": 2,
        "school": 1,
        "subject": 1,
        "tags": [
            5,
            13
        ],
        "standard": 1
    },
    "model": "core.question",
    "pk": 43
},
{
    "fields": {
        "chapter": 2,
        "school": 1,
        "subject": 1,
        "tags": [
            5,
            11,
            13
        ],
        "standard": 1
    },
    "model": "core.question",
    "pk": 44
},
{
    "fields": {
        "chapter": 2,
        "school": 1,
        "subject": 1,
        "tags": [
            5,
            12,
            13
        ],
        "standard": 1
    },
    "model": "core.question",
    "pk": 45
},
{
    "fields": {
        "chapter": 2,
        "school": 1,
        "subject": 1,
        "tags": [
            7,
            12
        ],
        "standard": 1
    },
    "model": "core.question",
    "pk": 46
},
{
    "fields": {
        "chapter": 3,
        "school": 1,
        "subject": 1,
        "tags": [
            1,
            14,
            15
        ],
        "standard": 1
    },
    "model": "core.question",
    "pk": 47
},
{
    "fields": {
        "chapter": 3,
        "school": 1,
        "subject": 1,
        "tags": [
            1,
            14,
            15
        ],
        "standard": 1
    },
    "model": "core.question",
    "pk": 48
},
{
    "fields": {
        "chapter": 3,
        "school": 1,
        "subject": 1,
        "tags": [
            1,
            15
        ],
        "standard": 1
    },
    "model": "core.question",
    "pk": 49
},
{
    "fields": {
        "chapter": 3,
        "school": 1,
        "subject": 1,
        "tags": [
            1,
            16
        ],
        "standard": 1
    },
    "model": "core.question",
    "pk": 50
},
{
    "fields": {
        "chapter": 3,
        "school": 1,
        "subject": 1,
        "tags": [
            5,
            17
        ],
        "standard": 1
    },
    "model": "core.question",
    "pk": 51
},
{
    "fields": {
        "chapter": 3,
        "school": 1,
        "subject": 1,
        "tags": [
            5,
            17
        ],
        "standard": 1
    },
    "model": "core.question",
    "pk": 52
},
{
    "fields": {
        "chapter": 3,
        "school": 1,
        "subject": 1,
        "tags": [
            5,
            17
        ],
        "standard": 1
    },
    "model": "core.question",
    "pk": 53
},
{
    "fields": {
        "chapter": 3,
        "school": 1,
        "subject": 1,
        "tags": [
            5,
            17
        ],
        "standard": 1
    },
    "model": "core.question",
    "pk": 54
},
{
    "fields": {
        "chapter": 3,
        "school": 1,
        "subject": 1,
        "tags": [
            5,
            17
        ],
        "standard": 1
    },
    "model": "core.question",
    "pk": 55
},
{
    "fields": {
        "chapter": 3,
        "school": 1,
        "subject": 1,
        "tags": [
            1,
            17
        ],
        "standard": 1
    },
    "model": "core.question",
    "pk": 56
},
{
    "fields": {
        "chapter": 3,
        "school": 1,
        "subject": 1,
        "tags": [
            1,
            18
        ],
        "standard": 1
    },
    "model": "core.question",
    "pk": 57
},
{
    "fields": {
        "chapter": 3,
        "school": 1,
        "subject": 1,
        "tags": [
            5,
            18
        ],
        "standard": 1
    },
    "model": "core.question",
    "pk": 58
},
{
    "fields": {
        "chapter": 3,
        "school": 1,
        "subject": 1,
        "tags": [
            5,
            18
        ],
        "standard": 1
    },
    "model": "core.question",
    "pk": 59
},
{
    "fields": {
        "chapter": 3,
        "school": 1,
        "subject": 1,
        "tags": [
            1,
            19
        ],
        "standard": 1
    },
    "model": "core.question",
    "pk": 60
},
{
    "fields": {
        "chapter": 3,
        "school": 1,
        "subject": 1,
        "tags": [
            1,
            19
        ],
        "standard": 1
    },
    "model": "core.question",
    "pk": 61
},
{
    "fields": {
        "chapter": 3,
        "school": 1,
        "subject": 1,
        "tags": [
            5,
            19
        ],
        "standard": 1
    },
    "model": "core.question",
    "pk": 62
},
{
    "fields": {
        "chapter": 3,
        "school": 1,
        "subject": 1,
        "tags": [
            5,
            19
        ],
        "standard": 1
    },
    "model": "core.question",
    "pk": 63
},
{
    "fields": {
        "chapter": 3,
        "school": 1,
        "subject": 1,
        "tags": [
            5,
            19
        ],
        "standard": 1
    },
    "model": "core.question",
    "pk": 64
},
{
    "fields": {
        "chapter": 3,
        "school": 1,
        "subject": 1,
        "tags": [
            5,
            19
        ],
        "standard": 1
    },
    "model": "core.question",
    "pk": 65
},
{
    "fields": {
        "chapter": 3,
        "school": 1,
        "subject": 1,
        "tags": [
            5,
            19
        ],
        "standard": 1
    },
    "model": "core.question",
    "pk": 66
},
{
    "fields": {
        "chapter": 3,
        "school": 1,
        "subject": 1,
        "tags": [
            5,
            19
        ],
        "standard": 1
    },
    "model": "core.question",
    "pk": 67
},
{
    "fields": {
        "chapter": 3,
        "school": 1,
        "subject": 1,
        "tags": [
            5,
            20
        ],
        "standard": 1
    },
    "model": "core.question",
    "pk": 68
},
{
    "fields": {
        "chapter": 3,
        "school": 1,
        "subject": 1,
        "tags": [
            1,
            20
        ],
        "standard": 1
    },
    "model": "core.question",
    "pk": 69
},
{
    "fields": {
        "chapter": 3,
        "school": 1,
        "subject": 1,
        "tags": [
            1,
            20
        ],
        "standard": 1
    },
    "model": "core.question",
    "pk": 70
},
{
    "fields": {
        "chapter": 3,
        "school": 1,
        "subject": 1,
        "tags": [
            1,
            20
        ],
        "standard": 1
    },
    "model": "core.question",
    "pk": 71
},
{
    "fields": {
        "chapter": 3,
        "school": 1,
        "subject": 1,
        "tags": [
            5,
            20,
            21
        ],
        "standard": 1
    },
    "model": "core.question",
    "pk": 72
},
{
    "fields": {
        "chapter": 3,
        "school": 1,
        "subject": 1,
        "tags": [
            5,
            21
        ],
        "standard": 1
    },
    "model": "core.question",
    "pk": 73
},
{
    "fields": {
        "chapter": 3,
        "school": 1,
        "subject": 1,
        "tags": [
            5,
            21
        ],
        "standard": 1
    },
    "model": "core.question",
    "pk": 74
},
{
    "fields": {
        "chapter": 3,
        "school": 1,
        "subject": 1,
        "tags": [
            1,
            22
        ],
        "standard": 1
    },
    "model": "core.question",
    "pk": 75
},
{
    "fields": {
        "chapter": 3,
        "school": 1,
        "subject": 1,
        "tags": [
            1,
            22
        ],
        "standard": 1
    },
    "model": "core.question",
    "pk": 76
},
{
    "fields": {
        "chapter": 3,
        "school": 1,
        "subject": 1,
        "tags": [
            5,
            22
        ],
        "standard": 1
    },
    "model": "core.question",
    "pk": 77
},
{
    "fields": {
        "chapter": 3,
        "school": 1,
        "subject": 1,
        "tags": [
            5,
            22
        ],
        "standard": 1
    },
    "model": "core.question",
    "pk": 78
},
{
    "fields": {
        "chapter": 3,
        "school": 1,
        "subject": 1,
        "tags": [
            5,
            22
        ],
        "standard": 1
    },
    "model": "core.question",
    "pk": 79
},
{
    "fields": {
        "chapter": 3,
        "school": 1,
        "subject": 1,
        "tags": [
            5,
            22
        ],
        "standard": 1
    },
    "model": "core.question",
    "pk": 80
},
{
    "fields": {
        "chapter": 3,
        "school": 1,
        "subject": 1,
        "tags": [
            1,
            23
        ],
        "standard": 1
    },
    "model": "core.question",
    "pk": 81
},
{
    "fields": {
        "chapter": 3,
        "school": 1,
        "subject": 1,
        "tags": [
            1,
            23
        ],
        "standard": 1
    },
    "model": "core.question",
    "pk": 82
},
{
    "fields": {
        "chapter": 3,
        "school": 1,
        "subject": 1,
        "tags": [
            1,
            24
        ],
        "standard": 1
    },
    "model": "core.question",
    "pk": 83
},
{
    "fields": {
        "chapter": 3,
        "school": 1,
        "subject": 1,
        "tags": [
            1,
            24
        ],
        "standard": 1
    },
    "model": "core.question",
    "pk": 84
},
{
    "fields": {
        "chapter": 3,
        "school": 1,
        "subject": 1,
        "tags": [
            1,
            24
        ],
        "standard": 1
    },
    "model": "core.question",
    "pk": 85
},
{
    "fields": {
        "chapter": 3,
        "school": 1,
        "subject": 1,
        "tags": [
            1,
            24
        ],
        "standard": 1
    },
    "model": "core.question",
    "pk": 86
},
{
    "fields": {
        "chapter": 3,
        "school": 1,
        "subject": 1,
        "tags": [
            1,
            25
        ],
        "standard": 1
    },
    "model": "core.question",
    "pk": 87
},
{
    "fields": {
        "chapter": 3,
        "school": 1,
        "subject": 1,
        "tags": [
            1,
            25
        ],
        "standard": 1
    },
    "model": "core.question",
    "pk": 88
},
{
    "fields": {
        "chapter": 1,
        "school": 1,
        "description": "This assignment covers an introduction to algebraic expressions, topics include identification of algebraic expressions, addition of algebraic expressions and multiplication of algebraic expressions.",
        "number": 1,
        "standard": 1,
        "questions": [
            1,
            2,
            3,
            4,
            5,
            6,
            7
        ],
        "subject": 1
    },
    "model": "core.assignmentquestionslist",
    "pk": 1
},
{
    "fields": {
        "chapter": 1,
        "school": 1,
        "description": "This assignment continues the introduction to algebraic expressions, topics include multiplication of algebraic expressions, standard algebraic identities, algebraic substitution and division of algebraic expressions.",
        "number": 2,
        "standard": 1,
        "questions": [
            8,
            9,
            10,
            11,
            12,
            13,
            14,
            15,
            16
        ],
        "subject": 1
    },
    "model": "core.assignmentquestionslist",
    "pk": 2
},
{
    "fields": {
        "chapter": 2,
        "school": 1,
        "description": "This assignment covers area of 2-dimensional shapes.",
        "number": 1,
        "standard": 1,
        "questions": [
            17,
            18,
            19,
            20
        ],
        "subject": 1
    },
    "model": "core.assignmentquestionslist",
    "pk": 3
},
{
    "fields": {
        "chapter": 2,
        "school": 1,
        "description": "This assignment covers surface area of 3-dimensional objects.",
        "number": 2,
        "standard": 1,
        "questions": [
            21,
            22,
            23,
            24,
            25,
            26
        ],
        "subject": 1
    },
    "model": "core.assignmentquestionslist",
    "pk": 4
},
{
    "fields": {
        "chapter": 2,
        "school": 1,
        "description": "This assignment covers volume of 3-dimensional objects.",
        "number": 3,
        "standard": 1,
        "questions": [
            27,
            28,
            29,
            30,
            31,
            32,
            33,
            34,
            35
        ],
        "subject": 1
    },
    "model": "core.assignmentquestionslist",
    "pk": 5
},
{
    "fields": {
        "chapter": 2,
        "school": 1,
        "description": "This assignment covers both volume and surface area of 3-dimensional objects.",
        "number": 4,
        "standard": 1,
        "questions": [
            36,
            37,
            38,
            39,
            40,
            41,
            42,
            43,
            44,
            45,
            46
        ],
        "subject": 1
    },
    "model": "core.assignmentquestionslist",
    "pk": 6
},
{
    "fields": {
        "chapter": 3,
        "school": 1,
        "description": "This assignment covers Integer Operations, Number Line concepts and Fractions.",
        "number": 1,
        "standard": 1,
        "questions": [
            47,
            48,
            49,
            50,
            51,
            52,
            53,
            54,
            55,
            56
        ],
        "subject": 1
    },
    "model": "core.assignmentquestionslist",
    "pk": 7
},
{
    "fields": {
        "chapter": 3,
        "school": 1,
        "description": "This assignment covers Decimals and Simple Equations.",
        "number": 2,
        "standard": 1,
        "questions": [
            57,
            58,
            59,
            60,
            61,
            62,
            63,
            64,
            65,
            66,
            67
        ],
        "subject": 1
    },
    "model": "core.assignmentquestionslist",
    "pk": 8
},
{
    "fields": {
        "chapter": 3,
        "school": 1,
        "description": "This assignment covers Ratio and Proportion, the Unitary Method and Percentages.",
        "number": 3,
        "standard": 1,
        "questions": [
            68,
            69,
            70,
            71,
            72,
            73,
            74,
            75,
            76,
            77,
            78,
            79,
            80
        ],
        "subject": 1
    },
    "model": "core.assignmentquestionslist",
    "pk": 9
},
{
    "fields": {
        "chapter": 3,
        "school": 1,
        "description": "This assignment covers Rational Numbers, Algebraic Expressions and Exponents.",
        "number": 4,
        "standard": 1,
        "questions": [
            81,
            82,
            83,
            84,
            85,
            86,
            87,
            88
        ],
        "subject": 1
    },
    "model": "core.assignmentquestionslist",
    "pk": 10
},
{
    "fields": {
        "username": "root",
        "first_name": "root",
        "last_name": "superuser",
        "is_active": true,
        "is_superuser": true,
        "is_staff": true,
        "last_login": "2015-11-21T06:26:33Z",
        "groups": [],
        "user_permissions": [],
        "password": "pbkdf2_sha256$20000$CHF9YWOQ0g2V$03n5ToyRbngjpVIY3Qrzn1AZIWjfi7IrKlP0Em2Utv4=",
        "email": "root@hwcentral.in",
        "date_joined": "2015-06-02T11:07:49Z"
    },
    "model": "auth.user",
    "pk": 1
},
{
    "fields": {
        "username": "hwcadmin_school_1",
        "first_name": "hwcadmin",
        "last_name": "school_1",
        "is_active": true,
        "is_superuser": false,
        "is_staff": false,
        "last_login": null,
        "groups": [],
        "user_permissions": [],
        "password": "pbkdf2_sha256$20000$zyuGv2GFwDjw$IhK40GHPFJ9Ge6aCqACvRvxr1SYyi6H85mGMHvP/UjY=",
        "email": "hwcadmin_school_1@hwcentral.in",
        "date_joined": "2015-10-07T16:40:19Z"
    },
    "model": "auth.user",
    "pk": 2
},
{
    "fields": {
        "username": "teacher",
        "first_name": "test",
        "last_name": "teacher",
        "is_active": true,
        "is_superuser": false,
        "is_staff": false,
        "last_login": "2015-11-21T05:44:25Z",
        "groups": [],
        "user_permissions": [],
        "password": "pbkdf2_sha256$20000$dGErP0IFEcEl$A9X/nuwrEOsmF+fEGFPEMQAjQk81eu302vvRXhWqOvk=",
        "email": "test.teacher@gmail.com",
        "date_joined": "2015-11-20T09:13:20Z"
    },
    "model": "auth.user",
    "pk": 3
},
{
    "fields": {
        "username": "student",
        "first_name": "test",
        "last_name": "student",
        "is_active": true,
        "is_superuser": false,
        "is_staff": false,
        "last_login": "2015-11-21T06:23:25Z",
        "groups": [],
        "user_permissions": [],
        "password": "pbkdf2_sha256$20000$2L8HDqpKZJ3r$gAQrMKFCzrOoV4Oa0cQSvax55Rao6jhA4b+PjVFdma4=",
        "email": "test.student@gmail.com",
        "date_joined": "2015-11-20T09:13:39Z"
    },
    "model": "auth.user",
    "pk": 4
},
{
    "fields": {
        "username": "parent",
        "first_name": "test",
        "last_name": "parent",
        "is_active": true,
        "is_superuser": false,
        "is_staff": false,
        "last_login": "2015-11-21T07:03:48Z",
        "groups": [],
        "user_permissions": [],
        "password": "pbkdf2_sha256$20000$NTno9hzSfWrI$IabU4ZvpBPyQob52LlpfNzd4ZSk2VssqIjfbRkgWFeU=",
        "email": "test.parent@gmail.com",
        "date_joined": "2015-11-21T05:45:30Z"
    },
    "model": "auth.user",
    "pk": 5
},
{
    "fields": {
        "username": "admin",
        "first_name": "test",
        "last_name": "admin",
        "is_active": true,
        "is_superuser": false,
        "is_staff": false,
        "last_login": null,
        "groups": [],
        "user_permissions": [],
        "password": "pbkdf2_sha256$20000$lST2qrd1Q5kg$ELkRzpAjqQP1xaUeYNB+b8cwwuK4tVg4C365874Yb98=",
        "email": "test.admin@gmail.com",
        "date_joined": "2015-11-21T05:47:36Z"
    },
    "model": "auth.user",
    "pk": 6
},
{
    "fields": {
        "domain": "hwcentral.in",
        "name": "Homework Central"
    },
    "model": "sites.site",
    "pk": 1
},
{
    "fields": {
        "domain": "localhost:8000",
        "name": "Homework Central Dev"
    },
    "model": "sites.site",
    "pk": 2
},
{
    "fields": {
        "domain": "128.199.184.177:9878",
        "name": "Homework Central QA"
    },
    "model": "sites.site",
    "pk": 3
},
{
    "fields": {
        "classRoom": 1,
        "students": [
            [
                "student"
            ]
        ],
        "teacher": [
            "teacher"
        ],
        "subject": 1
    },
    "model": "core.subjectroom",
    "pk": 1
},
{
    "fields": {
        "students": [
            [
                "student"
            ]
        ],
        "division": "A",
        "school": 1,
        "classTeacher": [
            "teacher"
        ],
        "standard": 1
    },
    "model": "core.classroom",
    "pk": 1
},
{
    "fields": {
        "school": 1,
        "group": 4
    },
    "model": "core.userinfo",
    "pk": 2
},
{
    "fields": {
        "school": 1,
        "group": 2
    },
    "model": "core.userinfo",
    "pk": 3
},
{
    "fields": {
        "school": 1,
        "group": 1
    },
    "model": "core.userinfo",
    "pk": 4
},
{
    "fields": {
        "school": 1,
        "group": 3
    },
    "model": "core.userinfo",
    "pk": 5
},
{
    "fields": {
        "school": 1,
        "group": 4
    },
    "model": "core.userinfo",
    "pk": 6
},
{
    "fields": {
        "admin": [
            "hwcadmin_school_1"
        ],
        "name": "HWCentral QA School",
        "board": 1
    },
    "model": "core.school",
    "pk": 1
},
{
    "fields": {
        "children": [
            [
                "student"
            ]
        ]
    },
    "model": "core.home",
    "pk": 5
}
]
