[
{
    "fields": {
        "username": "hwcadmin_school_1",
        "first_name": "hwcadmin",
        "last_name": "school_1",
        "is_active": true,
        "is_superuser": false,
        "is_staff": false,
        "last_login": null,
        "groups": [],
        "user_permissions": [],
        "password": "pbkdf2_sha256$20000$zyuGv2GFwDjw$IhK40GHPFJ9Ge6aCqACvRvxr1SYyi6H85mGMHvP/UjY=",
        "email": "hwcadmin_school_1@openshiksha.org",
        "date_joined": "2015-10-07T16:40:19Z"
    },
    "model": "auth.user",
    "pk": 2
},
{
    "fields": {
        "username": "hwcadmin_school_2",
        "first_name": "hwcadmin",
        "last_name": "school_2",
        "is_active": true,
        "is_superuser": false,
        "is_staff": false,
        "last_login": null,
        "groups": [],
        "user_permissions": [],
        "password": "pbkdf2_sha256$20000$AU4522WyOK3E$lVqwLrhf2ORI7LnkS+/3b3AXVfdXQtgBsDJFX0gRyJc=",
        "email": "hwcadmin_school_2@openshiksha.org",
        "date_joined": "2016-06-16T13:36:18Z"
    },
    "model": "auth.user",
    "pk": 3
},
    {
        "fields": {
            "username": "openshiksha_teacher",
            "first_name": "open",
            "last_name": "teacher",
            "is_active": true,
            "is_superuser": false,
            "is_staff": false,
            "last_login": null,
            "groups": [],
            "user_permissions": [],
            "password": "pbkdf2_sha256$20000$lsws7zCksI7R$PuZqc4/KiQ6xv/83n3tk5V1lZGR6l6S149r0RSlOgrg=",
            "email": "contact@openshiksha.org",
            "date_joined": "2016-06-16T13:41:22Z"
        },
        "model": "auth.user",
        "pk": 4
    },
    {
        "fields": {
        "school": 1,
        "group": 4
    },
    "model": "core.userinfo",
    "pk": 2
},
    {
        "fields": {
            "school": 2,
            "group": 4
        },
        "model": "core.userinfo",
        "pk": 3
    },
{
    "fields": {
        "school": 2,
        "group": 2
    },
    "model": "core.userinfo",
    "pk": 4
},
    {
        "fields": {
            "secondaryPhone": "",
            "phone": "7057216343",
            "secondaryEmail": "",
            "flagged": false
        },
        "model": "ink.dossier",
        "pk": 2
    },
    {
        "fields": {
            "secondaryPhone": "",
            "phone": "7057216343",
            "secondaryEmail": "",
            "flagged": false
        },
        "model": "ink.dossier",
        "pk": 3
    },
    {
        "fields": {
            "secondaryPhone": "",
            "phone": "7057216343",
            "secondaryEmail": "",
            "flagged": false
        },
        "model": "ink.dossier",
        "pk": 4
    },
    {
        "fields": {
        "admin": [
            "hwcadmin_school_1"
        ],
        "name": "OpenShiksha QA School",
        "board": 1
    },
    "model": "core.school",
        "pk": 1
    },
    {
        "fields": {
            "admin": [
                "hwcadmin_school_2"
            ],
            "name": "OpenShiksha",
            "board": 1
        },
        "model": "core.school",
        "pk": 2
    },
    {
        "fields": {
            "focus": false,
            "pylon": true
        },
        "model": "core.schoolprofile",
        "pk": 1
    },
    {
        "fields": {
            "focus": false,
            "pylon": false
        },
        "model": "core.schoolprofile",
        "pk": 2
    },
    {
        "fields": {
            "students": [],
          "division": "India",
          "school": 2,
          "classTeacher": [
                "openshiksha_teacher"
            ],
          "standard": 1
        },
      "model": "core.classroom",
      "pk": 1
    },
  {
        "fields": {
            "students": [],
          "division": "India",
          "school": 2,
          "classTeacher": [
                "openshiksha_teacher"
            ],
          "standard": 2
        },
    "model": "core.classroom",
    "pk": 2
  },
  {
        "fields": {
            "students": [],
          "division": "India",
          "school": 2,
          "classTeacher": [
                "openshiksha_teacher"
            ],
          "standard": 3
        },
    "model": "core.classroom",
    "pk": 3
  },
  {
        "fields": {
            "students": [],
          "division": "India",
          "school": 2,
          "classTeacher": [
                "openshiksha_teacher"
            ],
          "standard": 4
        },
    "model": "core.classroom",
    "pk": 4
  },
  {
        "fields": {
            "students": [],
          "division": "India",
          "school": 2,
          "classTeacher": [
                "openshiksha_teacher"
            ],
          "standard": 5
        },
    "model": "core.classroom",
    "pk": 5
  },
  {
    "fields": {
      "classRoom": 1,
      "students": [],
      "teacher": [
        "openshiksha_teacher"
      ],
      "subject": 1
    },
    "model": "core.subjectroom",
    "pk": 1
  },
  {
    "fields": {
      "classRoom": 1,
      "students": [],
      "teacher": [
        "openshiksha_teacher"
      ],
      "subject": 2
    },
    "model": "core.subjectroom",
    "pk": 2
  },
  {
    "fields": {
      "classRoom": 1,
      "students": [],
      "teacher": [
        "openshiksha_teacher"
      ],
      "subject": 3
    },
    "model": "core.subjectroom",
    "pk": 3
  },
  {
    "fields": {
      "classRoom": 1,
      "students": [],
      "teacher": [
        "openshiksha_teacher"
      ],
      "subject": 4
    },
    "model": "core.subjectroom",
    "pk": 4
  },
  {
    "fields": {
      "classRoom": 1,
      "students": [],
      "teacher": [
        "openshiksha_teacher"
      ],
      "subject": 5
    },
    "model": "core.subjectroom",
    "pk": 5
  },
  {
    "fields": {
      "classRoom": 2,
      "students": [],
      "teacher": [
        "openshiksha_teacher"
      ],
      "subject": 1
    },
    "model": "core.subjectroom",
    "pk": 6
  },
  {
    "fields": {
      "classRoom": 2,
      "students": [],
      "teacher": [
        "openshiksha_teacher"
      ],
      "subject": 2
    },
    "model": "core.subjectroom",
    "pk": 7
  },
  {
    "fields": {
      "classRoom": 2,
      "students": [],
      "teacher": [
        "openshiksha_teacher"
      ],
      "subject": 3
    },
    "model": "core.subjectroom",
    "pk": 8
  },
  {
    "fields": {
      "classRoom": 2,
      "students": [],
      "teacher": [
        "openshiksha_teacher"
      ],
      "subject": 4
    },
    "model": "core.subjectroom",
    "pk": 9
  },
  {
    "fields": {
      "classRoom": 2,
      "students": [],
      "teacher": [
        "openshiksha_teacher"
      ],
      "subject": 5
    },
    "model": "core.subjectroom",
    "pk": 10
  },
  {
    "fields": {
      "classRoom": 3,
      "students": [],
      "teacher": [
        "openshiksha_teacher"
      ],
      "subject": 1
    },
    "model": "core.subjectroom",
    "pk": 11
  },
  {
    "fields": {
      "classRoom": 3,
      "students": [],
      "teacher": [
        "openshiksha_teacher"
      ],
      "subject": 2
    },
    "model": "core.subjectroom",
    "pk": 12
  },
  {
    "fields": {
      "classRoom": 3,
      "students": [],
      "teacher": [
        "openshiksha_teacher"
      ],
      "subject": 3
    },
    "model": "core.subjectroom",
    "pk": 13
  },
  {
    "fields": {
      "classRoom": 3,
      "students": [],
      "teacher": [
        "openshiksha_teacher"
      ],
      "subject": 4
    },
    "model": "core.subjectroom",
    "pk": 14
  },
  {
    "fields": {
      "classRoom": 3,
      "students": [],
      "teacher": [
        "openshiksha_teacher"
      ],
      "subject": 5
    },
    "model": "core.subjectroom",
    "pk": 15
  },
  {
    "fields": {
      "classRoom": 4,
      "students": [],
      "teacher": [
        "openshiksha_teacher"
      ],
      "subject": 1
    },
    "model": "core.subjectroom",
    "pk": 16
  },
  {
    "fields": {
      "classRoom": 4,
      "students": [],
      "teacher": [
        "openshiksha_teacher"
      ],
      "subject": 2
    },
    "model": "core.subjectroom",
    "pk": 17
  },
  {
    "fields": {
      "classRoom": 4,
      "students": [],
      "teacher": [
        "openshiksha_teacher"
      ],
      "subject": 3
    },
    "model": "core.subjectroom",
    "pk": 18
  },
  {
    "fields": {
      "classRoom": 4,
      "students": [],
      "teacher": [
        "openshiksha_teacher"
      ],
      "subject": 4
    },
    "model": "core.subjectroom",
    "pk": 19
  },
  {
    "fields": {
      "classRoom": 4,
      "students": [],
      "teacher": [
        "openshiksha_teacher"
      ],
      "subject": 5
    },
    "model": "core.subjectroom",
    "pk": 20
  },
  {
    "fields": {
      "classRoom": 5,
      "students": [],
      "teacher": [
        "openshiksha_teacher"
      ],
      "subject": 1
    },
    "model": "core.subjectroom",
    "pk": 21
  },
  {
    "fields": {
      "classRoom": 5,
      "students": [],
      "teacher": [
        "openshiksha_teacher"
      ],
      "subject": 2
    },
    "model": "core.subjectroom",
    "pk": 22
  },
  {
    "fields": {
      "classRoom": 5,
      "students": [],
      "teacher": [
        "openshiksha_teacher"
      ],
      "subject": 3
    },
    "model": "core.subjectroom",
    "pk": 23
  },
  {
    "fields": {
      "classRoom": 5,
      "students": [],
      "teacher": [
        "openshiksha_teacher"
      ],
      "subject": 4
    },
    "model": "core.subjectroom",
    "pk": 24
  },
  {
    "fields": {
      "classRoom": 5,
      "students": [],
      "teacher": [
        "openshiksha_teacher"
      ],
      "subject": 5
    },
    "model": "core.subjectroom",
    "pk": 25
  },
  {
    "fields": {},
    "model": "focus.focusroom",
    "pk": 1
  },
  {
    "fields": {},
    "model": "focus.focusroom",
    "pk": 2
  },
  {
    "fields": {},
    "model": "focus.focusroom",
    "pk": 3
  },
  {
    "fields": {},
    "model": "focus.focusroom",
    "pk": 4
  },
  {
    "fields": {},
    "model": "focus.focusroom",
    "pk": 5
  },
  {
    "fields": {},
    "model": "focus.focusroom",
    "pk": 6
  },
  {
    "fields": {},
    "model": "focus.focusroom",
    "pk": 7
  },
  {
    "fields": {},
    "model": "focus.focusroom",
    "pk": 8
  },
  {
    "fields": {},
    "model": "focus.focusroom",
    "pk": 9
  },
  {
    "fields": {},
    "model": "focus.focusroom",
    "pk": 10
  },
  {
    "fields": {},
    "model": "focus.focusroom",
    "pk": 11
  },
  {
    "fields": {},
    "model": "focus.focusroom",
    "pk": 12
  },
  {
    "fields": {},
    "model": "focus.focusroom",
    "pk": 13
  },
  {
    "fields": {},
    "model": "focus.focusroom",
    "pk": 14
  },
  {
    "fields": {},
    "model": "focus.focusroom",
    "pk": 15
  },
  {
    "fields": {},
    "model": "focus.focusroom",
    "pk": 16
  },
  {
    "fields": {},
    "model": "focus.focusroom",
    "pk": 17
  },
  {
    "fields": {},
    "model": "focus.focusroom",
    "pk": 18
  },
  {
    "fields": {},
    "model": "focus.focusroom",
    "pk": 19
  },
  {
    "fields": {},
    "model": "focus.focusroom",
    "pk": 20
  },
  {
    "fields": {},
    "model": "focus.focusroom",
    "pk": 21
  },
  {
    "fields": {},
    "model": "focus.focusroom",
    "pk": 22
  },
  {
    "fields": {},
    "model": "focus.focusroom",
    "pk": 23
  },
  {
    "fields": {},
    "model": "focus.focusroom",
    "pk": 24
  },
  {
    "fields": {},
    "model": "focus.focusroom",
    "pk": 25
  }
]
